business_date,store_id,category_name,revenue_inr
2024-10-01,S01,Baby Care,36554.0
2024-10-01,S01,Bakery,3135.1
2024-10-01,S01,Beverages,7999.7699999999995
2024-10-01,S01,Bill-level adjustments,-1134.62
2024-10-01,S01,Biscuits & Snacks,1382.73
2024-10-01,S01,Confectionery,5938.9400000000005
2024-10-01,S01,Dairy,20671.99000000001
2024-10-01,S01,Edible Oils,20043.019999999997
2024-10-01,S01,Frozen & Ready to Eat,10835.8
2024-10-01,S01,Fruits & Vegetables,5886.22
2024-10-01,S01,Home Care,5638.44
2024-10-01,S01,Personal Care,6497.57
2024-10-01,S01,Spices & Masala,6763.03
2024-10-01,S01,Staples & Grains,15628.29
2024-10-01,S01,Stationery & General,6739.2
2024-10-01,S02,Baby Care,24764.870000000003
2024-10-01,S02,Bakery,1720.2600000000002
2024-10-01,S02,Beverages,3979.07
2024-10-01,S02,Bill-level adjustments,-933.58
2024-10-01,S02,Biscuits & Snacks,1513.1499999999999
2024-10-01,S02,Confectionery,6374.93
2024-10-01,S02,Dairy,19165.350000000002
2024-10-01,S02,Edible Oils,8363.94
2024-10-01,S02,Frozen & Ready to Eat,1068.02
2024-10-01,S02,Fruits & Vegetables,6107.789999999999
2024-10-01,S02,Home Care,6945.91
2024-10-01,S02,Personal Care,6814.67
2024-10-01,S02,Spices & Masala,2822.3599999999997
2024-10-01,S02,Staples & Grains,15390.22
2024-10-01,S02,Stationery & General,2640.7799999999997
2024-10-01,S03,Baby Care,18949.49
2024-10-01,S03,Bakery,4264.160000000001
2024-10-01,S03,Beverages,3892.56
2024-10-01,S03,Bill-level adjustments,-715.13
2024-10-01,S03,Biscuits & Snacks,1177.2
2024-10-01,S03,Confectionery,3301.0799999999995
2024-10-01,S03,Dairy,10351.060000000001
2024-10-01,S03,Edible Oils,15268.65
2024-10-01,S03,Frozen & Ready to Eat,10697.34
2024-10-01,S03,Fruits & Vegetables,3291.9199999999996
2024-10-01,S03,Home Care,5580.49
2024-10-01,S03,Personal Care,3879.8099999999995
2024-10-01,S03,Spices & Masala,5641.99
2024-10-01,S03,Staples & Grains,14841.950000000003
2024-10-01,S03,Stationery & General,5455.17
2024-10-01,S04,Baby Care,8364.61
2024-10-01,S04,Bakery,895.6800000000001
2024-10-01,S04,Beverages,2486.5600000000004
2024-10-01,S04,Bill-level adjustments,-483.62
2024-10-01,S04,Biscuits & Snacks,1931.6699999999996
2024-10-01,S04,Confectionery,4355.25
2024-10-01,S04,Dairy,6869.86
2024-10-01,S04,Edible Oils,19179.47
2024-10-01,S04,Frozen & Ready to Eat,4919.759999999999
2024-10-01,S04,Fruits & Vegetables,3208.22
2024-10-01,S04,Home Care,7095.17
2024-10-01,S04,Personal Care,10120.610000000002
2024-10-01,S04,Spices & Masala,2763.8199999999997
2024-10-01,S04,Staples & Grains,34003.189999999995
2024-10-01,S04,Stationery & General,2109.75
2024-10-01,S05,Baby Care,9760.57
2024-10-01,S05,Bakery,864.75
2024-10-01,S05,Beverages,2848.2100000000005
2024-10-01,S05,Bill-level adjustments,-813.52
2024-10-01,S05,Biscuits & Snacks,904.51
2024-10-01,S05,Confectionery,2233.8
2024-10-01,S05,Dairy,5310.500000000001
2024-10-01,S05,Edible Oils,1896.61
2024-10-01,S05,Frozen & Ready to Eat,3707.9300000000003
2024-10-01,S05,Fruits & Vegetables,1481.1599999999999
2024-10-01,S05,Home Care,3775.29
2024-10-01,S05,Personal Care,3337.56
2024-10-01,S05,Spices & Masala,2914.96
2024-10-01,S05,Staples & Grains,18027.92
2024-10-01,S05,Stationery & General,4895.54
2024-10-01,S06,Baby Care,18059.030000000002
2024-10-01,S06,Bakery,2329.9399999999996
2024-10-01,S06,Beverages,2781.2
2024-10-01,S06,Bill-level adjustments,-382.05
2024-10-01,S06,Biscuits & Snacks,2577.89
2024-10-01,S06,Confectionery,6719.82
2024-10-01,S06,Dairy,12175.810000000001
2024-10-01,S06,Edible Oils,15229.519999999999
2024-10-01,S06,Frozen & Ready to Eat,6923.84
2024-10-01,S06,Fruits & Vegetables,1948.8799999999999
2024-10-01,S06,Home Care,8732.199999999999
2024-10-01,S06,Personal Care,7856.75
2024-10-01,S06,Spices & Masala,5339.62
2024-10-01,S06,Staples & Grains,9410.380000000001
2024-10-01,S06,Stationery & General,6284.53
2024-10-01,S07,Baby Care,25872.93
2024-10-01,S07,Bakery,2839.9399999999996
2024-10-01,S07,Beverages,4195.7300000000005
2024-10-01,S07,Bill-level adjustments,-718.26
2024-10-01,S07,Biscuits & Snacks,1387.0700000000002
2024-10-01,S07,Confectionery,3192.2599999999998
2024-10-01,S07,Dairy,7032.300000000001
2024-10-01,S07,Edible Oils,32775.74
2024-10-01,S07,Frozen & Ready to Eat,5844.36
2024-10-01,S07,Fruits & Vegetables,4561.370000000001
2024-10-01,S07,Home Care,4540.53
2024-10-01,S07,Personal Care,3342.43
2024-10-01,S07,Spices & Masala,3258.1299999999997
2024-10-01,S07,Staples & Grains,29360.539999999997
2024-10-01,S07,Stationery & General,8155.579999999999
2024-10-01,S08,Baby Care,13979.960000000001
2024-10-01,S08,Bakery,2869.62
2024-10-01,S08,Beverages,2519.9
2024-10-01,S08,Bill-level adjustments,-448.58
2024-10-01,S08,Biscuits & Snacks,1680.5299999999997
2024-10-01,S08,Confectionery,2438.26
2024-10-01,S08,Dairy,4375.39
2024-10-01,S08,Edible Oils,12260.880000000001
2024-10-01,S08,Frozen & Ready to Eat,1869.6000000000001
2024-10-01,S08,Fruits & Vegetables,1238.4999999999998
2024-10-01,S08,Home Care,4228.27
2024-10-01,S08,Personal Care,4793.469999999999
2024-10-01,S08,Spices & Masala,2083.15
2024-10-01,S08,Staples & Grains,19869.64
2024-10-01,S08,Stationery & General,2700.7400000000002
2024-10-01,S09,Baby Care,8232.75
2024-10-01,S09,Bakery,1208.99
2024-10-01,S09,Beverages,2202.1200000000003
2024-10-01,S09,Bill-level adjustments,-335.82
2024-10-01,S09,Biscuits & Snacks,1587.4500000000003
2024-10-01,S09,Confectionery,1166.7199999999998
2024-10-01,S09,Dairy,7840.539999999998
2024-10-01,S09,Edible Oils,12589.59
2024-10-01,S09,Frozen & Ready to Eat,2645.5
2024-10-01,S09,Fruits & Vegetables,1799.9900000000002
2024-10-01,S09,Home Care,-497.01
2024-10-01,S09,Personal Care,6024.549999999999
2024-10-01,S09,Spices & Masala,2846.2099999999996
2024-10-01,S09,Staples & Grains,3397.7299999999996
2024-10-01,S09,Stationery & General,2995.25
2024-10-01,S10,Baby Care,18976.19
2024-10-01,S10,Bakery,2356.08
2024-10-01,S10,Beverages,6282.929999999999
2024-10-01,S10,Bill-level adjustments,-2131.59
2024-10-01,S10,Biscuits & Snacks,1419.71
2024-10-01,S10,Confectionery,3740.6000000000004
2024-10-01,S10,Dairy,11592.039999999999
2024-10-01,S10,Edible Oils,29504.82
2024-10-01,S10,Frozen & Ready to Eat,12383.93
2024-10-01,S10,Fruits & Vegetables,5210.18
2024-10-01,S10,Home Care,12142.97
2024-10-01,S10,Personal Care,8455.96
2024-10-01,S10,Spices & Masala,5168.69
2024-10-01,S10,Staples & Grains,22770.45
2024-10-01,S10,Stationery & General,5798.04
2024-10-01,S11,Baby Care,18232.3
2024-10-01,S11,Bakery,2764.52
2024-10-01,S11,Beverages,4653.4
2024-10-01,S11,Bill-level adjustments,-1220.6499999999999
2024-10-01,S11,Biscuits & Snacks,1492.0300000000002
2024-10-01,S11,Confectionery,1842.02
2024-10-01,S11,Dairy,6238.280000000001
2024-10-01,S11,Edible Oils,13734.85
2024-10-01,S11,Frozen & Ready to Eat,3009.1400000000003
2024-10-01,S11,Fruits & Vegetables,2898.1300000000006
2024-10-01,S11,Home Care,4179.79
2024-10-01,S11,Personal Care,1756.7800000000002
2024-10-01,S11,Spices & Masala,5578.7
2024-10-01,S11,Staples & Grains,16067.829999999998
2024-10-01,S11,Stationery & General,8978.07
2024-10-01,S12,Baby Care,12755.72
2024-10-01,S12,Bakery,2712.31
2024-10-01,S12,Beverages,7341.94
2024-10-01,S12,Bill-level adjustments,-1351.94
2024-10-01,S12,Biscuits & Snacks,1503.35
2024-10-01,S12,Confectionery,1544.6
2024-10-01,S12,Dairy,6402.88
2024-10-01,S12,Edible Oils,26900.890000000003
2024-10-01,S12,Frozen & Ready to Eat,6411.840000000001
2024-10-01,S12,Fruits & Vegetables,2480.34
2024-10-01,S12,Home Care,1700.26
2024-10-01,S12,Personal Care,4617.65
2024-10-01,S12,Spices & Masala,3766.3900000000003
2024-10-01,S12,Staples & Grains,13270.1
2024-10-01,S12,Stationery & General,5867.219999999999
2024-10-02,S01,Baby Care,33292.35
2024-10-02,S01,Bakery,5068.68
2024-10-02,S01,Beverages,10953.140000000001
2024-10-02,S01,Bill-level adjustments,-645.59
2024-10-02,S01,Biscuits & Snacks,1752.77
2024-10-02,S01,Confectionery,4075.1800000000003
2024-10-02,S01,Dairy,10981.2
2024-10-02,S01,Edible Oils,35340.72
2024-10-02,S01,Frozen & Ready to Eat,15648.779999999997
2024-10-02,S01,Fruits & Vegetables,5146.99
2024-10-02,S01,Home Care,6848.94
2024-10-02,S01,Personal Care,14461.29
2024-10-02,S01,Spices & Masala,3934.53
2024-10-02,S01,Staples & Grains,26814.239999999998
2024-10-02,S01,Stationery & General,5572.580000000001
2024-10-02,S02,Baby Care,29308.22
2024-10-02,S02,Bakery,4616.3
2024-10-02,S02,Beverages,4157.0
2024-10-02,S02,Bill-level adjustments,-2268.61
2024-10-02,S02,Biscuits & Snacks,2062.86
2024-10-02,S02,Confectionery,5282.25
2024-10-02,S02,Dairy,13707.69
2024-10-02,S02,Edible Oils,30232.58
2024-10-02,S02,Frozen & Ready to Eat,6638.2300000000005
2024-10-02,S02,Fruits & Vegetables,4172.679999999999
2024-10-02,S02,Home Care,10477.669999999998
2024-10-02,S02,Personal Care,14331.460000000001
2024-10-02,S02,Spices & Masala,5455.54
2024-10-02,S02,Staples & Grains,33106.69
2024-10-02,S02,Stationery & General,4944.99
2024-10-02,S03,Baby Care,18175.3
2024-10-02,S03,Bakery,3453.4900000000007
2024-10-02,S03,Beverages,7506.58
2024-10-02,S03,Bill-level adjustments,-2688.92
2024-10-02,S03,Biscuits & Snacks,2822.18
2024-10-02,S03,Confectionery,5428.81
2024-10-02,S03,Dairy,17961.91
2024-10-02,S03,Edible Oils,32431.939999999995
2024-10-02,S03,Frozen & Ready to Eat,5273.91
2024-10-02,S03,Fruits & Vegetables,2972.2000000000003
2024-10-02,S03,Home Care,13639.579999999998
2024-10-02,S03,Personal Care,9493.39
2024-10-02,S03,Spices & Masala,7622.9
2024-10-02,S03,Staples & Grains,23636.79
2024-10-02,S03,Stationery & General,11424.38
2024-10-02,S04,Baby Care,10933.02
2024-10-02,S04,Bakery,600.88
2024-10-02,S04,Beverages,5792.820000000001
2024-10-02,S04,Bill-level adjustments,-732.5699999999999
2024-10-02,S04,Biscuits & Snacks,587.2
2024-10-02,S04,Confectionery,2712.27
2024-10-02,S04,Dairy,7398.070000000001
2024-10-02,S04,Edible Oils,6496.73
2024-10-02,S04,Frozen & Ready to Eat,3821.5699999999997
2024-10-02,S04,Fruits & Vegetables,3124.87
2024-10-02,S04,Home Care,2777.49
2024-10-02,S04,Personal Care,5225.820000000001
2024-10-02,S04,Spices & Masala,3442.8700000000003
2024-10-02,S04,Staples & Grains,16876.28
2024-10-02,S04,Stationery & General,4184.26
2024-10-02,S05,Baby Care,9262.64
2024-10-02,S05,Bakery,806.5699999999999
2024-10-02,S05,Beverages,2720.26
2024-10-02,S05,Bill-level adjustments,-605.69
2024-10-02,S05,Biscuits & Snacks,1059.64
2024-10-02,S05,Confectionery,1688.78
2024-10-02,S05,Dairy,4372.88
2024-10-02,S05,Edible Oils,12361.380000000001
2024-10-02,S05,Frozen & Ready to Eat,3763.3700000000003
2024-10-02,S05,Fruits & Vegetables,4345.8
2024-10-02,S05,Home Care,6288.23
2024-10-02,S05,Personal Care,2423.92
2024-10-02,S05,Spices & Masala,3220.5299999999997
2024-10-02,S05,Staples & Grains,14703.150000000001
2024-10-02,S05,Stationery & General,5508.23
2024-10-02,S06,Baby Care,21692.690000000002
2024-10-02,S06,Bakery,3255.5299999999997
2024-10-02,S06,Beverages,3548.000000000001
2024-10-02,S06,Bill-level adjustments,-690.3
2024-10-02,S06,Biscuits & Snacks,1609.05
2024-10-02,S06,Confectionery,8033.999999999999
2024-10-02,S06,Dairy,12454.189999999999
2024-10-02,S06,Edible Oils,17994.78
2024-10-02,S06,Frozen & Ready to Eat,10729.260000000002
2024-10-02,S06,Fruits & Vegetables,5901.900000000001
2024-10-02,S06,Home Care,6197.32
2024-10-02,S06,Personal Care,11035.579999999998
2024-10-02,S06,Spices & Masala,5690.83
2024-10-02,S06,Staples & Grains,35141.159999999996
2024-10-02,S06,Stationery & General,7523.860000000001
2024-10-02,S07,Baby Care,9655.18
2024-10-02,S07,Bakery,1049.1
2024-10-02,S07,Beverages,3369.94
2024-10-02,S07,Bill-level adjustments,-1211.0700000000002
2024-10-02,S07,Biscuits & Snacks,1527.2200000000003
2024-10-02,S07,Confectionery,2912.6400000000003
2024-10-02,S07,Dairy,10311.599999999999
2024-10-02,S07,Edible Oils,19520.72
2024-10-02,S07,Frozen & Ready to Eat,2151.69
2024-10-02,S07,Fruits & Vegetables,-0.8000000000000114
2024-10-02,S07,Home Care,5116.91
2024-10-02,S07,Personal Care,5812.33
2024-10-02,S07,Spices & Masala,1932.8799999999999
2024-10-02,S07,Staples & Grains,4.960000000000264
2024-10-02,S07,Stationery & General,2806.9
2024-10-02,S08,Baby Care,22485.29
2024-10-02,S08,Bakery,2888.8
2024-10-02,S08,Beverages,9648.82
2024-10-02,S08,Bill-level adjustments,-1044.39
2024-10-02,S08,Biscuits & Snacks,1987.23
2024-10-02,S08,Confectionery,3063.28
2024-10-02,S08,Dairy,6326.349999999999
2024-10-02,S08,Edible Oils,18482.78
2024-10-02,S08,Frozen & Ready to Eat,8415.98
2024-10-02,S08,Fruits & Vegetables,2101.67
2024-10-02,S08,Home Care,3280.1500000000005
2024-10-02,S08,Personal Care,9647.950000000003
2024-10-02,S08,Spices & Masala,7326.77
2024-10-02,S08,Staples & Grains,19689.09
2024-10-02,S08,Stationery & General,1266.82
2024-10-02,S09,Baby Care,11014.87
2024-10-02,S09,Bakery,1380.13
2024-10-02,S09,Beverages,1112.5900000000001
2024-10-02,S09,Bill-level adjustments,-818.98
2024-10-02,S09,Biscuits & Snacks,1138.71
2024-10-02,S09,Confectionery,2844.9
2024-10-02,S09,Dairy,5715.349999999999
2024-10-02,S09,Edible Oils,16160.159999999998
2024-10-02,S09,Frozen & Ready to Eat,1624.93
2024-10-02,S09,Fruits & Vegetables,3703.83
2024-10-02,S09,Home Care,8784.270000000002
2024-10-02,S09,Personal Care,9398.59
2024-10-02,S09,Spices & Masala,1050.54
2024-10-02,S09,Staples & Grains,6369.12
2024-10-02,S09,Stationery & General,3207.6099999999997
2024-10-02,S10,Baby Care,22053.309999999998
2024-10-02,S10,Bakery,4477.200000000001
2024-10-02,S10,Beverages,4882.030000000001
2024-10-02,S10,Bill-level adjustments,-1511.53
2024-10-02,S10,Biscuits & Snacks,2060.04
2024-10-02,S10,Confectionery,2978.1800000000003
2024-10-02,S10,Dairy,7878.440000000001
2024-10-02,S10,Edible Oils,20397.71
2024-10-02,S10,Frozen & Ready to Eat,8249.62
2024-10-02,S10,Fruits & Vegetables,4741.459999999999
2024-10-02,S10,Home Care,6199.63
2024-10-02,S10,Personal Care,14137.470000000001
2024-10-02,S10,Spices & Masala,2657.84
2024-10-02,S10,Staples & Grains,23138.299999999996
2024-10-02,S10,Stationery & General,6865.11
2024-10-02,S11,Baby Care,19125.420000000002
2024-10-02,S11,Bakery,3802.05
2024-10-02,S11,Beverages,6356.2300000000005
2024-10-02,S11,Bill-level adjustments,-1572.38
2024-10-02,S11,Biscuits & Snacks,1378.56
2024-10-02,S11,Confectionery,4391.89
2024-10-02,S11,Dairy,7204.070000000001
2024-10-02,S11,Edible Oils,17570.149999999998
2024-10-02,S11,Frozen & Ready to Eat,5667.9400000000005
2024-10-02,S11,Fruits & Vegetables,3546.1499999999996
2024-10-02,S11,Home Care,6997.51
2024-10-02,S11,Personal Care,3698.5299999999997
2024-10-02,S11,Spices & Masala,2460.6000000000004
2024-10-02,S11,Staples & Grains,15354.589999999998
2024-10-02,S11,Stationery & General,3548.61
2024-10-02,S12,Baby Care,27196.68
2024-10-02,S12,Bakery,2008.45
2024-10-02,S12,Beverages,2224.33
2024-10-02,S12,Bill-level adjustments,-401.59
2024-10-02,S12,Biscuits & Snacks,1203.4399999999998
2024-10-02,S12,Confectionery,3496.42
2024-10-02,S12,Dairy,2984.37
2024-10-02,S12,Edible Oils,23955.059999999998
2024-10-02,S12,Frozen & Ready to Eat,7626.009999999998
2024-10-02,S12,Fruits & Vegetables,1844.95
2024-10-02,S12,Home Care,2112.3
2024-10-02,S12,Personal Care,6750.33
2024-10-02,S12,Spices & Masala,1602.71
2024-10-02,S12,Staples & Grains,16584.050000000003
2024-10-02,S12,Stationery & General,3514.58
2024-10-03,S01,Baby Care,27547.13
2024-10-03,S01,Bakery,4552.85
2024-10-03,S01,Beverages,11931.58
2024-10-03,S01,Bill-level adjustments,-1444.4099999999999
2024-10-03,S01,Biscuits & Snacks,2075.8700000000003
2024-10-03,S01,Confectionery,5635.780000000001
2024-10-03,S01,Dairy,5349.64
2024-10-03,S01,Edible Oils,17280.710000000003
2024-10-03,S01,Frozen & Ready to Eat,8851.0
2024-10-03,S01,Fruits & Vegetables,5129.789999999999
2024-10-03,S01,Home Care,9313.59
2024-10-03,S01,Personal Care,14165.779999999999
2024-10-03,S01,Spices & Masala,6671.83
2024-10-03,S01,Staples & Grains,22815.0
2024-10-03,S01,Stationery & General,4974.4800000000005
2024-10-03,S02,Baby Care,24395.63
2024-10-03,S02,Bakery,1664.5900000000001
2024-10-03,S02,Beverages,4772.53
2024-10-03,S02,Bill-level adjustments,-1727.2599999999998
2024-10-03,S02,Biscuits & Snacks,979.27
2024-10-03,S02,Confectionery,3235.73
2024-10-03,S02,Dairy,14005.919999999998
2024-10-03,S02,Edible Oils,31977.320000000003
2024-10-03,S02,Frozen & Ready to Eat,11101.789999999999
2024-10-03,S02,Fruits & Vegetables,3414.06
2024-10-03,S02,Home Care,7925.7699999999995
2024-10-03,S02,Personal Care,10343.98
2024-10-03,S02,Spices & Masala,1395.69
2024-10-03,S02,Staples & Grains,39996.35999999999
2024-10-03,S02,Stationery & General,4212.55
2024-10-03,S03,Baby Care,40054.04
2024-10-03,S03,Bakery,4035.919999999999
2024-10-03,S03,Beverages,6286.91
2024-10-03,S03,Bill-level adjustments,-1100.5
2024-10-03,S03,Biscuits & Snacks,3592.1099999999997
2024-10-03,S03,Confectionery,8402.9
2024-10-03,S03,Dairy,11790.12
2024-10-03,S03,Edible Oils,26725.219999999998
2024-10-03,S03,Frozen & Ready to Eat,13467.35
2024-10-03,S03,Fruits & Vegetables,5093.500000000001
2024-10-03,S03,Home Care,8143.700000000001
2024-10-03,S03,Personal Care,12282.2
2024-10-03,S03,Spices & Masala,5044.759999999999
2024-10-03,S03,Staples & Grains,24570.179999999997
2024-10-03,S03,Stationery & General,9178.800000000001
2024-10-03,S04,Baby Care,8470.300000000003
2024-10-03,S04,Bakery,1617.0900000000001
2024-10-03,S04,Beverages,5024.990000000001
2024-10-03,S04,Bill-level adjustments,-1482.99
2024-10-03,S04,Biscuits & Snacks,2019.2499999999998
2024-10-03,S04,Confectionery,1096.35
2024-10-03,S04,Dairy,6141.570000000001
2024-10-03,S04,Edible Oils,19510.96
2024-10-03,S04,Frozen & Ready to Eat,2728.93
2024-10-03,S04,Fruits & Vegetables,3879.2
2024-10-03,S04,Home Care,2553.8700000000003
2024-10-03,S04,Personal Care,7627.18
2024-10-03,S04,Spices & Masala,2513.360000000001
2024-10-03,S04,Staples & Grains,28818.82
2024-10-03,S04,Stationery & General,7653.32
2024-10-03,S05,Baby Care,17793.75
2024-10-03,S05,Bakery,3876.1099999999997
2024-10-03,S05,Beverages,2538.18
2024-10-03,S05,Bill-level adjustments,-1279.4599999999998
2024-10-03,S05,Biscuits & Snacks,1571.9
2024-10-03,S05,Confectionery,3589.65
2024-10-03,S05,Dairy,6784.58
2024-10-03,S05,Edible Oils,22914.520000000004
2024-10-03,S05,Frozen & Ready to Eat,5137.93
2024-10-03,S05,Fruits & Vegetables,1286.3500000000001
2024-10-03,S05,Home Care,4560.01
2024-10-03,S05,Personal Care,12470.58
2024-10-03,S05,Spices & Masala,8004.2
2024-10-03,S05,Staples & Grains,24129.65
2024-10-03,S05,Stationery & General,7496.0599999999995
2024-10-03,S06,Baby Care,23698.469999999998
2024-10-03,S06,Bakery,2145.16
2024-10-03,S06,Beverages,7157.909999999999
2024-10-03,S06,Bill-level adjustments,-1123.99
2024-10-03,S06,Biscuits & Snacks,2350.0000000000005
2024-10-03,S06,Confectionery,3516.12
2024-10-03,S06,Dairy,9092.960000000001
2024-10-03,S06,Edible Oils,29460.85
2024-10-03,S06,Frozen & Ready to Eat,9764.07
2024-10-03,S06,Fruits & Vegetables,3577.01
2024-10-03,S06,Home Care,6792.459999999999
2024-10-03,S06,Personal Care,7636.74
2024-10-03,S06,Spices & Masala,4822.89
2024-10-03,S06,Staples & Grains,5321.57
2024-10-03,S06,Stationery & General,7098.8200000000015
2024-10-03,S07,Baby Care,20747.72
2024-10-03,S07,Bakery,992.52
2024-10-03,S07,Beverages,6364.33
2024-10-03,S07,Bill-level adjustments,-1066.03
2024-10-03,S07,Biscuits & Snacks,1631.19
2024-10-03,S07,Confectionery,2404.96
2024-10-03,S07,Dairy,7477.759999999999
2024-10-03,S07,Edible Oils,22635.2
2024-10-03,S07,Frozen & Ready to Eat,5447.099999999999
2024-10-03,S07,Fruits & Vegetables,3966.859999999999
2024-10-03,S07,Home Care,3698.21
2024-10-03,S07,Personal Care,11265.77
2024-10-03,S07,Spices & Masala,3457.1600000000003
2024-10-03,S07,Staples & Grains,17581.44
2024-10-03,S07,Stationery & General,5282.109999999999
2024-10-03,S08,Baby Care,17000.67
2024-10-03,S08,Bakery,3201.9
2024-10-03,S08,Beverages,2582.1099999999997
2024-10-03,S08,Bill-level adjustments,-212.7
2024-10-03,S08,Biscuits & Snacks,2276.03
2024-10-03,S08,Confectionery,1462.94
2024-10-03,S08,Dairy,6213.329999999999
2024-10-03,S08,Edible Oils,9824.31
2024-10-03,S08,Frozen & Ready to Eat,8698.07
2024-10-03,S08,Fruits & Vegetables,1664.86
2024-10-03,S08,Home Care,1948.99
2024-10-03,S08,Personal Care,3688.8900000000003
2024-10-03,S08,Spices & Masala,1811.65
2024-10-03,S08,Staples & Grains,25781.200000000004
2024-10-03,S08,Stationery & General,4376.120000000001
2024-10-03,S09,Baby Care,5866.170000000001
2024-10-03,S09,Bakery,1944.6599999999999
2024-10-03,S09,Beverages,3169.77
2024-10-03,S09,Bill-level adjustments,-659.96
2024-10-03,S09,Biscuits & Snacks,1186.01
2024-10-03,S09,Confectionery,3295.05
2024-10-03,S09,Dairy,2539.68
2024-10-03,S09,Edible Oils,-3005.290000000001
2024-10-03,S09,Frozen & Ready to Eat,1413.21
2024-10-03,S09,Fruits & Vegetables,1072.9899999999998
2024-10-03,S09,Home Care,5332.959999999999
2024-10-03,S09,Personal Care,2683.77
2024-10-03,S09,Spices & Masala,3035.69
2024-10-03,S09,Staples & Grains,5892.15
2024-10-03,S09,Stationery & General,1987.8000000000002
2024-10-03,S10,Baby Care,34106.92
2024-10-03,S10,Bakery,6402.580000000001
2024-10-03,S10,Beverages,5701.17
2024-10-03,S10,Bill-level adjustments,-2498.21
2024-10-03,S10,Biscuits & Snacks,2218.55
2024-10-03,S10,Confectionery,9029.91
2024-10-03,S10,Dairy,10888.67
2024-10-03,S10,Edible Oils,24637.840000000004
2024-10-03,S10,Frozen & Ready to Eat,15532.640000000001
2024-10-03,S10,Fruits & Vegetables,2308.88
2024-10-03,S10,Home Care,5646.9
2024-10-03,S10,Personal Care,13133.999999999998
2024-10-03,S10,Spices & Masala,4192.22
2024-10-03,S10,Staples & Grains,22473.220000000005
2024-10-03,S10,Stationery & General,9417.339999999998
2024-10-03,S11,Baby Care,8950.64
2024-10-03,S11,Bakery,1037.8799999999999
2024-10-03,S11,Beverages,6375.51
2024-10-03,S11,Bill-level adjustments,-668.14
2024-10-03,S11,Biscuits & Snacks,715.51
2024-10-03,S11,Confectionery,2221.87
2024-10-03,S11,Dairy,2692.79
2024-10-03,S11,Edible Oils,10743.960000000001
2024-10-03,S11,Frozen & Ready to Eat,10480.959999999997
2024-10-03,S11,Fruits & Vegetables,3615.61
2024-10-03,S11,Home Care,4265.29
2024-10-03,S11,Personal Care,2628.7200000000003
2024-10-03,S11,Spices & Masala,5623.42
2024-10-03,S11,Staples & Grains,15280.570000000002
2024-10-03,S11,Stationery & General,8088.62
2024-10-03,S12,Baby Care,29517.559999999998
2024-10-03,S12,Bakery,6002.7199999999975
2024-10-03,S12,Beverages,12710.660000000002
2024-10-03,S12,Bill-level adjustments,-1807.85
2024-10-03,S12,Biscuits & Snacks,1927.3600000000001
2024-10-03,S12,Confectionery,3429.6600000000008
2024-10-03,S12,Dairy,10129.859999999997
2024-10-03,S12,Edible Oils,27383.760000000002
2024-10-03,S12,Frozen & Ready to Eat,8270.009999999998
2024-10-03,S12,Fruits & Vegetables,3309.2200000000003
2024-10-03,S12,Home Care,3422.22
2024-10-03,S12,Personal Care,7366.450000000001
2024-10-03,S12,Spices & Masala,3147.1499999999996
2024-10-03,S12,Staples & Grains,26695.85
2024-10-03,S12,Stationery & General,8300.39
2024-10-04,S01,Baby Care,46897.18000000001
2024-10-04,S01,Bakery,3911.2700000000004
2024-10-04,S01,Beverages,16616.44
2024-10-04,S01,Bill-level adjustments,-2657.86
2024-10-04,S01,Biscuits & Snacks,2029.54
2024-10-04,S01,Confectionery,10053.47
2024-10-04,S01,Dairy,14264.76
2024-10-04,S01,Edible Oils,35738.63
2024-10-04,S01,Frozen & Ready to Eat,10287.769999999999
2024-10-04,S01,Fruits & Vegetables,6340.280000000001
2024-10-04,S01,Home Care,9986.210000000001
2024-10-04,S01,Personal Care,15113.640000000001
2024-10-04,S01,Spices & Masala,7505.76
2024-10-04,S01,Staples & Grains,63736.42000000002
2024-10-04,S01,Stationery & General,9525.83
2024-10-04,S02,Baby Care,34863.26000000001
2024-10-04,S02,Bakery,3426.79
2024-10-04,S02,Beverages,6786.8
2024-10-04,S02,Bill-level adjustments,-1730.23
2024-10-04,S02,Biscuits & Snacks,2690.92
2024-10-04,S02,Confectionery,2777.7999999999997
2024-10-04,S02,Dairy,22984.75
2024-10-04,S02,Edible Oils,23103.109999999997
2024-10-04,S02,Frozen & Ready to Eat,3771.1800000000003
2024-10-04,S02,Fruits & Vegetables,3686.0499999999997
2024-10-04,S02,Home Care,9513.509999999998
2024-10-04,S02,Personal Care,12058.380000000001
2024-10-04,S02,Spices & Masala,10669.299999999997
2024-10-04,S02,Staples & Grains,34291.87
2024-10-04,S02,Stationery & General,5037.56
2024-10-04,S03,Baby Care,22356.86
2024-10-04,S03,Bakery,6194.45
2024-10-04,S03,Beverages,9029.91
2024-10-04,S03,Bill-level adjustments,-637.3900000000001
2024-10-04,S03,Biscuits & Snacks,1868.6500000000003
2024-10-04,S03,Confectionery,7447.909999999999
2024-10-04,S03,Dairy,14245.410000000002
2024-10-04,S03,Edible Oils,45772.369999999995
2024-10-04,S03,Frozen & Ready to Eat,14953.089999999998
2024-10-04,S03,Fruits & Vegetables,5570.370000000001
2024-10-04,S03,Home Care,8180.64
2024-10-04,S03,Personal Care,18956.690000000002
2024-10-04,S03,Spices & Masala,2103.13
2024-10-04,S03,Staples & Grains,35790.19
2024-10-04,S03,Stationery & General,9784.32
2024-10-04,S04,Baby Care,19399.300000000003
2024-10-04,S04,Bakery,3562.9999999999995
2024-10-04,S04,Beverages,5635.92
2024-10-04,S04,Bill-level adjustments,-517.0600000000001
2024-10-04,S04,Biscuits & Snacks,2325.44
2024-10-04,S04,Confectionery,8876.019999999999
2024-10-04,S04,Dairy,10747.320000000002
2024-10-04,S04,Edible Oils,19220.93
2024-10-04,S04,Frozen & Ready to Eat,7043.120000000001
2024-10-04,S04,Fruits & Vegetables,4310.13
2024-10-04,S04,Home Care,3426.0099999999998
2024-10-04,S04,Personal Care,7822.87
2024-10-04,S04,Spices & Masala,2865.6200000000003
2024-10-04,S04,Staples & Grains,10527.01
2024-10-04,S04,Stationery & General,5776.430000000001
2024-10-04,S05,Baby Care,29959.45
2024-10-04,S05,Bakery,3798.63
2024-10-04,S05,Beverages,8972.66
2024-10-04,S05,Bill-level adjustments,-396.03999999999996
2024-10-04,S05,Biscuits & Snacks,2379.4700000000003
2024-10-04,S05,Confectionery,3864.5499999999997
2024-10-04,S05,Dairy,11907.900000000001
2024-10-04,S05,Edible Oils,12830.93
2024-10-04,S05,Frozen & Ready to Eat,9045.1
2024-10-04,S05,Fruits & Vegetables,6919.630000000001
2024-10-04,S05,Home Care,11001.4
2024-10-04,S05,Personal Care,5249.31
2024-10-04,S05,Spices & Masala,2759.9700000000003
2024-10-04,S05,Staples & Grains,26560.11
2024-10-04,S05,Stationery & General,7775.119999999999
2024-10-04,S06,Baby Care,30441.760000000006
2024-10-04,S06,Bakery,2727.88
2024-10-04,S06,Beverages,8116.700000000002
2024-10-04,S06,Bill-level adjustments,-652.3
2024-10-04,S06,Biscuits & Snacks,3786.6099999999997
2024-10-04,S06,Confectionery,6868.419999999999
2024-10-04,S06,Dairy,16577.76
2024-10-04,S06,Edible Oils,24060.23
2024-10-04,S06,Frozen & Ready to Eat,9603.890000000001
2024-10-04,S06,Fruits & Vegetables,5887.379999999999
2024-10-04,S06,Home Care,9424.47
2024-10-04,S06,Personal Care,12968.810000000003
2024-10-04,S06,Spices & Masala,5389.630000000001
2024-10-04,S06,Staples & Grains,25477.009999999995
2024-10-04,S06,Stationery & General,11733.970000000003
2024-10-04,S07,Baby Care,11250.619999999999
2024-10-04,S07,Bakery,1675.43
2024-10-04,S07,Beverages,7524.43
2024-10-04,S07,Bill-level adjustments,-877.0
2024-10-04,S07,Biscuits & Snacks,1714.1099999999997
2024-10-04,S07,Confectionery,2543.8
2024-10-04,S07,Dairy,5881.46
2024-10-04,S07,Edible Oils,13666.380000000003
2024-10-04,S07,Frozen & Ready to Eat,2503.0899999999997
2024-10-04,S07,Fruits & Vegetables,6066.7300000000005
2024-10-04,S07,Home Care,6807.4400000000005
2024-10-04,S07,Personal Care,4960.64
2024-10-04,S07,Spices & Masala,3186.88
2024-10-04,S07,Staples & Grains,10897.5
2024-10-04,S07,Stationery & General,10599.38
2024-10-04,S08,Baby Care,18667.780000000002
2024-10-04,S08,Bakery,4425.54
2024-10-04,S08,Beverages,4436.950000000001
2024-10-04,S08,Bill-level adjustments,-642.3399999999999
2024-10-04,S08,Biscuits & Snacks,2656.5499999999997
2024-10-04,S08,Confectionery,6058.359999999999
2024-10-04,S08,Dairy,9442.01
2024-10-04,S08,Edible Oils,20088.420000000002
2024-10-04,S08,Frozen & Ready to Eat,6990.860000000001
2024-10-04,S08,Fruits & Vegetables,5172.15
2024-10-04,S08,Home Care,3472.1000000000004
2024-10-04,S08,Personal Care,8521.410000000002
2024-10-04,S08,Spices & Masala,5054.259999999999
2024-10-04,S08,Staples & Grains,8130.9
2024-10-04,S08,Stationery & General,1017.39
2024-10-04,S09,Baby Care,42761.61
2024-10-04,S09,Bakery,2861.3300000000004
2024-10-04,S09,Beverages,5913.599999999999
2024-10-04,S09,Bill-level adjustments,-2699.94
2024-10-04,S09,Biscuits & Snacks,991.5
2024-10-04,S09,Confectionery,4792.610000000001
2024-10-04,S09,Dairy,7413.26
2024-10-04,S09,Edible Oils,32269.42000000001
2024-10-04,S09,Frozen & Ready to Eat,12923.85
2024-10-04,S09,Fruits & Vegetables,3105.0399999999995
2024-10-04,S09,Home Care,10024.57
2024-10-04,S09,Personal Care,2491.79
2024-10-04,S09,Spices & Masala,1879.77
2024-10-04,S09,Staples & Grains,6085.259999999999
2024-10-04,S09,Stationery & General,8593.26
2024-10-04,S10,Baby Care,38745.979999999996
2024-10-04,S10,Bakery,4241.290000000001
2024-10-04,S10,Beverages,6959.62
2024-10-04,S10,Bill-level adjustments,-2372.6099999999997
2024-10-04,S10,Biscuits & Snacks,2796.3499999999995
2024-10-04,S10,Confectionery,4506.490000000001
2024-10-04,S10,Dairy,12082.359999999999
2024-10-04,S10,Edible Oils,19770.75
2024-10-04,S10,Frozen & Ready to Eat,9199.71
2024-10-04,S10,Fruits & Vegetables,4036.2000000000003
2024-10-04,S10,Home Care,12786.140000000001
2024-10-04,S10,Personal Care,13410.730000000001
2024-10-04,S10,Spices & Masala,5043.570000000001
2024-10-04,S10,Staples & Grains,30267.770000000004
2024-10-04,S10,Stationery & General,11995.879999999997
2024-10-04,S11,Baby Care,37941.68
2024-10-04,S11,Bakery,2628.92
2024-10-04,S11,Beverages,5264.53
2024-10-04,S11,Bill-level adjustments,-1163.57
2024-10-04,S11,Biscuits & Snacks,1215.4199999999998
2024-10-04,S11,Confectionery,3137.47
2024-10-04,S11,Dairy,10397.599999999999
2024-10-04,S11,Edible Oils,7531.29
2024-10-04,S11,Frozen & Ready to Eat,7091.009999999999
2024-10-04,S11,Fruits & Vegetables,1814.41
2024-10-04,S11,Home Care,7988.73
2024-10-04,S11,Personal Care,5867.0
2024-10-04,S11,Spices & Masala,5281.150000000001
2024-10-04,S11,Staples & Grains,17907.350000000002
2024-10-04,S11,Stationery & General,5257.43
2024-10-04,S12,Baby Care,31021.94
2024-10-04,S12,Bakery,2091.01
2024-10-04,S12,Beverages,4002.2100000000005
2024-10-04,S12,Bill-level adjustments,-1361.39
2024-10-04,S12,Biscuits & Snacks,1558.27
2024-10-04,S12,Confectionery,3474.65
2024-10-04,S12,Dairy,11073.61
2024-10-04,S12,Edible Oils,32352.379999999997
2024-10-04,S12,Frozen & Ready to Eat,11760.58
2024-10-04,S12,Fruits & Vegetables,5375.5199999999995
2024-10-04,S12,Home Care,7540.459999999999
2024-10-04,S12,Personal Care,9743.84
2024-10-04,S12,Spices & Masala,6911.93
2024-10-04,S12,Staples & Grains,20073.07
2024-10-04,S12,Stationery & General,11387.44
2024-10-05,S01,Baby Care,48440.71000000002
2024-10-05,S01,Bakery,7978.05
2024-10-05,S01,Beverages,7002.870000000001
2024-10-05,S01,Bill-level adjustments,-2185.92
2024-10-05,S01,Biscuits & Snacks,3674.809999999999
2024-10-05,S01,Confectionery,13274.620000000003
2024-10-05,S01,Dairy,12734.369999999999
2024-10-05,S01,Edible Oils,48690.91
2024-10-05,S01,Frozen & Ready to Eat,16399.27
2024-10-05,S01,Fruits & Vegetables,5035.05
2024-10-05,S01,Home Care,17036.670000000002
2024-10-05,S01,Personal Care,17117.050000000003
2024-10-05,S01,Spices & Masala,7356.79
2024-10-05,S01,Staples & Grains,63629.289999999986
2024-10-05,S01,Stationery & General,13588.130000000001
2024-10-05,S02,Baby Care,25593.860000000004
2024-10-05,S02,Bakery,6241.090000000001
2024-10-05,S02,Beverages,9611.38
2024-10-05,S02,Bill-level adjustments,-1504.28
2024-10-05,S02,Biscuits & Snacks,2543.86
2024-10-05,S02,Confectionery,8160.069999999999
2024-10-05,S02,Dairy,26278.890000000007
2024-10-05,S02,Edible Oils,42335.39
2024-10-05,S02,Frozen & Ready to Eat,16924.17
2024-10-05,S02,Fruits & Vegetables,7737.259999999999
2024-10-05,S02,Home Care,6975.330000000001
2024-10-05,S02,Personal Care,12670.41
2024-10-05,S02,Spices & Masala,7803.069999999998
2024-10-05,S02,Staples & Grains,14163.970000000001
2024-10-05,S02,Stationery & General,13367.810000000001
2024-10-05,S03,Baby Care,48372.630000000005
2024-10-05,S03,Bakery,10162.219999999996
2024-10-05,S03,Beverages,10736.590000000002
2024-10-05,S03,Bill-level adjustments,-4419.110000000001
2024-10-05,S03,Biscuits & Snacks,4528.03
2024-10-05,S03,Confectionery,9835.73
2024-10-05,S03,Dairy,19561.16
2024-10-05,S03,Edible Oils,45608.590000000004
2024-10-05,S03,Frozen & Ready to Eat,20258.47
2024-10-05,S03,Fruits & Vegetables,7766.150000000001
2024-10-05,S03,Home Care,11494.1
2024-10-05,S03,Personal Care,9460.36
2024-10-05,S03,Spices & Masala,9804.710000000001
2024-10-05,S03,Staples & Grains,68782.95999999999
2024-10-05,S03,Stationery & General,9311.199999999999
2024-10-05,S04,Baby Care,31273.36
2024-10-05,S04,Bakery,4730.469999999999
2024-10-05,S04,Beverages,10270.759999999997
2024-10-05,S04,Bill-level adjustments,-2103.0
2024-10-05,S04,Biscuits & Snacks,1999.4199999999998
2024-10-05,S04,Confectionery,6644.07
2024-10-05,S04,Dairy,15091.600000000002
2024-10-05,S04,Edible Oils,29193.35
2024-10-05,S04,Frozen & Ready to Eat,6770.410000000002
2024-10-05,S04,Fruits & Vegetables,5233.12
2024-10-05,S04,Home Care,6514.3
2024-10-05,S04,Personal Care,10131.52
2024-10-05,S04,Spices & Masala,4856.77
2024-10-05,S04,Staples & Grains,47472.65
2024-10-05,S04,Stationery & General,9523.67
2024-10-05,S05,Baby Care,10880.699999999999
2024-10-05,S05,Bakery,1311.19
2024-10-05,S05,Beverages,4241.8
2024-10-05,S05,Bill-level adjustments,-218.13
2024-10-05,S05,Biscuits & Snacks,1866.07
2024-10-05,S05,Confectionery,5310.38
2024-10-05,S05,Dairy,6840.080000000002
2024-10-05,S05,Edible Oils,14280.529999999999
2024-10-05,S05,Frozen & Ready to Eat,6721.460000000001
2024-10-05,S05,Fruits & Vegetables,1652.8199999999997
2024-10-05,S05,Home Care,4288.619999999999
2024-10-05,S05,Personal Care,5796.2300000000005
2024-10-05,S05,Spices & Masala,4107.57
2024-10-05,S05,Staples & Grains,21472.03
2024-10-05,S05,Stationery & General,3173.74
2024-10-05,S06,Baby Care,41246.759999999995
2024-10-05,S06,Bakery,6399.0700000000015
2024-10-05,S06,Beverages,14345.59
2024-10-05,S06,Bill-level adjustments,-1773.74
2024-10-05,S06,Biscuits & Snacks,3873.23
2024-10-05,S06,Confectionery,3950.7300000000005
2024-10-05,S06,Dairy,16565.480000000003
2024-10-05,S06,Edible Oils,46480.06000000001
2024-10-05,S06,Frozen & Ready to Eat,11224.15
2024-10-05,S06,Fruits & Vegetables,7150.610000000002
2024-10-05,S06,Home Care,5596.02
2024-10-05,S06,Personal Care,20021.14
2024-10-05,S06,Spices & Masala,15193.21
2024-10-05,S06,Staples & Grains,60524.73999999999
2024-10-05,S06,Stationery & General,17259.470000000005
2024-10-05,S07,Baby Care,28575.699999999997
2024-10-05,S07,Bakery,3769.7000000000007
2024-10-05,S07,Beverages,8291.93
2024-10-05,S07,Bill-level adjustments,-1858.97
2024-10-05,S07,Biscuits & Snacks,1087.8600000000001
2024-10-05,S07,Confectionery,8739.640000000001
2024-10-05,S07,Dairy,15787.409999999998
2024-10-05,S07,Edible Oils,24993.56
2024-10-05,S07,Frozen & Ready to Eat,10645.07
2024-10-05,S07,Fruits & Vegetables,4802.68
2024-10-05,S07,Home Care,11489.48
2024-10-05,S07,Personal Care,12345.390000000001
2024-10-05,S07,Spices & Masala,4046.68
2024-10-05,S07,Staples & Grains,34429.92
2024-10-05,S07,Stationery & General,5832.610000000001
2024-10-05,S08,Baby Care,21205.22
2024-10-05,S08,Bakery,2886.53
2024-10-05,S08,Beverages,11323.15
2024-10-05,S08,Bill-level adjustments,-1007.46
2024-10-05,S08,Biscuits & Snacks,1815.89
2024-10-05,S08,Confectionery,6469.2300000000005
2024-10-05,S08,Dairy,13788.93
2024-10-05,S08,Edible Oils,9416.170000000002
2024-10-05,S08,Frozen & Ready to Eat,7137.94
2024-10-05,S08,Fruits & Vegetables,4046.2200000000003
2024-10-05,S08,Home Care,7102.91
2024-10-05,S08,Personal Care,18332.8
2024-10-05,S08,Spices & Masala,6282.4800000000005
2024-10-05,S08,Staples & Grains,22842.1
2024-10-05,S08,Stationery & General,7852.420000000001
2024-10-05,S09,Baby Care,36793.14000000001
2024-10-05,S09,Bakery,3531.8600000000006
2024-10-05,S09,Beverages,5349.19
2024-10-05,S09,Bill-level adjustments,-1264.99
2024-10-05,S09,Biscuits & Snacks,2057.08
2024-10-05,S09,Confectionery,3476.92
2024-10-05,S09,Dairy,9145.130000000001
2024-10-05,S09,Edible Oils,21150.1
2024-10-05,S09,Frozen & Ready to Eat,8331.85
2024-10-05,S09,Fruits & Vegetables,4605.21
2024-10-05,S09,Home Care,5634.41
2024-10-05,S09,Personal Care,3981.18
2024-10-05,S09,Spices & Masala,4041.0699999999997
2024-10-05,S09,Staples & Grains,45584.44999999999
2024-10-05,S09,Stationery & General,8670.64
2024-10-05,S10,Baby Care,51522.98000000001
2024-10-05,S10,Bakery,9136.250000000002
2024-10-05,S10,Beverages,7755.110000000001
2024-10-05,S10,Bill-level adjustments,-1327.22
2024-10-05,S10,Biscuits & Snacks,2925.89
2024-10-05,S10,Confectionery,9302.45
2024-10-05,S10,Dairy,25374.74
2024-10-05,S10,Edible Oils,39320.4
2024-10-05,S10,Frozen & Ready to Eat,15734.029999999999
2024-10-05,S10,Fruits & Vegetables,7440.59
2024-10-05,S10,Home Care,13881.349999999999
2024-10-05,S10,Personal Care,26491.280000000006
2024-10-05,S10,Spices & Masala,12419.489999999996
2024-10-05,S10,Staples & Grains,34372.76
2024-10-05,S10,Stationery & General,13200.58
2024-10-05,S11,Baby Care,15774.58
2024-10-05,S11,Bakery,3955.8300000000004
2024-10-05,S11,Beverages,6747.239999999999
2024-10-05,S11,Bill-level adjustments,-1032.0
2024-10-05,S11,Biscuits & Snacks,1784.8299999999997
2024-10-05,S11,Confectionery,4189.500000000001
2024-10-05,S11,Dairy,5923.919999999999
2024-10-05,S11,Edible Oils,16580.99
2024-10-05,S11,Frozen & Ready to Eat,9744.510000000002
2024-10-05,S11,Fruits & Vegetables,4299.039999999999
2024-10-05,S11,Home Care,7332.7
2024-10-05,S11,Personal Care,5462.46
2024-10-05,S11,Spices & Masala,4212.02
2024-10-05,S11,Staples & Grains,32972.469999999994
2024-10-05,S11,Stationery & General,5855.700000000001
2024-10-05,S12,Baby Care,34701.119999999995
2024-10-05,S12,Bakery,4055.379999999999
2024-10-05,S12,Beverages,9366.869999999999
2024-10-05,S12,Bill-level adjustments,-1399.18
2024-10-05,S12,Biscuits & Snacks,2282.5199999999995
2024-10-05,S12,Confectionery,4438.570000000001
2024-10-05,S12,Dairy,9769.880000000001
2024-10-05,S12,Edible Oils,21263.999999999996
2024-10-05,S12,Frozen & Ready to Eat,8961.64
2024-10-05,S12,Fruits & Vegetables,5548.57
2024-10-05,S12,Home Care,8935.57
2024-10-05,S12,Personal Care,9928.58
2024-10-05,S12,Spices & Masala,5073.789999999999
2024-10-05,S12,Staples & Grains,31503.82
2024-10-05,S12,Stationery & General,7962.91
2024-10-06,S01,Baby Care,63532.09
2024-10-06,S01,Bakery,6598.0
2024-10-06,S01,Beverages,10755.079999999998
2024-10-06,S01,Bill-level adjustments,-2986.63
2024-10-06,S01,Biscuits & Snacks,4183.67
2024-10-06,S01,Confectionery,8708.75
2024-10-06,S01,Dairy,23703.170000000002
2024-10-06,S01,Edible Oils,53891.759999999995
2024-10-06,S01,Frozen & Ready to Eat,11961.22
2024-10-06,S01,Fruits & Vegetables,10764.710000000001
2024-10-06,S01,Home Care,16462.42
2024-10-06,S01,Personal Care,12827.699999999997
2024-10-06,S01,Spices & Masala,9843.599999999999
2024-10-06,S01,Staples & Grains,62874.78
2024-10-06,S01,Stationery & General,17291.35
2024-10-06,S02,Baby Care,36804.899999999994
2024-10-06,S02,Bakery,4955.260000000001
2024-10-06,S02,Beverages,11424.74
2024-10-06,S02,Bill-level adjustments,-1781.28
2024-10-06,S02,Biscuits & Snacks,2808.26
2024-10-06,S02,Confectionery,5318.439999999999
2024-10-06,S02,Dairy,17896.97
2024-10-06,S02,Edible Oils,44268.950000000004
2024-10-06,S02,Frozen & Ready to Eat,12312.079999999998
2024-10-06,S02,Fruits & Vegetables,6586.370000000001
2024-10-06,S02,Home Care,10371.630000000001
2024-10-06,S02,Personal Care,6262.989999999999
2024-10-06,S02,Spices & Masala,4812.57
2024-10-06,S02,Staples & Grains,33433.09
2024-10-06,S02,Stationery & General,17333.889999999996
2024-10-06,S03,Baby Care,42147.97
2024-10-06,S03,Bakery,1917.5700000000002
2024-10-06,S03,Beverages,8690.759999999998
2024-10-06,S03,Bill-level adjustments,-3908.8700000000003
2024-10-06,S03,Biscuits & Snacks,2611.5999999999995
2024-10-06,S03,Confectionery,5214.349999999999
2024-10-06,S03,Dairy,20748.45
2024-10-06,S03,Edible Oils,27868.410000000003
2024-10-06,S03,Frozen & Ready to Eat,19949.809999999998
2024-10-06,S03,Fruits & Vegetables,7904.119999999999
2024-10-06,S03,Home Care,11153.49
2024-10-06,S03,Personal Care,11933.860000000002
2024-10-06,S03,Spices & Masala,8483.66
2024-10-06,S03,Staples & Grains,71315.67
2024-10-06,S03,Stationery & General,18048.43
2024-10-06,S04,Baby Care,45956.68999999999
2024-10-06,S04,Bakery,3579.34
2024-10-06,S04,Beverages,5850.0
2024-10-06,S04,Bill-level adjustments,-2312.52
2024-10-06,S04,Biscuits & Snacks,2230.62
2024-10-06,S04,Confectionery,8466.37
2024-10-06,S04,Dairy,19471.72
2024-10-06,S04,Edible Oils,22182.79
2024-10-06,S04,Frozen & Ready to Eat,4825.9400000000005
2024-10-06,S04,Fruits & Vegetables,5464.210000000001
2024-10-06,S04,Home Care,5093.759999999999
2024-10-06,S04,Personal Care,9563.76
2024-10-06,S04,Spices & Masala,4315.06
2024-10-06,S04,Staples & Grains,28296.06
2024-10-06,S04,Stationery & General,1692.6400000000003
2024-10-06,S05,Baby Care,21672.769999999997
2024-10-06,S05,Bakery,1889.65
2024-10-06,S05,Beverages,4304.12
2024-10-06,S05,Bill-level adjustments,-765.63
2024-10-06,S05,Biscuits & Snacks,1307.79
2024-10-06,S05,Confectionery,1489.4800000000002
2024-10-06,S05,Dairy,6019.479999999999
2024-10-06,S05,Edible Oils,22779.71
2024-10-06,S05,Frozen & Ready to Eat,5411.6
2024-10-06,S05,Fruits & Vegetables,2892.7000000000003
2024-10-06,S05,Home Care,9517.359999999999
2024-10-06,S05,Personal Care,2830.3199999999997
2024-10-06,S05,Spices & Masala,4067.66
2024-10-06,S05,Staples & Grains,38686.91
2024-10-06,S05,Stationery & General,7628.699999999999
2024-10-06,S06,Baby Care,28225.940000000006
2024-10-06,S06,Bakery,7805.36
2024-10-06,S06,Beverages,11933.450000000003
2024-10-06,S06,Bill-level adjustments,-3797.1499999999996
2024-10-06,S06,Biscuits & Snacks,2129.6099999999997
2024-10-06,S06,Confectionery,6800.889999999999
2024-10-06,S06,Dairy,23463.860000000004
2024-10-06,S06,Edible Oils,37426.77
2024-10-06,S06,Frozen & Ready to Eat,13680.560000000001
2024-10-06,S06,Fruits & Vegetables,12650.380000000003
2024-10-06,S06,Home Care,15798.379999999997
2024-10-06,S06,Personal Care,16474.870000000003
2024-10-06,S06,Spices & Masala,13000.530000000002
2024-10-06,S06,Staples & Grains,29507.250000000004
2024-10-06,S06,Stationery & General,9642.960000000001
2024-10-06,S07,Baby Care,38670.88
2024-10-06,S07,Bakery,4491.78
2024-10-06,S07,Beverages,5432.06
2024-10-06,S07,Bill-level adjustments,-1685.0500000000002
2024-10-06,S07,Biscuits & Snacks,3574.96
2024-10-06,S07,Confectionery,6044.190000000001
2024-10-06,S07,Dairy,12113.880000000005
2024-10-06,S07,Edible Oils,46343.96999999999
2024-10-06,S07,Frozen & Ready to Eat,15080.589999999998
2024-10-06,S07,Fruits & Vegetables,8966.400000000001
2024-10-06,S07,Home Care,6617.2
2024-10-06,S07,Personal Care,10580.96
2024-10-06,S07,Spices & Masala,5538.12
2024-10-06,S07,Staples & Grains,41174.24999999999
2024-10-06,S07,Stationery & General,13900.44
2024-10-06,S08,Baby Care,13859.31
2024-10-06,S08,Bakery,3413.36
2024-10-06,S08,Beverages,5642.560000000001
2024-10-06,S08,Bill-level adjustments,-1499.1399999999999
2024-10-06,S08,Biscuits & Snacks,3347.5
2024-10-06,S08,Confectionery,3278.7799999999997
2024-10-06,S08,Dairy,16511.17
2024-10-06,S08,Edible Oils,22347.75
2024-10-06,S08,Frozen & Ready to Eat,6788.92
2024-10-06,S08,Fruits & Vegetables,5198.400000000001
2024-10-06,S08,Home Care,4444.71
2024-10-06,S08,Personal Care,7394.549999999999
2024-10-06,S08,Spices & Masala,6508.8099999999995
2024-10-06,S08,Staples & Grains,23135.24
2024-10-06,S08,Stationery & General,5377.709999999999
2024-10-06,S09,Baby Care,29233.010000000002
2024-10-06,S09,Bakery,3264.9100000000003
2024-10-06,S09,Beverages,9935.21
2024-10-06,S09,Bill-level adjustments,-1043.41
2024-10-06,S09,Biscuits & Snacks,1886.07
2024-10-06,S09,Confectionery,2413.17
2024-10-06,S09,Dairy,6925.88
2024-10-06,S09,Edible Oils,16608.95
2024-10-06,S09,Frozen & Ready to Eat,2536.2599999999998
2024-10-06,S09,Fruits & Vegetables,3382.0599999999995
2024-10-06,S09,Home Care,7743.32
2024-10-06,S09,Personal Care,9594.1
2024-10-06,S09,Spices & Masala,4012.9100000000003
2024-10-06,S09,Staples & Grains,15622.89
2024-10-06,S09,Stationery & General,5953.629999999999
2024-10-06,S10,Baby Care,45329.95
2024-10-06,S10,Bakery,6010.95
2024-10-06,S10,Beverages,15039.73
2024-10-06,S10,Bill-level adjustments,-2524.67
2024-10-06,S10,Biscuits & Snacks,3060.41
2024-10-06,S10,Confectionery,9815.390000000001
2024-10-06,S10,Dairy,18258.28
2024-10-06,S10,Edible Oils,30317.71
2024-10-06,S10,Frozen & Ready to Eat,14250.169999999998
2024-10-06,S10,Fruits & Vegetables,4086.4499999999994
2024-10-06,S10,Home Care,15551.96
2024-10-06,S10,Personal Care,12145.4
2024-10-06,S10,Spices & Masala,8556.850000000002
2024-10-06,S10,Staples & Grains,54288.470000000016
2024-10-06,S10,Stationery & General,11925.86
2024-10-06,S11,Baby Care,34684.909999999996
2024-10-06,S11,Bakery,4821.030000000001
2024-10-06,S11,Beverages,4932.450000000001
2024-10-06,S11,Bill-level adjustments,-1256.0600000000002
2024-10-06,S11,Biscuits & Snacks,1045.38
2024-10-06,S11,Confectionery,5943.96
2024-10-06,S11,Dairy,12040.35
2024-10-06,S11,Edible Oils,13352.55
2024-10-06,S11,Frozen & Ready to Eat,9999.91
2024-10-06,S11,Fruits & Vegetables,3739.9099999999994
2024-10-06,S11,Home Care,4753.740000000001
2024-10-06,S11,Personal Care,10779.34
2024-10-06,S11,Spices & Masala,4247.719999999999
2024-10-06,S11,Staples & Grains,43851.409999999996
2024-10-06,S11,Stationery & General,9122.039999999999
2024-10-06,S12,Baby Care,26650.24
2024-10-06,S12,Bakery,4264.48
2024-10-06,S12,Beverages,11078.23
2024-10-06,S12,Bill-level adjustments,-928.8100000000001
2024-10-06,S12,Biscuits & Snacks,1635.54
2024-10-06,S12,Confectionery,8772.37
2024-10-06,S12,Dairy,11590.59
2024-10-06,S12,Edible Oils,28653.920000000002
2024-10-06,S12,Frozen & Ready to Eat,10555.969999999998
2024-10-06,S12,Fruits & Vegetables,6395.950000000001
2024-10-06,S12,Home Care,13307.64
2024-10-06,S12,Personal Care,8236.72
2024-10-06,S12,Spices & Masala,7558.32
2024-10-06,S12,Staples & Grains,44667.63999999999
2024-10-06,S12,Stationery & General,12697.609999999997
2024-10-07,S01,Baby Care,33071.72
2024-10-07,S01,Bakery,3063.92
2024-10-07,S01,Beverages,11640.660000000003
2024-10-07,S01,Bill-level adjustments,-2680.2400000000002
2024-10-07,S01,Biscuits & Snacks,2859.7500000000005
2024-10-07,S01,Confectionery,4628.02
2024-10-07,S01,Dairy,18404.99
2024-10-07,S01,Edible Oils,27969.570000000007
2024-10-07,S01,Frozen & Ready to Eat,16829.319999999996
2024-10-07,S01,Fruits & Vegetables,6337.92
2024-10-07,S01,Home Care,10430.320000000002
2024-10-07,S01,Personal Care,8909.17
2024-10-07,S01,Spices & Masala,6171.4800000000005
2024-10-07,S01,Staples & Grains,23723.3
2024-10-07,S01,Stationery & General,10598.98
2024-10-07,S02,Baby Care,32247.350000000002
2024-10-07,S02,Bakery,3475.2
2024-10-07,S02,Beverages,6785.259999999999
2024-10-07,S02,Bill-level adjustments,-1710.92
2024-10-07,S02,Biscuits & Snacks,2141.62
2024-10-07,S02,Confectionery,6019.26
2024-10-07,S02,Dairy,8145.38
2024-10-07,S02,Edible Oils,31953.66
2024-10-07,S02,Frozen & Ready to Eat,7285.39
2024-10-07,S02,Fruits & Vegetables,4889.23
2024-10-07,S02,Home Care,6001.64
2024-10-07,S02,Personal Care,13067.489999999998
2024-10-07,S02,Spices & Masala,3558.1800000000003
2024-10-07,S02,Staples & Grains,19523.31
2024-10-07,S02,Stationery & General,6233.080000000001
2024-10-07,S03,Baby Care,31285.030000000006
2024-10-07,S03,Bakery,3653.0299999999997
2024-10-07,S03,Beverages,9774.81
2024-10-07,S03,Bill-level adjustments,-2125.7200000000003
2024-10-07,S03,Biscuits & Snacks,1858.5099999999998
2024-10-07,S03,Confectionery,7365.069999999999
2024-10-07,S03,Dairy,6531.23
2024-10-07,S03,Edible Oils,10377.309999999998
2024-10-07,S03,Frozen & Ready to Eat,11190.879999999997
2024-10-07,S03,Fruits & Vegetables,3959.039999999999
2024-10-07,S03,Home Care,8295.210000000001
2024-10-07,S03,Personal Care,6956.15
2024-10-07,S03,Spices & Masala,6894.87
2024-10-07,S03,Staples & Grains,33140.15
2024-10-07,S03,Stationery & General,10327.789999999999
2024-10-07,S04,Baby Care,24918.45
2024-10-07,S04,Bakery,3094.06
2024-10-07,S04,Beverages,4679.430000000001
2024-10-07,S04,Bill-level adjustments,-852.36
2024-10-07,S04,Biscuits & Snacks,1204.47
2024-10-07,S04,Confectionery,3086.7599999999998
2024-10-07,S04,Dairy,3154.33
2024-10-07,S04,Edible Oils,12558.15
2024-10-07,S04,Frozen & Ready to Eat,5481.37
2024-10-07,S04,Fruits & Vegetables,2978.3900000000003
2024-10-07,S04,Home Care,3708.38
2024-10-07,S04,Personal Care,7997.799999999999
2024-10-07,S04,Spices & Masala,3866.1099999999997
2024-10-07,S04,Staples & Grains,10199.02
2024-10-07,S04,Stationery & General,5989.139999999999
2024-10-07,S05,Baby Care,10505.91
2024-10-07,S05,Bakery,2823.76
2024-10-07,S05,Beverages,2441.38
2024-10-07,S05,Bill-level adjustments,-759.55
2024-10-07,S05,Biscuits & Snacks,1377.44
2024-10-07,S05,Confectionery,5029.83
2024-10-07,S05,Dairy,8468.07
2024-10-07,S05,Edible Oils,5336.24
2024-10-07,S05,Frozen & Ready to Eat,8132.0599999999995
2024-10-07,S05,Fruits & Vegetables,1002.7500000000001
2024-10-07,S05,Home Care,6365.18
2024-10-07,S05,Personal Care,4570.219999999999
2024-10-07,S05,Spices & Masala,2385.3999999999996
2024-10-07,S05,Staples & Grains,19973.95
2024-10-07,S05,Stationery & General,2261.8100000000004
2024-10-07,S06,Baby Care,33636.18
2024-10-07,S06,Bakery,2613.6100000000006
2024-10-07,S06,Beverages,7459.829999999998
2024-10-07,S06,Bill-level adjustments,-689.84
2024-10-07,S06,Biscuits & Snacks,1981.71
2024-10-07,S06,Confectionery,5796.860000000001
2024-10-07,S06,Dairy,10113.539999999999
2024-10-07,S06,Edible Oils,13750.480000000003
2024-10-07,S06,Frozen & Ready to Eat,4707.030000000001
2024-10-07,S06,Fruits & Vegetables,1949.08
2024-10-07,S06,Home Care,8185.319999999998
2024-10-07,S06,Personal Care,10058.52
2024-10-07,S06,Spices & Masala,678.98
2024-10-07,S06,Staples & Grains,13088.320000000002
2024-10-07,S06,Stationery & General,5851.090000000001
2024-10-07,S07,Baby Care,4281.3099999999995
2024-10-07,S07,Bakery,1305.54
2024-10-07,S07,Beverages,957.47
2024-10-07,S07,Bill-level adjustments,0.0
2024-10-07,S07,Biscuits & Snacks,1426.5300000000002
2024-10-07,S07,Confectionery,2516.86
2024-10-07,S07,Dairy,2470.31
2024-10-07,S07,Edible Oils,6751.51
2024-10-07,S07,Frozen & Ready to Eat,4215.25
2024-10-07,S07,Fruits & Vegetables,3623.55
2024-10-07,S07,Home Care,5406.14
2024-10-07,S07,Personal Care,1827.52
2024-10-07,S07,Spices & Masala,2923.3000000000006
2024-10-07,S07,Staples & Grains,18038.649999999998
2024-10-07,S07,Stationery & General,1876.4800000000002
2024-10-07,S08,Baby Care,28138.890000000003
2024-10-07,S08,Bakery,3350.1200000000013
2024-10-07,S08,Beverages,9398.580000000002
2024-10-07,S08,Bill-level adjustments,-971.86
2024-10-07,S08,Biscuits & Snacks,1906.99
2024-10-07,S08,Confectionery,3473.27
2024-10-07,S08,Dairy,10872.23
2024-10-07,S08,Edible Oils,17590.16
2024-10-07,S08,Frozen & Ready to Eat,8374.56
2024-10-07,S08,Fruits & Vegetables,4328.63
2024-10-07,S08,Home Care,5676.17
2024-10-07,S08,Personal Care,7813.9000000000015
2024-10-07,S08,Spices & Masala,1058.1999999999998
2024-10-07,S08,Staples & Grains,6301.2699999999995
2024-10-07,S08,Stationery & General,13318.300000000001
2024-10-07,S09,Baby Care,5801.36
2024-10-07,S09,Bakery,2240.38
2024-10-07,S09,Beverages,1839.61
2024-10-07,S09,Bill-level adjustments,-468.86
2024-10-07,S09,Biscuits & Snacks,1068.83
2024-10-07,S09,Confectionery,2354.07
2024-10-07,S09,Dairy,3932.76
2024-10-07,S09,Edible Oils,16086.41
2024-10-07,S09,Frozen & Ready to Eat,6910.72
2024-10-07,S09,Fruits & Vegetables,2519.8999999999996
2024-10-07,S09,Home Care,3073.6000000000004
2024-10-07,S09,Personal Care,2603.83
2024-10-07,S09,Spices & Masala,2372.8
2024-10-07,S09,Staples & Grains,12080.439999999999
2024-10-07,S09,Stationery & General,3476.28
2024-10-07,S10,Baby Care,33458.759999999995
2024-10-07,S10,Bakery,2886.2599999999998
2024-10-07,S10,Beverages,6010.08
2024-10-07,S10,Bill-level adjustments,-1666.33
2024-10-07,S10,Biscuits & Snacks,1434.3000000000002
2024-10-07,S10,Confectionery,5873.620000000001
2024-10-07,S10,Dairy,10296.86
2024-10-07,S10,Edible Oils,19587.870000000003
2024-10-07,S10,Frozen & Ready to Eat,7926.99
2024-10-07,S10,Fruits & Vegetables,6580.520000000001
2024-10-07,S10,Home Care,6231.79
2024-10-07,S10,Personal Care,10831.859999999999
2024-10-07,S10,Spices & Masala,5448.349999999999
2024-10-07,S10,Staples & Grains,32007.77
2024-10-07,S10,Stationery & General,5984.819999999999
2024-10-07,S11,Baby Care,8249.510000000002
2024-10-07,S11,Bakery,2343.69
2024-10-07,S11,Beverages,1470.75
2024-10-07,S11,Bill-level adjustments,-259.95
2024-10-07,S11,Biscuits & Snacks,1448.54
2024-10-07,S11,Confectionery,1667.7600000000002
2024-10-07,S11,Dairy,6221.9800000000005
2024-10-07,S11,Edible Oils,15909.310000000001
2024-10-07,S11,Frozen & Ready to Eat,1489.1999999999998
2024-10-07,S11,Fruits & Vegetables,1982.9
2024-10-07,S11,Home Care,3666.02
2024-10-07,S11,Personal Care,8325.31
2024-10-07,S11,Spices & Masala,353.08
2024-10-07,S11,Staples & Grains,14571.580000000002
2024-10-07,S11,Stationery & General,955.8200000000002
2024-10-07,S12,Baby Care,18038.93
2024-10-07,S12,Bakery,4698.080000000001
2024-10-07,S12,Beverages,5778.78
2024-10-07,S12,Bill-level adjustments,-155.32
2024-10-07,S12,Biscuits & Snacks,732.1100000000001
2024-10-07,S12,Confectionery,3733.4300000000003
2024-10-07,S12,Dairy,6337.37
2024-10-07,S12,Edible Oils,13512.240000000002
2024-10-07,S12,Frozen & Ready to Eat,8387.5
2024-10-07,S12,Fruits & Vegetables,2917.1800000000003
2024-10-07,S12,Home Care,4673.76
2024-10-07,S12,Personal Care,12322.609999999997
2024-10-07,S12,Spices & Masala,2832.77
2024-10-07,S12,Staples & Grains,27177.95
2024-10-07,S12,Stationery & General,5003.67
2024-10-08,S01,Baby Care,43795.27
2024-10-08,S01,Bakery,3370.3999999999996
2024-10-08,S01,Beverages,5532.16
2024-10-08,S01,Bill-level adjustments,-2000.3100000000002
2024-10-08,S01,Biscuits & Snacks,2718.7799999999997
2024-10-08,S01,Confectionery,3219.72
2024-10-08,S01,Dairy,13369.37
2024-10-08,S01,Edible Oils,15557.76
2024-10-08,S01,Frozen & Ready to Eat,16138.17
2024-10-08,S01,Fruits & Vegetables,5424.4000000000015
2024-10-08,S01,Home Care,5777.740000000001
2024-10-08,S01,Personal Care,17691.100000000002
2024-10-08,S01,Spices & Masala,4186.07
2024-10-08,S01,Staples & Grains,24417.140000000003
2024-10-08,S01,Stationery & General,11982.33
2024-10-08,S02,Baby Care,61947.590000000004
2024-10-08,S02,Bakery,4711.12
2024-10-08,S02,Beverages,10715.680000000002
2024-10-08,S02,Bill-level adjustments,-2186.91
2024-10-08,S02,Biscuits & Snacks,3535.34
2024-10-08,S02,Confectionery,6975.399999999999
2024-10-08,S02,Dairy,10178.9
2024-10-08,S02,Edible Oils,24064.269999999997
2024-10-08,S02,Frozen & Ready to Eat,7946.26
2024-10-08,S02,Fruits & Vegetables,8575.99
2024-10-08,S02,Home Care,6193.239999999999
2024-10-08,S02,Personal Care,12216.090000000002
2024-10-08,S02,Spices & Masala,6951.34
2024-10-08,S02,Staples & Grains,21010.370000000003
2024-10-08,S02,Stationery & General,10097.17
2024-10-08,S03,Baby Care,19481.52
2024-10-08,S03,Bakery,1824.5500000000002
2024-10-08,S03,Beverages,7772.609999999999
2024-10-08,S03,Bill-level adjustments,-1940.5400000000002
2024-10-08,S03,Biscuits & Snacks,2255.9400000000005
2024-10-08,S03,Confectionery,5469.53
2024-10-08,S03,Dairy,10132.61
2024-10-08,S03,Edible Oils,40995.42
2024-10-08,S03,Frozen & Ready to Eat,6279.039999999999
2024-10-08,S03,Fruits & Vegetables,5141.900000000001
2024-10-08,S03,Home Care,5533.5199999999995
2024-10-08,S03,Personal Care,17230.77
2024-10-08,S03,Spices & Masala,5798.240000000002
2024-10-08,S03,Staples & Grains,30629.500000000004
2024-10-08,S03,Stationery & General,9231.159999999998
2024-10-08,S04,Baby Care,11498.19
2024-10-08,S04,Bakery,3451.96
2024-10-08,S04,Beverages,3896.94
2024-10-08,S04,Bill-level adjustments,-1353.83
2024-10-08,S04,Biscuits & Snacks,1474.9
2024-10-08,S04,Confectionery,2287.25
2024-10-08,S04,Dairy,10010.24
2024-10-08,S04,Edible Oils,39433.119999999995
2024-10-08,S04,Frozen & Ready to Eat,9154.83
2024-10-08,S04,Fruits & Vegetables,4508.78
2024-10-08,S04,Home Care,3563.58
2024-10-08,S04,Personal Care,4261.390000000001
2024-10-08,S04,Spices & Masala,5348.59
2024-10-08,S04,Staples & Grains,15690.869999999999
2024-10-08,S04,Stationery & General,2819.9999999999995
2024-10-08,S05,Baby Care,5362.26
2024-10-08,S05,Bakery,1389.27
2024-10-08,S05,Beverages,624.4100000000001
2024-10-08,S05,Bill-level adjustments,-554.63
2024-10-08,S05,Biscuits & Snacks,953.21
2024-10-08,S05,Confectionery,1070.25
2024-10-08,S05,Dairy,7266.61
2024-10-08,S05,Edible Oils,2036.1100000000001
2024-10-08,S05,Frozen & Ready to Eat,1408.7
2024-10-08,S05,Fruits & Vegetables,740.12
2024-10-08,S05,Home Care,3719.1600000000003
2024-10-08,S05,Personal Care,4048.43
2024-10-08,S05,Spices & Masala,380.28
2024-10-08,S05,Staples & Grains,11564.509999999998
2024-10-08,S05,Stationery & General,2393.19
2024-10-08,S06,Baby Care,28491.789999999997
2024-10-08,S06,Bakery,2687.02
2024-10-08,S06,Beverages,2667.72
2024-10-08,S06,Bill-level adjustments,-465.69
2024-10-08,S06,Biscuits & Snacks,1130.99
2024-10-08,S06,Confectionery,5816.959999999999
2024-10-08,S06,Dairy,13802.039999999999
2024-10-08,S06,Edible Oils,14214.370000000004
2024-10-08,S06,Frozen & Ready to Eat,5404.6500000000015
2024-10-08,S06,Fruits & Vegetables,3048.65
2024-10-08,S06,Home Care,3891.08
2024-10-08,S06,Personal Care,10623.86
2024-10-08,S06,Spices & Masala,765.1999999999999
2024-10-08,S06,Staples & Grains,11996.53
2024-10-08,S06,Stationery & General,5476.76
2024-10-08,S07,Baby Care,9244.89
2024-10-08,S07,Bakery,1553.71
2024-10-08,S07,Beverages,6893.9400000000005
2024-10-08,S07,Bill-level adjustments,-357.28
2024-10-08,S07,Biscuits & Snacks,528.99
2024-10-08,S07,Confectionery,2001.8
2024-10-08,S07,Dairy,7399.900000000001
2024-10-08,S07,Edible Oils,6937.67
2024-10-08,S07,Frozen & Ready to Eat,6884.72
2024-10-08,S07,Fruits & Vegetables,636.56
2024-10-08,S07,Home Care,399.04
2024-10-08,S07,Personal Care,5740.42
2024-10-08,S07,Spices & Masala,5443.17
2024-10-08,S07,Staples & Grains,15931.789999999999
2024-10-08,S07,Stationery & General,3355.36
2024-10-08,S08,Baby Care,20707.949999999997
2024-10-08,S08,Bakery,1591.0800000000002
2024-10-08,S08,Beverages,4181.18
2024-10-08,S08,Bill-level adjustments,-617.28
2024-10-08,S08,Biscuits & Snacks,1525.8400000000001
2024-10-08,S08,Confectionery,2915.6799999999994
2024-10-08,S08,Dairy,3641.79
2024-10-08,S08,Edible Oils,19235.050000000003
2024-10-08,S08,Frozen & Ready to Eat,2954.53
2024-10-08,S08,Fruits & Vegetables,4400.159999999999
2024-10-08,S08,Home Care,7023.07
2024-10-08,S08,Personal Care,8762.01
2024-10-08,S08,Spices & Masala,4807.540000000001
2024-10-08,S08,Staples & Grains,19595.4
2024-10-08,S08,Stationery & General,7533.100000000001
2024-10-08,S09,Baby Care,10560.05
2024-10-08,S09,Bakery,1835.5800000000002
2024-10-08,S09,Beverages,5748.959999999999
2024-10-08,S09,Bill-level adjustments,-1261.43
2024-10-08,S09,Biscuits & Snacks,245.51
2024-10-08,S09,Confectionery,1763.97
2024-10-08,S09,Dairy,3808.17
2024-10-08,S09,Edible Oils,18406.46
2024-10-08,S09,Frozen & Ready to Eat,5259.46
2024-10-08,S09,Fruits & Vegetables,1925.08
2024-10-08,S09,Home Care,2448.12
2024-10-08,S09,Personal Care,4588.49
2024-10-08,S09,Spices & Masala,3575.9
2024-10-08,S09,Staples & Grains,12079.93
2024-10-08,S09,Stationery & General,5233.599999999999
2024-10-08,S10,Baby Care,15938.210000000003
2024-10-08,S10,Bakery,3969.88
2024-10-08,S10,Beverages,4356.97
2024-10-08,S10,Bill-level adjustments,-1461.5
2024-10-08,S10,Biscuits & Snacks,1984.3200000000002
2024-10-08,S10,Confectionery,4943.27
2024-10-08,S10,Dairy,14518.220000000001
2024-10-08,S10,Edible Oils,20355.949999999997
2024-10-08,S10,Frozen & Ready to Eat,1465.41
2024-10-08,S10,Fruits & Vegetables,4267.73
2024-10-08,S10,Home Care,9775.31
2024-10-08,S10,Personal Care,4053.25
2024-10-08,S10,Spices & Masala,4021.88
2024-10-08,S10,Staples & Grains,20727.83
2024-10-08,S10,Stationery & General,7239.24
2024-10-08,S11,Baby Care,9724.11
2024-10-08,S11,Bakery,206.75
2024-10-08,S11,Beverages,145.83
2024-10-08,S11,Bill-level adjustments,-25.17
2024-10-08,S11,Biscuits & Snacks,455.40000000000003
2024-10-08,S11,Confectionery,1678.69
2024-10-08,S11,Dairy,1861.87
2024-10-08,S11,Edible Oils,4254.96
2024-10-08,S11,Frozen & Ready to Eat,2425.64
2024-10-08,S11,Fruits & Vegetables,3604.48
2024-10-08,S11,Home Care,2142.1
2024-10-08,S11,Personal Care,2723.27
2024-10-08,S11,Spices & Masala,1707.3000000000002
2024-10-08,S11,Staples & Grains,9884.810000000001
2024-10-08,S11,Stationery & General,1937.6000000000001
2024-10-08,S12,Baby Care,20874.32
2024-10-08,S12,Bakery,1466.34
2024-10-08,S12,Beverages,6424.7
2024-10-08,S12,Bill-level adjustments,-1028.57
2024-10-08,S12,Biscuits & Snacks,1805.0300000000002
2024-10-08,S12,Confectionery,5885.26
2024-10-08,S12,Dairy,13302.58
2024-10-08,S12,Edible Oils,27800.510000000002
2024-10-08,S12,Frozen & Ready to Eat,6881.129999999999
2024-10-08,S12,Fruits & Vegetables,3031.7299999999996
2024-10-08,S12,Home Care,8015.950000000002
2024-10-08,S12,Personal Care,8708.55
2024-10-08,S12,Spices & Masala,2153.3399999999997
2024-10-08,S12,Staples & Grains,49327.05000000002
2024-10-08,S12,Stationery & General,9351.74
2024-10-09,S01,Baby Care,26122.86
2024-10-09,S01,Bakery,3076.96
2024-10-09,S01,Beverages,12529.390000000001
2024-10-09,S01,Bill-level adjustments,-1353.04
2024-10-09,S01,Biscuits & Snacks,3006.8100000000004
2024-10-09,S01,Confectionery,4279.07
2024-10-09,S01,Dairy,11435.670000000002
2024-10-09,S01,Edible Oils,22959.14
2024-10-09,S01,Frozen & Ready to Eat,7211.020000000001
2024-10-09,S01,Fruits & Vegetables,5601.5
2024-10-09,S01,Home Care,9633.270000000002
2024-10-09,S01,Personal Care,10600.930000000002
2024-10-09,S01,Spices & Masala,3145.76
2024-10-09,S01,Staples & Grains,34140.75000000001
2024-10-09,S01,Stationery & General,1622.04
2024-10-09,S02,Baby Care,14991.56
2024-10-09,S02,Bakery,3879.9599999999996
2024-10-09,S02,Beverages,4525.68
2024-10-09,S02,Bill-level adjustments,-1359.24
2024-10-09,S02,Biscuits & Snacks,2661.45
2024-10-09,S02,Confectionery,7831.919999999999
2024-10-09,S02,Dairy,6642.25
2024-10-09,S02,Edible Oils,11010.19
2024-10-09,S02,Frozen & Ready to Eat,13966.93
2024-10-09,S02,Fruits & Vegetables,5407.720000000001
2024-10-09,S02,Home Care,4061.91
2024-10-09,S02,Personal Care,16375.63
2024-10-09,S02,Spices & Masala,3442.6800000000003
2024-10-09,S02,Staples & Grains,27098.370000000003
2024-10-09,S02,Stationery & General,9121.54
2024-10-09,S03,Baby Care,37250.30999999999
2024-10-09,S03,Bakery,3964.2400000000002
2024-10-09,S03,Beverages,9045.789999999999
2024-10-09,S03,Bill-level adjustments,-2559.99
2024-10-09,S03,Biscuits & Snacks,2116.9400000000005
2024-10-09,S03,Confectionery,4756.349999999999
2024-10-09,S03,Dairy,18324.969999999998
2024-10-09,S03,Edible Oils,28264.5
2024-10-09,S03,Frozen & Ready to Eat,13578.029999999999
2024-10-09,S03,Fruits & Vegetables,3295.380000000001
2024-10-09,S03,Home Care,7966.3099999999995
2024-10-09,S03,Personal Care,7376.240000000002
2024-10-09,S03,Spices & Masala,5206.68
2024-10-09,S03,Staples & Grains,45491.24999999999
2024-10-09,S03,Stationery & General,8256.849999999999
2024-10-09,S04,Baby Care,7912.700000000001
2024-10-09,S04,Bakery,437.53000000000003
2024-10-09,S04,Beverages,5297.950000000001
2024-10-09,S04,Bill-level adjustments,0.0
2024-10-09,S04,Biscuits & Snacks,489.5
2024-10-09,S04,Confectionery,2057.41
2024-10-09,S04,Dairy,7863.25
2024-10-09,S04,Edible Oils,17966.929999999997
2024-10-09,S04,Frozen & Ready to Eat,6947.969999999999
2024-10-09,S04,Fruits & Vegetables,1643.09
2024-10-09,S04,Home Care,2438.0099999999998
2024-10-09,S04,Personal Care,6607.14
2024-10-09,S04,Spices & Masala,2537.64
2024-10-09,S04,Staples & Grains,23906.399999999998
2024-10-09,S04,Stationery & General,5394.159999999999
2024-10-09,S05,Baby Care,9518.73
2024-10-09,S05,Bakery,1822.2700000000002
2024-10-09,S05,Beverages,2240.0499999999997
2024-10-09,S05,Bill-level adjustments,-780.98
2024-10-09,S05,Biscuits & Snacks,1635.71
2024-10-09,S05,Confectionery,1450.51
2024-10-09,S05,Dairy,4144.57
2024-10-09,S05,Edible Oils,13174.089999999998
2024-10-09,S05,Frozen & Ready to Eat,1937.5600000000002
2024-10-09,S05,Fruits & Vegetables,4637.56
2024-10-09,S05,Home Care,4193.870000000001
2024-10-09,S05,Personal Care,-53.539999999999964
2024-10-09,S05,Spices & Masala,1354.6299999999999
2024-10-09,S05,Staples & Grains,3418.96
2024-10-09,S05,Stationery & General,3098.33
2024-10-09,S06,Baby Care,13977.4
2024-10-09,S06,Bakery,3671.3600000000006
2024-10-09,S06,Beverages,8281.8
2024-10-09,S06,Bill-level adjustments,-781.12
2024-10-09,S06,Biscuits & Snacks,1945.83
2024-10-09,S06,Confectionery,5835.05
2024-10-09,S06,Dairy,15059.239999999998
2024-10-09,S06,Edible Oils,23060.44
2024-10-09,S06,Frozen & Ready to Eat,5190.570000000001
2024-10-09,S06,Fruits & Vegetables,4894.139999999999
2024-10-09,S06,Home Care,9422.840000000002
2024-10-09,S06,Personal Care,10838.059999999998
2024-10-09,S06,Spices & Masala,4669.38
2024-10-09,S06,Staples & Grains,12946.150000000001
2024-10-09,S06,Stationery & General,7448.609999999999
2024-10-09,S07,Baby Care,1045.8899999999999
2024-10-09,S07,Bakery,2093.26
2024-10-09,S07,Beverages,2051.8100000000004
2024-10-09,S07,Bill-level adjustments,-710.68
2024-10-09,S07,Biscuits & Snacks,2633.4100000000003
2024-10-09,S07,Confectionery,4128.63
2024-10-09,S07,Dairy,8960.55
2024-10-09,S07,Edible Oils,26784.980000000003
2024-10-09,S07,Frozen & Ready to Eat,5809.44
2024-10-09,S07,Fruits & Vegetables,3232.62
2024-10-09,S07,Home Care,5951.67
2024-10-09,S07,Personal Care,7968.86
2024-10-09,S07,Spices & Masala,3026.3400000000006
2024-10-09,S07,Staples & Grains,17623.24
2024-10-09,S07,Stationery & General,6860.9800000000005
2024-10-09,S08,Baby Care,11813.050000000001
2024-10-09,S08,Bakery,2700.7000000000003
2024-10-09,S08,Beverages,4949.079999999999
2024-10-09,S08,Bill-level adjustments,-1072.21
2024-10-09,S08,Biscuits & Snacks,1133.83
2024-10-09,S08,Confectionery,2750.67
2024-10-09,S08,Dairy,9208.04
2024-10-09,S08,Edible Oils,13890.6
2024-10-09,S08,Frozen & Ready to Eat,4879.59
2024-10-09,S08,Fruits & Vegetables,821.81
2024-10-09,S08,Home Care,6500.51
2024-10-09,S08,Personal Care,8140.1
2024-10-09,S08,Spices & Masala,3929.5600000000004
2024-10-09,S08,Staples & Grains,18908.120000000003
2024-10-09,S08,Stationery & General,3022.2799999999997
2024-10-09,S09,Baby Care,14035.919999999998
2024-10-09,S09,Bakery,1223.54
2024-10-09,S09,Beverages,5087.729999999999
2024-10-09,S09,Bill-level adjustments,-620.86
2024-10-09,S09,Biscuits & Snacks,1087.6
2024-10-09,S09,Confectionery,4271.07
2024-10-09,S09,Dairy,6970.049999999999
2024-10-09,S09,Edible Oils,11700.62
2024-10-09,S09,Frozen & Ready to Eat,3969.51
2024-10-09,S09,Fruits & Vegetables,1493.3799999999999
2024-10-09,S09,Home Care,1686.1999999999998
2024-10-09,S09,Personal Care,8215.3
2024-10-09,S09,Spices & Masala,2053.2199999999993
2024-10-09,S09,Staples & Grains,19480.26
2024-10-09,S09,Stationery & General,1692.3899999999999
2024-10-09,S10,Baby Care,18920.850000000002
2024-10-09,S10,Bakery,2954.8799999999997
2024-10-09,S10,Beverages,5372.489999999999
2024-10-09,S10,Bill-level adjustments,-1848.4899999999998
2024-10-09,S10,Biscuits & Snacks,1268.74
2024-10-09,S10,Confectionery,3736.5099999999998
2024-10-09,S10,Dairy,14137.84
2024-10-09,S10,Edible Oils,21115.450000000004
2024-10-09,S10,Frozen & Ready to Eat,6170.599999999999
2024-10-09,S10,Fruits & Vegetables,3516.1000000000004
2024-10-09,S10,Home Care,5956.85
2024-10-09,S10,Personal Care,17661.530000000002
2024-10-09,S10,Spices & Masala,4498.12
2024-10-09,S10,Staples & Grains,17244.049999999996
2024-10-09,S10,Stationery & General,8973.26
2024-10-09,S11,Baby Care,9112.94
2024-10-09,S11,Bakery,379.42
2024-10-09,S11,Beverages,5026.630000000001
2024-10-09,S11,Bill-level adjustments,-288.53999999999996
2024-10-09,S11,Biscuits & Snacks,1012.8300000000002
2024-10-09,S11,Confectionery,5268.150000000001
2024-10-09,S11,Dairy,4173.88
2024-10-09,S11,Edible Oils,3997.12
2024-10-09,S11,Frozen & Ready to Eat,8931.72
2024-10-09,S11,Fruits & Vegetables,4263.57
2024-10-09,S11,Home Care,8572.95
2024-10-09,S11,Personal Care,6852.53
2024-10-09,S11,Spices & Masala,837.76
2024-10-09,S11,Staples & Grains,16298.7
2024-10-09,S11,Stationery & General,6336.109999999999
2024-10-09,S12,Baby Care,9504.11
2024-10-09,S12,Bakery,3935.8599999999997
2024-10-09,S12,Beverages,10205.960000000003
2024-10-09,S12,Bill-level adjustments,-1109.37
2024-10-09,S12,Biscuits & Snacks,1463.8600000000001
2024-10-09,S12,Confectionery,3460.01
2024-10-09,S12,Dairy,12357.440000000002
2024-10-09,S12,Edible Oils,32714.02
2024-10-09,S12,Frozen & Ready to Eat,5319.56
2024-10-09,S12,Fruits & Vegetables,2453.08
2024-10-09,S12,Home Care,4672.2
2024-10-09,S12,Personal Care,7628.819999999999
2024-10-09,S12,Spices & Masala,1802.35
2024-10-09,S12,Staples & Grains,32706.140000000003
2024-10-09,S12,Stationery & General,9621.280000000002
2024-10-10,S01,Baby Care,18586.92
2024-10-10,S01,Bakery,4521.099999999999
2024-10-10,S01,Beverages,11699.259999999997
2024-10-10,S01,Bill-level adjustments,-914.7900000000001
2024-10-10,S01,Biscuits & Snacks,2795.6600000000003
2024-10-10,S01,Confectionery,6740.05
2024-10-10,S01,Dairy,4171.59
2024-10-10,S01,Edible Oils,19037.93
2024-10-10,S01,Frozen & Ready to Eat,11332.220000000001
2024-10-10,S01,Fruits & Vegetables,3895.669999999999
2024-10-10,S01,Home Care,5142.84
2024-10-10,S01,Personal Care,11188.52
2024-10-10,S01,Spices & Masala,4260.61
2024-10-10,S01,Staples & Grains,38553.78
2024-10-10,S01,Stationery & General,10495.52
2024-10-10,S02,Baby Care,25738.57
2024-10-10,S02,Bakery,4220.780000000001
2024-10-10,S02,Beverages,5523.18
2024-10-10,S02,Bill-level adjustments,-2897.01
2024-10-10,S02,Biscuits & Snacks,2416.75
2024-10-10,S02,Confectionery,4527.38
2024-10-10,S02,Dairy,10265.360000000002
2024-10-10,S02,Edible Oils,12183.42
2024-10-10,S02,Frozen & Ready to Eat,9405.93
2024-10-10,S02,Fruits & Vegetables,3031.0699999999997
2024-10-10,S02,Home Care,10528.180000000002
2024-10-10,S02,Personal Care,10529.739999999998
2024-10-10,S02,Spices & Masala,4869.670000000001
2024-10-10,S02,Staples & Grains,43685.85999999999
2024-10-10,S02,Stationery & General,9627.73
2024-10-10,S03,Baby Care,33921.14
2024-10-10,S03,Bakery,1967.3899999999999
2024-10-10,S03,Beverages,8197.32
2024-10-10,S03,Bill-level adjustments,-1048.42
2024-10-10,S03,Biscuits & Snacks,1815.0
2024-10-10,S03,Confectionery,6200.05
2024-10-10,S03,Dairy,9805.4
2024-10-10,S03,Edible Oils,14209.96
2024-10-10,S03,Frozen & Ready to Eat,4706.56
2024-10-10,S03,Fruits & Vegetables,5218.469999999998
2024-10-10,S03,Home Care,6466.52
2024-10-10,S03,Personal Care,6355.26
2024-10-10,S03,Spices & Masala,9084.19
2024-10-10,S03,Staples & Grains,25883.78
2024-10-10,S03,Stationery & General,10488.380000000001
2024-10-10,S04,Baby Care,19330.89
2024-10-10,S04,Bakery,1360.08
2024-10-10,S04,Beverages,7611.81
2024-10-10,S04,Bill-level adjustments,-812.8900000000001
2024-10-10,S04,Biscuits & Snacks,1329.53
2024-10-10,S04,Confectionery,6192.12
2024-10-10,S04,Dairy,7896.3099999999995
2024-10-10,S04,Edible Oils,19308.230000000003
2024-10-10,S04,Frozen & Ready to Eat,6809.34
2024-10-10,S04,Fruits & Vegetables,6197.530000000001
2024-10-10,S04,Home Care,6584.540000000001
2024-10-10,S04,Personal Care,4720.81
2024-10-10,S04,Spices & Masala,3669.8699999999994
2024-10-10,S04,Staples & Grains,27514.710000000003
2024-10-10,S04,Stationery & General,1819.1799999999998
2024-10-10,S05,Baby Care,10786.090000000002
2024-10-10,S05,Bakery,2122.53
2024-10-10,S05,Beverages,4933.84
2024-10-10,S05,Bill-level adjustments,-999.34
2024-10-10,S05,Biscuits & Snacks,1659.0
2024-10-10,S05,Confectionery,1706.6399999999999
2024-10-10,S05,Dairy,6696.34
2024-10-10,S05,Edible Oils,6556.349999999999
2024-10-10,S05,Frozen & Ready to Eat,3943.8100000000004
2024-10-10,S05,Fruits & Vegetables,395.24
2024-10-10,S05,Home Care,4569.08
2024-10-10,S05,Personal Care,12102.81
2024-10-10,S05,Spices & Masala,3341.83
2024-10-10,S05,Staples & Grains,18483.88
2024-10-10,S05,Stationery & General,8416.0
2024-10-10,S06,Baby Care,15354.839999999997
2024-10-10,S06,Bakery,4254.65
2024-10-10,S06,Beverages,4045.060000000001
2024-10-10,S06,Bill-level adjustments,-874.01
2024-10-10,S06,Biscuits & Snacks,2731.46
2024-10-10,S06,Confectionery,2679.64
2024-10-10,S06,Dairy,10044.01
2024-10-10,S06,Edible Oils,39422.64
2024-10-10,S06,Frozen & Ready to Eat,8419.859999999999
2024-10-10,S06,Fruits & Vegetables,4532.17
2024-10-10,S06,Home Care,3473.92
2024-10-10,S06,Personal Care,8190.51
2024-10-10,S06,Spices & Masala,3006.53
2024-10-10,S06,Staples & Grains,42779.529999999984
2024-10-10,S06,Stationery & General,4107.17
2024-10-10,S07,Baby Care,19722.730000000003
2024-10-10,S07,Bakery,2141.2300000000005
2024-10-10,S07,Beverages,1926.8600000000001
2024-10-10,S07,Bill-level adjustments,-104.94000000000001
2024-10-10,S07,Biscuits & Snacks,1401.1399999999999
2024-10-10,S07,Confectionery,3864.5899999999997
2024-10-10,S07,Dairy,11951.57
2024-10-10,S07,Edible Oils,8028.68
2024-10-10,S07,Frozen & Ready to Eat,6464.78
2024-10-10,S07,Fruits & Vegetables,5335.889999999999
2024-10-10,S07,Home Care,9169.26
2024-10-10,S07,Personal Care,10919.900000000001
2024-10-10,S07,Spices & Masala,4064.3399999999997
2024-10-10,S07,Staples & Grains,24048.739999999998
2024-10-10,S07,Stationery & General,7677.46
2024-10-10,S08,Baby Care,18354.72
2024-10-10,S08,Bakery,1535.7199999999998
2024-10-10,S08,Beverages,6323.3
2024-10-10,S08,Bill-level adjustments,-1021.74
2024-10-10,S08,Biscuits & Snacks,693.1700000000001
2024-10-10,S08,Confectionery,2344.7799999999997
2024-10-10,S08,Dairy,4445.4
2024-10-10,S08,Edible Oils,23950.66
2024-10-10,S08,Frozen & Ready to Eat,6502.05
2024-10-10,S08,Fruits & Vegetables,4721.45
2024-10-10,S08,Home Care,5242.150000000001
2024-10-10,S08,Personal Care,4012.1100000000006
2024-10-10,S08,Spices & Masala,2820.7100000000005
2024-10-10,S08,Staples & Grains,11054.11
2024-10-10,S08,Stationery & General,5541.18
2024-10-10,S09,Baby Care,2791.46
2024-10-10,S09,Bakery,1171.51
2024-10-10,S09,Beverages,7595.9
2024-10-10,S09,Bill-level adjustments,0.0
2024-10-10,S09,Biscuits & Snacks,444.13
2024-10-10,S09,Confectionery,2935.01
2024-10-10,S09,Dairy,4432.09
2024-10-10,S09,Edible Oils,7953.79
2024-10-10,S09,Frozen & Ready to Eat,4365.8099999999995
2024-10-10,S09,Fruits & Vegetables,1527.66
2024-10-10,S09,Home Care,816.0899999999999
2024-10-10,S09,Personal Care,2093.66
2024-10-10,S09,Spices & Masala,2275.75
2024-10-10,S09,Staples & Grains,4321.7
2024-10-10,S09,Stationery & General,5060.42
2024-10-10,S10,Baby Care,42972.71000000001
2024-10-10,S10,Bakery,3710.830000000001
2024-10-10,S10,Beverages,7155.68
2024-10-10,S10,Bill-level adjustments,-1840.0300000000002
2024-10-10,S10,Biscuits & Snacks,3216.3799999999997
2024-10-10,S10,Confectionery,4469.889999999999
2024-10-10,S10,Dairy,18262.9
2024-10-10,S10,Edible Oils,23691.46
2024-10-10,S10,Frozen & Ready to Eat,7424.41
2024-10-10,S10,Fruits & Vegetables,7965.21
2024-10-10,S10,Home Care,11702.020000000002
2024-10-10,S10,Personal Care,18841.35
2024-10-10,S10,Spices & Masala,5562.42
2024-10-10,S10,Staples & Grains,34980.23
2024-10-10,S10,Stationery & General,3848.8900000000003
2024-10-10,S11,Baby Care,14212.62
2024-10-10,S11,Bakery,2128.23
2024-10-10,S11,Beverages,6828.35
2024-10-10,S11,Bill-level adjustments,-691.54
2024-10-10,S11,Biscuits & Snacks,1738.54
2024-10-10,S11,Confectionery,2694.9700000000003
2024-10-10,S11,Dairy,5653.669999999999
2024-10-10,S11,Edible Oils,11034.999999999998
2024-10-10,S11,Frozen & Ready to Eat,3581.13
2024-10-10,S11,Fruits & Vegetables,1562.32
2024-10-10,S11,Home Care,4311.0599999999995
2024-10-10,S11,Personal Care,8832.1
2024-10-10,S11,Spices & Masala,2807.07
2024-10-10,S11,Staples & Grains,15911.050000000001
2024-10-10,S11,Stationery & General,5893.2699999999995
2024-10-10,S12,Baby Care,25873.73
2024-10-10,S12,Bakery,6006.13
2024-10-10,S12,Beverages,5721.159999999999
2024-10-10,S12,Bill-level adjustments,-607.71
2024-10-10,S12,Biscuits & Snacks,1235.82
2024-10-10,S12,Confectionery,6570.380000000001
2024-10-10,S12,Dairy,10667.579999999998
2024-10-10,S12,Edible Oils,19391.87
2024-10-10,S12,Frozen & Ready to Eat,12594.4
2024-10-10,S12,Fruits & Vegetables,5512.93
2024-10-10,S12,Home Care,8419.18
2024-10-10,S12,Personal Care,15804.939999999999
2024-10-10,S12,Spices & Masala,6063.469999999999
2024-10-10,S12,Staples & Grains,36464.350000000006
2024-10-10,S12,Stationery & General,5330.67
2024-10-11,S01,Baby Care,50674.91999999999
2024-10-11,S01,Bakery,6089.400000000001
2024-10-11,S01,Beverages,6947.830000000001
2024-10-11,S01,Bill-level adjustments,-1621.25
2024-10-11,S01,Biscuits & Snacks,5021.04
2024-10-11,S01,Confectionery,10015.199999999997
2024-10-11,S01,Dairy,18569.309999999998
2024-10-11,S01,Edible Oils,34735.69000000001
2024-10-11,S01,Frozen & Ready to Eat,6829.59
2024-10-11,S01,Fruits & Vegetables,7617.73
2024-10-11,S01,Home Care,16444.48
2024-10-11,S01,Personal Care,14860.71
2024-10-11,S01,Spices & Masala,5833.650000000001
2024-10-11,S01,Staples & Grains,38648.56
2024-10-11,S01,Stationery & General,14840.300000000001
2024-10-11,S02,Baby Care,15176.710000000001
2024-10-11,S02,Bakery,540.01
2024-10-11,S02,Beverages,6762.339999999999
2024-10-11,S02,Bill-level adjustments,-1227.11
2024-10-11,S02,Biscuits & Snacks,2869.96
2024-10-11,S02,Confectionery,4883.16
2024-10-11,S02,Dairy,4498.76
2024-10-11,S02,Edible Oils,17486.22
2024-10-11,S02,Frozen & Ready to Eat,6967.179999999999
2024-10-11,S02,Fruits & Vegetables,2390.21
2024-10-11,S02,Home Care,12956.739999999998
2024-10-11,S02,Personal Care,6799.299999999999
2024-10-11,S02,Spices & Masala,3288.1700000000005
2024-10-11,S02,Staples & Grains,21204.639999999996
2024-10-11,S02,Stationery & General,2072.0
2024-10-11,S03,Baby Care,33195.53999999999
2024-10-11,S03,Bakery,5446.550000000001
2024-10-11,S03,Beverages,7579.240000000001
2024-10-11,S03,Bill-level adjustments,-2718.09
2024-10-11,S03,Biscuits & Snacks,3612.27
2024-10-11,S03,Confectionery,7894.729999999999
2024-10-11,S03,Dairy,15944.63
2024-10-11,S03,Edible Oils,19797.149999999998
2024-10-11,S03,Frozen & Ready to Eat,10584.749999999998
2024-10-11,S03,Fruits & Vegetables,2777.9400000000005
2024-10-11,S03,Home Care,10788.030000000002
2024-10-11,S03,Personal Care,20498.769999999997
2024-10-11,S03,Spices & Masala,9921.65
2024-10-11,S03,Staples & Grains,25442.29
2024-10-11,S03,Stationery & General,6369.68
2024-10-11,S04,Baby Care,10842.220000000001
2024-10-11,S04,Bakery,3104.4
2024-10-11,S04,Beverages,2923.4500000000003
2024-10-11,S04,Bill-level adjustments,-1589.4599999999996
2024-10-11,S04,Biscuits & Snacks,3393.9799999999996
2024-10-11,S04,Confectionery,2690.48
2024-10-11,S04,Dairy,8597.23
2024-10-11,S04,Edible Oils,25942.759999999995
2024-10-11,S04,Frozen & Ready to Eat,13888.550000000001
2024-10-11,S04,Fruits & Vegetables,3877.6699999999996
2024-10-11,S04,Home Care,7851.33
2024-10-11,S04,Personal Care,9970.720000000001
2024-10-11,S04,Spices & Masala,7714.3099999999995
2024-10-11,S04,Staples & Grains,33509.170000000006
2024-10-11,S04,Stationery & General,6041.959999999999
2024-10-11,S05,Baby Care,21283.260000000002
2024-10-11,S05,Bakery,3214.43
2024-10-11,S05,Beverages,5850.470000000001
2024-10-11,S05,Bill-level adjustments,-1159.5700000000002
2024-10-11,S05,Biscuits & Snacks,903.45
2024-10-11,S05,Confectionery,3977.4799999999996
2024-10-11,S05,Dairy,4478.3099999999995
2024-10-11,S05,Edible Oils,20852.680000000004
2024-10-11,S05,Frozen & Ready to Eat,6252.790000000001
2024-10-11,S05,Fruits & Vegetables,2240.2799999999997
2024-10-11,S05,Home Care,8422.16
2024-10-11,S05,Personal Care,10546.279999999999
2024-10-11,S05,Spices & Masala,4352.87
2024-10-11,S05,Staples & Grains,10737.75
2024-10-11,S05,Stationery & General,5208.120000000001
2024-10-11,S06,Baby Care,47581.48000000001
2024-10-11,S06,Bakery,3938.9600000000005
2024-10-11,S06,Beverages,12781.710000000001
2024-10-11,S06,Bill-level adjustments,-2859.43
2024-10-11,S06,Biscuits & Snacks,2514.98
2024-10-11,S06,Confectionery,7122.92
2024-10-11,S06,Dairy,15379.909999999994
2024-10-11,S06,Edible Oils,40518.7
2024-10-11,S06,Frozen & Ready to Eat,12203.36
2024-10-11,S06,Fruits & Vegetables,4786.929999999999
2024-10-11,S06,Home Care,13905.88
2024-10-11,S06,Personal Care,15274.720000000001
2024-10-11,S06,Spices & Masala,9041.629999999997
2024-10-11,S06,Staples & Grains,43782.42
2024-10-11,S06,Stationery & General,9670.659999999998
2024-10-11,S07,Baby Care,15149.7
2024-10-11,S07,Bakery,3070.2300000000005
2024-10-11,S07,Beverages,5342.71
2024-10-11,S07,Bill-level adjustments,-541.48
2024-10-11,S07,Biscuits & Snacks,1588.46
2024-10-11,S07,Confectionery,3325.23
2024-10-11,S07,Dairy,9668.82
2024-10-11,S07,Edible Oils,22505.739999999998
2024-10-11,S07,Frozen & Ready to Eat,2289.7
2024-10-11,S07,Fruits & Vegetables,3229.83
2024-10-11,S07,Home Care,4911.530000000001
2024-10-11,S07,Personal Care,6827.2699999999995
2024-10-11,S07,Spices & Masala,3494.7400000000002
2024-10-11,S07,Staples & Grains,18577.29
2024-10-11,S07,Stationery & General,7865.7699999999995
2024-10-11,S08,Baby Care,17487.61
2024-10-11,S08,Bakery,5819.64
2024-10-11,S08,Beverages,5243.91
2024-10-11,S08,Bill-level adjustments,-2462.31
2024-10-11,S08,Biscuits & Snacks,2184.1
2024-10-11,S08,Confectionery,2065.4900000000002
2024-10-11,S08,Dairy,14671.53
2024-10-11,S08,Edible Oils,24695.04
2024-10-11,S08,Frozen & Ready to Eat,4627.06
2024-10-11,S08,Fruits & Vegetables,3476.89
2024-10-11,S08,Home Care,2361.77
2024-10-11,S08,Personal Care,8172.6900000000005
2024-10-11,S08,Spices & Masala,1076.0900000000001
2024-10-11,S08,Staples & Grains,15690.099999999999
2024-10-11,S08,Stationery & General,3661.7299999999996
2024-10-11,S09,Baby Care,21453.68
2024-10-11,S09,Bakery,3089.78
2024-10-11,S09,Beverages,3751.63
2024-10-11,S09,Bill-level adjustments,-3085.0200000000004
2024-10-11,S09,Biscuits & Snacks,1769.6800000000003
2024-10-11,S09,Confectionery,3609.16
2024-10-11,S09,Dairy,2580.68
2024-10-11,S09,Edible Oils,17964.780000000006
2024-10-11,S09,Frozen & Ready to Eat,6917.579999999999
2024-10-11,S09,Fruits & Vegetables,2978.23
2024-10-11,S09,Home Care,6811.059999999999
2024-10-11,S09,Personal Care,12213.029999999999
2024-10-11,S09,Spices & Masala,5759.14
2024-10-11,S09,Staples & Grains,16233.210000000001
2024-10-11,S09,Stationery & General,5045.33
2024-10-11,S10,Baby Care,29399.039999999997
2024-10-11,S10,Bakery,6492.120000000002
2024-10-11,S10,Beverages,6980.8099999999995
2024-10-11,S10,Bill-level adjustments,-2016.88
2024-10-11,S10,Biscuits & Snacks,3368.159999999999
2024-10-11,S10,Confectionery,11401.599999999999
2024-10-11,S10,Dairy,12174.889999999998
2024-10-11,S10,Edible Oils,34680.91000000001
2024-10-11,S10,Frozen & Ready to Eat,8969.8
2024-10-11,S10,Fruits & Vegetables,7231.219999999999
2024-10-11,S10,Home Care,15208.470000000001
2024-10-11,S10,Personal Care,14762.649999999998
2024-10-11,S10,Spices & Masala,10028.829999999998
2024-10-11,S10,Staples & Grains,37691.49
2024-10-11,S10,Stationery & General,13114.45
2024-10-11,S11,Baby Care,15793.57
2024-10-11,S11,Bakery,1482.2299999999998
2024-10-11,S11,Beverages,4701.210000000001
2024-10-11,S11,Bill-level adjustments,-1078.44
2024-10-11,S11,Biscuits & Snacks,2450.4
2024-10-11,S11,Confectionery,6389.349999999999
2024-10-11,S11,Dairy,8927.220000000001
2024-10-11,S11,Edible Oils,29202.07
2024-10-11,S11,Frozen & Ready to Eat,8522.289999999999
2024-10-11,S11,Fruits & Vegetables,5390.44
2024-10-11,S11,Home Care,6394.4400000000005
2024-10-11,S11,Personal Care,9177.77
2024-10-11,S11,Spices & Masala,1745.91
2024-10-11,S11,Staples & Grains,18982.160000000003
2024-10-11,S11,Stationery & General,5273.17
2024-10-11,S12,Baby Care,22912.040000000005
2024-10-11,S12,Bakery,5135.8099999999995
2024-10-11,S12,Beverages,7413.530000000001
2024-10-11,S12,Bill-level adjustments,-841.8299999999999
2024-10-11,S12,Biscuits & Snacks,1480.2699999999998
2024-10-11,S12,Confectionery,3617.6600000000008
2024-10-11,S12,Dairy,6767.48
2024-10-11,S12,Edible Oils,23180.449999999997
2024-10-11,S12,Frozen & Ready to Eat,9958.369999999999
2024-10-11,S12,Fruits & Vegetables,4861.0
2024-10-11,S12,Home Care,5176.360000000001
2024-10-11,S12,Personal Care,8260.240000000002
2024-10-11,S12,Spices & Masala,3188.8199999999997
2024-10-11,S12,Staples & Grains,17715.730000000003
2024-10-11,S12,Stationery & General,7697.83
2024-10-12,S01,Baby Care,55855.11
2024-10-12,S01,Bakery,4524.25
2024-10-12,S01,Beverages,12598.13
2024-10-12,S01,Bill-level adjustments,-3267.73
2024-10-12,S01,Biscuits & Snacks,2579.1999999999994
2024-10-12,S01,Confectionery,9548.82
2024-10-12,S01,Dairy,21234.29
2024-10-12,S01,Edible Oils,50484.740000000005
2024-10-12,S01,Frozen & Ready to Eat,16469.070000000003
2024-10-12,S01,Fruits & Vegetables,6925.169999999998
2024-10-12,S01,Home Care,19389.640000000003
2024-10-12,S01,Personal Care,13729.100000000002
2024-10-12,S01,Spices & Masala,7307.91
2024-10-12,S01,Staples & Grains,41669.52000000001
2024-10-12,S01,Stationery & General,13195.680000000002
2024-10-12,S02,Baby Care,36531.21
2024-10-12,S02,Bakery,6048.289999999999
2024-10-12,S02,Beverages,8296.53
2024-10-12,S02,Bill-level adjustments,-2998.1099999999997
2024-10-12,S02,Biscuits & Snacks,2676.97
2024-10-12,S02,Confectionery,4445.3099999999995
2024-10-12,S02,Dairy,17324.249999999996
2024-10-12,S02,Edible Oils,36156.71000000001
2024-10-12,S02,Frozen & Ready to Eat,12547.239999999998
2024-10-12,S02,Fruits & Vegetables,5606.259999999999
2024-10-12,S02,Home Care,15707.229999999996
2024-10-12,S02,Personal Care,15477.640000000001
2024-10-12,S02,Spices & Masala,8430.83
2024-10-12,S02,Staples & Grains,32209.790000000005
2024-10-12,S02,Stationery & General,11346.280000000002
2024-10-12,S03,Baby Care,55419.36
2024-10-12,S03,Bakery,3909.9200000000005
2024-10-12,S03,Beverages,6006.870000000001
2024-10-12,S03,Bill-level adjustments,-4568.45
2024-10-12,S03,Biscuits & Snacks,3381.8499999999995
2024-10-12,S03,Confectionery,6138.54
2024-10-12,S03,Dairy,24049.620000000006
2024-10-12,S03,Edible Oils,41560.61000000001
2024-10-12,S03,Frozen & Ready to Eat,15355.97
2024-10-12,S03,Fruits & Vegetables,8871.159999999998
2024-10-12,S03,Home Care,13025.819999999996
2024-10-12,S03,Personal Care,20961.78
2024-10-12,S03,Spices & Masala,11185.539999999997
2024-10-12,S03,Staples & Grains,77232.78000000001
2024-10-12,S03,Stationery & General,15480.560000000003
2024-10-12,S04,Baby Care,22878.33
2024-10-12,S04,Bakery,6029.550000000002
2024-10-12,S04,Beverages,14830.43
2024-10-12,S04,Bill-level adjustments,-4574.36
2024-10-12,S04,Biscuits & Snacks,4020.2800000000007
2024-10-12,S04,Confectionery,6448.4800000000005
2024-10-12,S04,Dairy,15808.62
2024-10-12,S04,Edible Oils,50067.92000000001
2024-10-12,S04,Frozen & Ready to Eat,15400.13
2024-10-12,S04,Fruits & Vegetables,6182.9800000000005
2024-10-12,S04,Home Care,13514.01
2024-10-12,S04,Personal Care,12655.500000000002
2024-10-12,S04,Spices & Masala,7160.4800000000005
2024-10-12,S04,Staples & Grains,44588.38
2024-10-12,S04,Stationery & General,11563.839999999998
2024-10-12,S05,Baby Care,20837.61
2024-10-12,S05,Bakery,3653.71
2024-10-12,S05,Beverages,11212.480000000001
2024-10-12,S05,Bill-level adjustments,-1384.73
2024-10-12,S05,Biscuits & Snacks,2671.24
2024-10-12,S05,Confectionery,5385.36
2024-10-12,S05,Dairy,22672.900000000005
2024-10-12,S05,Edible Oils,23711.04
2024-10-12,S05,Frozen & Ready to Eat,8706.019999999999
2024-10-12,S05,Fruits & Vegetables,3033.9
2024-10-12,S05,Home Care,5254.390000000001
2024-10-12,S05,Personal Care,17875.33
2024-10-12,S05,Spices & Masala,5920.7300000000005
2024-10-12,S05,Staples & Grains,24114.710000000003
2024-10-12,S05,Stationery & General,6190.45
2024-10-12,S06,Baby Care,41520.67
2024-10-12,S06,Bakery,4738.29
2024-10-12,S06,Beverages,14189.43
2024-10-12,S06,Bill-level adjustments,-1782.86
2024-10-12,S06,Biscuits & Snacks,3573.2799999999997
2024-10-12,S06,Confectionery,5964.369999999999
2024-10-12,S06,Dairy,11328.11
2024-10-12,S06,Edible Oils,28510.399999999994
2024-10-12,S06,Frozen & Ready to Eat,5848.950000000001
2024-10-12,S06,Fruits & Vegetables,9096.070000000002
2024-10-12,S06,Home Care,14750.560000000003
2024-10-12,S06,Personal Care,8748.630000000001
2024-10-12,S06,Spices & Masala,7917.17
2024-10-12,S06,Staples & Grains,19060.190000000002
2024-10-12,S06,Stationery & General,10865.140000000001
2024-10-12,S07,Baby Care,23851.54
2024-10-12,S07,Bakery,4103.01
2024-10-12,S07,Beverages,11950.32
2024-10-12,S07,Bill-level adjustments,-3764.2599999999998
2024-10-12,S07,Biscuits & Snacks,2863.4500000000007
2024-10-12,S07,Confectionery,10985.369999999997
2024-10-12,S07,Dairy,13356.3
2024-10-12,S07,Edible Oils,36784.240000000005
2024-10-12,S07,Frozen & Ready to Eat,12535.129999999997
2024-10-12,S07,Fruits & Vegetables,8219.13
2024-10-12,S07,Home Care,12070.880000000001
2024-10-12,S07,Personal Care,13460.589999999998
2024-10-12,S07,Spices & Masala,6546.5
2024-10-12,S07,Staples & Grains,33829.63
2024-10-12,S07,Stationery & General,8158.589999999999
2024-10-12,S08,Baby Care,27482.83
2024-10-12,S08,Bakery,2387.57
2024-10-12,S08,Beverages,8629.640000000001
2024-10-12,S08,Bill-level adjustments,-906.3899999999999
2024-10-12,S08,Biscuits & Snacks,640.26
2024-10-12,S08,Confectionery,1727.15
2024-10-12,S08,Dairy,8767.490000000002
2024-10-12,S08,Edible Oils,22147.989999999998
2024-10-12,S08,Frozen & Ready to Eat,3923.3
2024-10-12,S08,Fruits & Vegetables,1995.23
2024-10-12,S08,Home Care,4437.04
2024-10-12,S08,Personal Care,9671.01
2024-10-12,S08,Spices & Masala,1061.51
2024-10-12,S08,Staples & Grains,25287.789999999997
2024-10-12,S08,Stationery & General,8246.38
2024-10-12,S09,Baby Care,17152.320000000003
2024-10-12,S09,Bakery,3262.9300000000003
2024-10-12,S09,Beverages,6180.59
2024-10-12,S09,Bill-level adjustments,-1883.9700000000003
2024-10-12,S09,Biscuits & Snacks,1166.8600000000001
2024-10-12,S09,Confectionery,2358.85
2024-10-12,S09,Dairy,12880.160000000003
2024-10-12,S09,Edible Oils,21996.62
2024-10-12,S09,Frozen & Ready to Eat,6858.580000000001
2024-10-12,S09,Fruits & Vegetables,4487.16
2024-10-12,S09,Home Care,3465.57
2024-10-12,S09,Personal Care,7339.389999999999
2024-10-12,S09,Spices & Masala,4116.76
2024-10-12,S09,Staples & Grains,18832.370000000003
2024-10-12,S09,Stationery & General,6894.770000000001
2024-10-12,S10,Baby Care,62443.200000000004
2024-10-12,S10,Bakery,6169.81
2024-10-12,S10,Beverages,8511.12
2024-10-12,S10,Bill-level adjustments,-1186.0
2024-10-12,S10,Biscuits & Snacks,3191.61
2024-10-12,S10,Confectionery,8032.479999999999
2024-10-12,S10,Dairy,21499.969999999998
2024-10-12,S10,Edible Oils,38886.310000000005
2024-10-12,S10,Frozen & Ready to Eat,11885.88
2024-10-12,S10,Fruits & Vegetables,9302.9
2024-10-12,S10,Home Care,9306.29
2024-10-12,S10,Personal Care,19455.969999999998
2024-10-12,S10,Spices & Masala,11688.299999999997
2024-10-12,S10,Staples & Grains,38190.21
2024-10-12,S10,Stationery & General,12092.44
2024-10-12,S11,Baby Care,38665.909999999996
2024-10-12,S11,Bakery,7719.590000000001
2024-10-12,S11,Beverages,9914.349999999999
2024-10-12,S11,Bill-level adjustments,-1076.6799999999998
2024-10-12,S11,Biscuits & Snacks,3171.4000000000005
2024-10-12,S11,Confectionery,3055.61
2024-10-12,S11,Dairy,15655.880000000001
2024-10-12,S11,Edible Oils,29773.109999999997
2024-10-12,S11,Frozen & Ready to Eat,10372.9
2024-10-12,S11,Fruits & Vegetables,7581.409999999999
2024-10-12,S11,Home Care,10796.66
2024-10-12,S11,Personal Care,15436.02
2024-10-12,S11,Spices & Masala,7184.540000000001
2024-10-12,S11,Staples & Grains,29003.079999999994
2024-10-12,S11,Stationery & General,8941.730000000001
2024-10-12,S12,Baby Care,53992.23999999999
2024-10-12,S12,Bakery,3891.84
2024-10-12,S12,Beverages,8736.439999999999
2024-10-12,S12,Bill-level adjustments,-1370.5
2024-10-12,S12,Biscuits & Snacks,2777.22
2024-10-12,S12,Confectionery,11591.42
2024-10-12,S12,Dairy,23199.96
2024-10-12,S12,Edible Oils,41630.450000000004
2024-10-12,S12,Frozen & Ready to Eat,14178.399999999998
2024-10-12,S12,Fruits & Vegetables,7464.949999999999
2024-10-12,S12,Home Care,11345.0
2024-10-12,S12,Personal Care,21426.83
2024-10-12,S12,Spices & Masala,6396.289999999999
2024-10-12,S12,Staples & Grains,37345.46
2024-10-12,S12,Stationery & General,9312.550000000001
2024-10-13,S01,Baby Care,40671.51
2024-10-13,S01,Bakery,6026.660000000001
2024-10-13,S01,Beverages,9180.41
2024-10-13,S01,Bill-level adjustments,-2148.42
2024-10-13,S01,Biscuits & Snacks,3509.69
2024-10-13,S01,Confectionery,7472.42
2024-10-13,S01,Dairy,19551.469999999998
2024-10-13,S01,Edible Oils,47306.17
2024-10-13,S01,Frozen & Ready to Eat,10736.28
2024-10-13,S01,Fruits & Vegetables,5020.76
2024-10-13,S01,Home Care,12774.07
2024-10-13,S01,Personal Care,12579.72
2024-10-13,S01,Spices & Masala,8409.919999999998
2024-10-13,S01,Staples & Grains,51431.09
2024-10-13,S01,Stationery & General,14049.46
2024-10-13,S02,Baby Care,36378.380000000005
2024-10-13,S02,Bakery,5452.82
2024-10-13,S02,Beverages,7741.01
2024-10-13,S02,Bill-level adjustments,-1299.43
2024-10-13,S02,Biscuits & Snacks,2651.81
2024-10-13,S02,Confectionery,5575.200000000001
2024-10-13,S02,Dairy,10904.679999999998
2024-10-13,S02,Edible Oils,31463.570000000003
2024-10-13,S02,Frozen & Ready to Eat,10532.77
2024-10-13,S02,Fruits & Vegetables,7384.2
2024-10-13,S02,Home Care,9317.429999999998
2024-10-13,S02,Personal Care,9587.819999999998
2024-10-13,S02,Spices & Masala,5333.3
2024-10-13,S02,Staples & Grains,30968.019999999997
2024-10-13,S02,Stationery & General,13947.990000000002
2024-10-13,S03,Baby Care,45675.509999999995
2024-10-13,S03,Bakery,6259.11
2024-10-13,S03,Beverages,14964.45
2024-10-13,S03,Bill-level adjustments,-1657.6200000000001
2024-10-13,S03,Biscuits & Snacks,2726.4
2024-10-13,S03,Confectionery,5363.150000000001
2024-10-13,S03,Dairy,11438.5
2024-10-13,S03,Edible Oils,29521.21
2024-10-13,S03,Frozen & Ready to Eat,11511.569999999998
2024-10-13,S03,Fruits & Vegetables,8743.62
2024-10-13,S03,Home Care,9053.73
2024-10-13,S03,Personal Care,19264.55
2024-10-13,S03,Spices & Masala,12760.16
2024-10-13,S03,Staples & Grains,49613.039999999986
2024-10-13,S03,Stationery & General,17456.21
2024-10-13,S04,Baby Care,34311.71
2024-10-13,S04,Bakery,6079.0599999999995
2024-10-13,S04,Beverages,8817.94
2024-10-13,S04,Bill-level adjustments,-1476.05
2024-10-13,S04,Biscuits & Snacks,3479.690000000001
2024-10-13,S04,Confectionery,4830.610000000001
2024-10-13,S04,Dairy,17527.690000000002
2024-10-13,S04,Edible Oils,45428.119999999995
2024-10-13,S04,Frozen & Ready to Eat,9695.32
2024-10-13,S04,Fruits & Vegetables,7474.209999999999
2024-10-13,S04,Home Care,9653.84
2024-10-13,S04,Personal Care,16186.07
2024-10-13,S04,Spices & Masala,6763.95
2024-10-13,S04,Staples & Grains,35581.82
2024-10-13,S04,Stationery & General,7592.9800000000005
2024-10-13,S05,Baby Care,9868.220000000001
2024-10-13,S05,Bakery,1917.34
2024-10-13,S05,Beverages,9945.27
2024-10-13,S05,Bill-level adjustments,-2514.2999999999997
2024-10-13,S05,Biscuits & Snacks,1479.1799999999998
2024-10-13,S05,Confectionery,2004.68
2024-10-13,S05,Dairy,11524.89
2024-10-13,S05,Edible Oils,47325.00999999999
2024-10-13,S05,Frozen & Ready to Eat,9119.31
2024-10-13,S05,Fruits & Vegetables,5686.95
2024-10-13,S05,Home Care,2998.4999999999995
2024-10-13,S05,Personal Care,10395.16
2024-10-13,S05,Spices & Masala,4171.34
2024-10-13,S05,Staples & Grains,30557.3
2024-10-13,S05,Stationery & General,6891.490000000001
2024-10-13,S06,Baby Care,42245.64
2024-10-13,S06,Bakery,5892.5
2024-10-13,S06,Beverages,15922.4
2024-10-13,S06,Bill-level adjustments,-1972.33
2024-10-13,S06,Biscuits & Snacks,4423.030000000002
2024-10-13,S06,Confectionery,9714.88
2024-10-13,S06,Dairy,16792.679999999997
2024-10-13,S06,Edible Oils,32868.01
2024-10-13,S06,Frozen & Ready to Eat,11546.47
2024-10-13,S06,Fruits & Vegetables,7149.329999999999
2024-10-13,S06,Home Care,6539.179999999999
2024-10-13,S06,Personal Care,15799.510000000002
2024-10-13,S06,Spices & Masala,7946.729999999999
2024-10-13,S06,Staples & Grains,33612.020000000004
2024-10-13,S06,Stationery & General,8200.18
2024-10-13,S07,Baby Care,29909.860000000004
2024-10-13,S07,Bakery,3846.2699999999995
2024-10-13,S07,Beverages,10325.75
2024-10-13,S07,Bill-level adjustments,-1449.58
2024-10-13,S07,Biscuits & Snacks,2126.06
2024-10-13,S07,Confectionery,7688.450000000001
2024-10-13,S07,Dairy,9103.940000000002
2024-10-13,S07,Edible Oils,21144.620000000003
2024-10-13,S07,Frozen & Ready to Eat,8448.34
2024-10-13,S07,Fruits & Vegetables,2297.0099999999998
2024-10-13,S07,Home Care,11075.150000000001
2024-10-13,S07,Personal Care,9150.07
2024-10-13,S07,Spices & Masala,2022.3700000000003
2024-10-13,S07,Staples & Grains,27890.199999999997
2024-10-13,S07,Stationery & General,7172.16
2024-10-13,S08,Baby Care,17433.960000000003
2024-10-13,S08,Bakery,4183.5
2024-10-13,S08,Beverages,4563.21
2024-10-13,S08,Bill-level adjustments,-480.38
2024-10-13,S08,Biscuits & Snacks,1118.44
2024-10-13,S08,Confectionery,6062.17
2024-10-13,S08,Dairy,15462.17
2024-10-13,S08,Edible Oils,35339.32
2024-10-13,S08,Frozen & Ready to Eat,9281.33
2024-10-13,S08,Fruits & Vegetables,4237.52
2024-10-13,S08,Home Care,6172.79
2024-10-13,S08,Personal Care,7759.58
2024-10-13,S08,Spices & Masala,6332.500000000001
2024-10-13,S08,Staples & Grains,12398.990000000002
2024-10-13,S08,Stationery & General,10577.800000000001
2024-10-13,S09,Baby Care,33236.439999999995
2024-10-13,S09,Bakery,2226.27
2024-10-13,S09,Beverages,5224.049999999999
2024-10-13,S09,Bill-level adjustments,-1515.69
2024-10-13,S09,Biscuits & Snacks,1489.24
2024-10-13,S09,Confectionery,3681.9599999999996
2024-10-13,S09,Dairy,13223.109999999997
2024-10-13,S09,Edible Oils,26728.38
2024-10-13,S09,Frozen & Ready to Eat,5423.660000000001
2024-10-13,S09,Fruits & Vegetables,2247.9300000000003
2024-10-13,S09,Home Care,4460.410000000001
2024-10-13,S09,Personal Care,6341.35
2024-10-13,S09,Spices & Masala,5624.0199999999995
2024-10-13,S09,Staples & Grains,11267.310000000001
2024-10-13,S09,Stationery & General,5988.780000000001
2024-10-13,S10,Baby Care,30517.14
2024-10-13,S10,Bakery,6771.430000000001
2024-10-13,S10,Beverages,13529.939999999997
2024-10-13,S10,Bill-level adjustments,-1558.65
2024-10-13,S10,Biscuits & Snacks,3482.3
2024-10-13,S10,Confectionery,6985.120000000001
2024-10-13,S10,Dairy,19590.86
2024-10-13,S10,Edible Oils,43799.48
2024-10-13,S10,Frozen & Ready to Eat,12785.37
2024-10-13,S10,Fruits & Vegetables,7067.929999999999
2024-10-13,S10,Home Care,18223.829999999998
2024-10-13,S10,Personal Care,16072.939999999999
2024-10-13,S10,Spices & Masala,9163.990000000002
2024-10-13,S10,Staples & Grains,43381.56999999999
2024-10-13,S10,Stationery & General,10203.559999999998
2024-10-13,S11,Baby Care,14304.230000000001
2024-10-13,S11,Bakery,4691.160000000001
2024-10-13,S11,Beverages,5807.59
2024-10-13,S11,Bill-level adjustments,-1854.05
2024-10-13,S11,Biscuits & Snacks,1714.97
2024-10-13,S11,Confectionery,7019.87
2024-10-13,S11,Dairy,11309.44
2024-10-13,S11,Edible Oils,14897.67
2024-10-13,S11,Frozen & Ready to Eat,10074.030000000002
2024-10-13,S11,Fruits & Vegetables,3747.2799999999997
2024-10-13,S11,Home Care,11013.699999999999
2024-10-13,S11,Personal Care,7763.409999999999
2024-10-13,S11,Spices & Masala,6821.759999999999
2024-10-13,S11,Staples & Grains,32504.32
2024-10-13,S11,Stationery & General,6744.0
2024-10-13,S12,Baby Care,22912.750000000004
2024-10-13,S12,Bakery,2908.0
2024-10-13,S12,Beverages,6918.7
2024-10-13,S12,Bill-level adjustments,-1190.3200000000002
2024-10-13,S12,Biscuits & Snacks,2357.4500000000003
2024-10-13,S12,Confectionery,1731.26
2024-10-13,S12,Dairy,14305.050000000003
2024-10-13,S12,Edible Oils,24367.06
2024-10-13,S12,Frozen & Ready to Eat,13083.499999999998
2024-10-13,S12,Fruits & Vegetables,6678.660000000002
2024-10-13,S12,Home Care,5414.700000000001
2024-10-13,S12,Personal Care,11140.610000000002
2024-10-13,S12,Spices & Masala,5407.62
2024-10-13,S12,Staples & Grains,28562.03
2024-10-13,S12,Stationery & General,6910.330000000002
2024-10-14,S01,Baby Care,9011.4
2024-10-14,S01,Bakery,3213.0200000000004
2024-10-14,S01,Beverages,5771.74
2024-10-14,S01,Bill-level adjustments,-1331.9599999999998
2024-10-14,S01,Biscuits & Snacks,3154.2800000000007
2024-10-14,S01,Confectionery,4945.99
2024-10-14,S01,Dairy,11919.559999999998
2024-10-14,S01,Edible Oils,24114.59
2024-10-14,S01,Frozen & Ready to Eat,5905.24
2024-10-14,S01,Fruits & Vegetables,4590.110000000001
2024-10-14,S01,Home Care,15889.039999999999
2024-10-14,S01,Personal Care,11845.039999999999
2024-10-14,S01,Spices & Masala,4667.63
2024-10-14,S01,Staples & Grains,25878.04
2024-10-14,S01,Stationery & General,10017.42
2024-10-14,S02,Baby Care,6252.75
2024-10-14,S02,Bakery,2816.5
2024-10-14,S02,Beverages,6765.660000000001
2024-10-14,S02,Bill-level adjustments,-1996.94
2024-10-14,S02,Biscuits & Snacks,2022.93
2024-10-14,S02,Confectionery,6107.64
2024-10-14,S02,Dairy,12772.7
2024-10-14,S02,Edible Oils,11473.930000000002
2024-10-14,S02,Frozen & Ready to Eat,6172.08
2024-10-14,S02,Fruits & Vegetables,3968.84
2024-10-14,S02,Home Care,11708.500000000002
2024-10-14,S02,Personal Care,8174.209999999999
2024-10-14,S02,Spices & Masala,3594.09
2024-10-14,S02,Staples & Grains,28753.98
2024-10-14,S02,Stationery & General,5757.899999999999
2024-10-14,S03,Baby Care,27278.31
2024-10-14,S03,Bakery,6005.2
2024-10-14,S03,Beverages,10235.980000000001
2024-10-14,S03,Bill-level adjustments,-2040.69
2024-10-14,S03,Biscuits & Snacks,1875.8700000000001
2024-10-14,S03,Confectionery,2818.2400000000002
2024-10-14,S03,Dairy,12541.280000000002
2024-10-14,S03,Edible Oils,27803.750000000004
2024-10-14,S03,Frozen & Ready to Eat,10538.719999999998
2024-10-14,S03,Fruits & Vegetables,4561.200000000001
2024-10-14,S03,Home Care,9567.97
2024-10-14,S03,Personal Care,13471.43
2024-10-14,S03,Spices & Masala,7552.630000000001
2024-10-14,S03,Staples & Grains,42143.86
2024-10-14,S03,Stationery & General,11609.16
2024-10-14,S04,Baby Care,28594.269999999997
2024-10-14,S04,Bakery,2041.6000000000001
2024-10-14,S04,Beverages,2704.36
2024-10-14,S04,Bill-level adjustments,-1006.5899999999999
2024-10-14,S04,Biscuits & Snacks,1395.1200000000001
2024-10-14,S04,Confectionery,4645.18
2024-10-14,S04,Dairy,9790.63
2024-10-14,S04,Edible Oils,8283.1
2024-10-14,S04,Frozen & Ready to Eat,3781.98
2024-10-14,S04,Fruits & Vegetables,4173.21
2024-10-14,S04,Home Care,4062.94
2024-10-14,S04,Personal Care,12556.410000000002
2024-10-14,S04,Spices & Masala,4296.3099999999995
2024-10-14,S04,Staples & Grains,31877.660000000003
2024-10-14,S04,Stationery & General,5885.139999999999
2024-10-14,S05,Baby Care,36450.98
2024-10-14,S05,Bakery,1026.72
2024-10-14,S05,Beverages,6147.599999999999
2024-10-14,S05,Bill-level adjustments,-471.69
2024-10-14,S05,Biscuits & Snacks,1866.0499999999997
2024-10-14,S05,Confectionery,3570.1599999999994
2024-10-14,S05,Dairy,10509.21
2024-10-14,S05,Edible Oils,28140.230000000003
2024-10-14,S05,Frozen & Ready to Eat,6355.47
2024-10-14,S05,Fruits & Vegetables,3007.73
2024-10-14,S05,Home Care,1112.42
2024-10-14,S05,Personal Care,5989.59
2024-10-14,S05,Spices & Masala,5436.98
2024-10-14,S05,Staples & Grains,23085.980000000003
2024-10-14,S05,Stationery & General,8712.74
2024-10-14,S06,Baby Care,26733.150000000005
2024-10-14,S06,Bakery,1753.5099999999998
2024-10-14,S06,Beverages,3983.67
2024-10-14,S06,Bill-level adjustments,-1115.81
2024-10-14,S06,Biscuits & Snacks,1958.71
2024-10-14,S06,Confectionery,3013.72
2024-10-14,S06,Dairy,10039.03
2024-10-14,S06,Edible Oils,16372.91
2024-10-14,S06,Frozen & Ready to Eat,6687.22
2024-10-14,S06,Fruits & Vegetables,2903.29
2024-10-14,S06,Home Care,14322.960000000001
2024-10-14,S06,Personal Care,3929.0299999999993
2024-10-14,S06,Spices & Masala,1878.9900000000002
2024-10-14,S06,Staples & Grains,15885.53
2024-10-14,S06,Stationery & General,3313.7599999999998
2024-10-14,S07,Baby Care,15996.2
2024-10-14,S07,Bakery,-101.98000000000002
2024-10-14,S07,Beverages,7920.61
2024-10-14,S07,Bill-level adjustments,-773.92
2024-10-14,S07,Biscuits & Snacks,1642.9100000000003
2024-10-14,S07,Confectionery,2049.13
2024-10-14,S07,Dairy,8473.55
2024-10-14,S07,Edible Oils,11356.57
2024-10-14,S07,Frozen & Ready to Eat,2603.47
2024-10-14,S07,Fruits & Vegetables,2236.9100000000003
2024-10-14,S07,Home Care,3619.0300000000007
2024-10-14,S07,Personal Care,7870.5599999999995
2024-10-14,S07,Spices & Masala,2736.61
2024-10-14,S07,Staples & Grains,6185.87
2024-10-14,S07,Stationery & General,5934.01
2024-10-14,S08,Baby Care,11238.350000000002
2024-10-14,S08,Bakery,1774.8300000000002
2024-10-14,S08,Beverages,3311.6900000000005
2024-10-14,S08,Bill-level adjustments,-1380.6200000000001
2024-10-14,S08,Biscuits & Snacks,1471.4600000000003
2024-10-14,S08,Confectionery,3816.5399999999995
2024-10-14,S08,Dairy,9396.11
2024-10-14,S08,Edible Oils,16055.909999999998
2024-10-14,S08,Frozen & Ready to Eat,5080.49
2024-10-14,S08,Fruits & Vegetables,3689.75
2024-10-14,S08,Home Care,5573.1
2024-10-14,S08,Personal Care,8035.22
2024-10-14,S08,Spices & Masala,3706.12
2024-10-14,S08,Staples & Grains,23263.01
2024-10-14,S08,Stationery & General,324.44000000000005
2024-10-14,S09,Baby Care,17844.98
2024-10-14,S09,Bakery,1061.3
2024-10-14,S09,Beverages,6239.93
2024-10-14,S09,Bill-level adjustments,-636.36
2024-10-14,S09,Biscuits & Snacks,937.1800000000001
2024-10-14,S09,Confectionery,2432.6000000000004
2024-10-14,S09,Dairy,6547.79
2024-10-14,S09,Edible Oils,7703.9400000000005
2024-10-14,S09,Frozen & Ready to Eat,3434.53
2024-10-14,S09,Fruits & Vegetables,1368.4600000000003
2024-10-14,S09,Home Care,3217.6600000000003
2024-10-14,S09,Personal Care,4401.21
2024-10-14,S09,Spices & Masala,2923.19
2024-10-14,S09,Staples & Grains,2548.5099999999998
2024-10-14,S09,Stationery & General,3178.88
2024-10-14,S10,Baby Care,20145.780000000002
2024-10-14,S10,Bakery,5758.630000000001
2024-10-14,S10,Beverages,9269.64
2024-10-14,S10,Bill-level adjustments,-1711.3300000000002
2024-10-14,S10,Biscuits & Snacks,1559.83
2024-10-14,S10,Confectionery,4000.66
2024-10-14,S10,Dairy,15935.210000000001
2024-10-14,S10,Edible Oils,12735.510000000002
2024-10-14,S10,Frozen & Ready to Eat,10449.41
2024-10-14,S10,Fruits & Vegetables,4453.920000000001
2024-10-14,S10,Home Care,11149.77
2024-10-14,S10,Personal Care,10349.83
2024-10-14,S10,Spices & Masala,6741.790000000001
2024-10-14,S10,Staples & Grains,28294.0
2024-10-14,S10,Stationery & General,12978.779999999997
2024-10-14,S11,Baby Care,22430.239999999998
2024-10-14,S11,Bakery,374.90999999999997
2024-10-14,S11,Beverages,5571.490000000001
2024-10-14,S11,Bill-level adjustments,-119.84
2024-10-14,S11,Biscuits & Snacks,1888.3
2024-10-14,S11,Confectionery,4630.29
2024-10-14,S11,Dairy,6845.720000000001
2024-10-14,S11,Edible Oils,10875.7
2024-10-14,S11,Frozen & Ready to Eat,5046.7300000000005
2024-10-14,S11,Fruits & Vegetables,1467.76
2024-10-14,S11,Home Care,4437.37
2024-10-14,S11,Personal Care,15099.32
2024-10-14,S11,Spices & Masala,1980.1900000000003
2024-10-14,S11,Staples & Grains,6216.1900000000005
2024-10-14,S11,Stationery & General,4590.49
2024-10-14,S12,Baby Care,17401.059999999998
2024-10-14,S12,Bakery,3377.42
2024-10-14,S12,Beverages,6520.199999999999
2024-10-14,S12,Bill-level adjustments,-1490.97
2024-10-14,S12,Biscuits & Snacks,1949.4600000000003
2024-10-14,S12,Confectionery,2934.01
2024-10-14,S12,Dairy,9149.820000000002
2024-10-14,S12,Edible Oils,22534.57
2024-10-14,S12,Frozen & Ready to Eat,11180.51
2024-10-14,S12,Fruits & Vegetables,2700.6800000000003
2024-10-14,S12,Home Care,6911.839999999999
2024-10-14,S12,Personal Care,6712.48
2024-10-14,S12,Spices & Masala,5292.38
2024-10-14,S12,Staples & Grains,21627.33
2024-10-14,S12,Stationery & General,7241.5
2024-10-15,S01,Baby Care,25502.480000000003
2024-10-15,S01,Bakery,4972.240000000001
2024-10-15,S01,Beverages,3625.69
2024-10-15,S01,Bill-level adjustments,-1066.04
2024-10-15,S01,Biscuits & Snacks,1808.8799999999999
2024-10-15,S01,Confectionery,6101.41
2024-10-15,S01,Dairy,10485.470000000001
2024-10-15,S01,Edible Oils,22382.19
2024-10-15,S01,Frozen & Ready to Eat,9667.31
2024-10-15,S01,Fruits & Vegetables,4600.21
2024-10-15,S01,Home Care,10194.020000000002
2024-10-15,S01,Personal Care,5843.37
2024-10-15,S01,Spices & Masala,5062.91
2024-10-15,S01,Staples & Grains,25791.97
2024-10-15,S01,Stationery & General,5072.55
2024-10-15,S02,Baby Care,13522.79
2024-10-15,S02,Bakery,4206.93
2024-10-15,S02,Beverages,7865.610000000001
2024-10-15,S02,Bill-level adjustments,-813.6200000000001
2024-10-15,S02,Biscuits & Snacks,1309.28
2024-10-15,S02,Confectionery,4076.7999999999997
2024-10-15,S02,Dairy,14002.519999999999
2024-10-15,S02,Edible Oils,41145.57
2024-10-15,S02,Frozen & Ready to Eat,10114.589999999998
2024-10-15,S02,Fruits & Vegetables,4917.2300000000005
2024-10-15,S02,Home Care,8081.74
2024-10-15,S02,Personal Care,12090.51
2024-10-15,S02,Spices & Masala,3703.1300000000006
2024-10-15,S02,Staples & Grains,21790.920000000002
2024-10-15,S02,Stationery & General,10542.479999999998
2024-10-15,S03,Baby Care,44875.259999999995
2024-10-15,S03,Bakery,2840.16
2024-10-15,S03,Beverages,3674.0099999999993
2024-10-15,S03,Bill-level adjustments,-887.3900000000001
2024-10-15,S03,Biscuits & Snacks,2157.33
2024-10-15,S03,Confectionery,2819.38
2024-10-15,S03,Dairy,15048.27
2024-10-15,S03,Edible Oils,20805.980000000003
2024-10-15,S03,Frozen & Ready to Eat,9324.7
2024-10-15,S03,Fruits & Vegetables,3735.95
2024-10-15,S03,Home Care,13114.779999999999
2024-10-15,S03,Personal Care,10930.480000000001
2024-10-15,S03,Spices & Masala,5454.349999999999
2024-10-15,S03,Staples & Grains,28493.340000000004
2024-10-15,S03,Stationery & General,9900.449999999999
2024-10-15,S04,Baby Care,17737.210000000003
2024-10-15,S04,Bakery,7172.109999999999
2024-10-15,S04,Beverages,3584.67
2024-10-15,S04,Bill-level adjustments,-435.38
2024-10-15,S04,Biscuits & Snacks,1224.78
2024-10-15,S04,Confectionery,5198.04
2024-10-15,S04,Dairy,11939.69
2024-10-15,S04,Edible Oils,23773.280000000002
2024-10-15,S04,Frozen & Ready to Eat,6783.210000000001
2024-10-15,S04,Fruits & Vegetables,3238.8399999999997
2024-10-15,S04,Home Care,5316.950000000001
2024-10-15,S04,Personal Care,11489.41
2024-10-15,S04,Spices & Masala,2747.48
2024-10-15,S04,Staples & Grains,22810.849999999995
2024-10-15,S04,Stationery & General,5427.84
2024-10-15,S05,Baby Care,6203.16
2024-10-15,S05,Bakery,896.92
2024-10-15,S05,Beverages,1200.32
2024-10-15,S05,Bill-level adjustments,-281.67
2024-10-15,S05,Biscuits & Snacks,1841.4499999999998
2024-10-15,S05,Confectionery,2605.7799999999997
2024-10-15,S05,Dairy,4319.400000000001
2024-10-15,S05,Edible Oils,10857.36
2024-10-15,S05,Frozen & Ready to Eat,5081.0599999999995
2024-10-15,S05,Fruits & Vegetables,1851.63
2024-10-15,S05,Home Care,5284.4
2024-10-15,S05,Personal Care,1186.71
2024-10-15,S05,Spices & Masala,2921.5099999999998
2024-10-15,S05,Staples & Grains,17549.649999999998
2024-10-15,S05,Stationery & General,1769.29
2024-10-15,S06,Baby Care,18074.8
2024-10-15,S06,Bakery,2165.13
2024-10-15,S06,Beverages,4671.910000000001
2024-10-15,S06,Bill-level adjustments,-1260.15
2024-10-15,S06,Biscuits & Snacks,3046.1300000000006
2024-10-15,S06,Confectionery,4162.55
2024-10-15,S06,Dairy,11888.099999999999
2024-10-15,S06,Edible Oils,9409.3
2024-10-15,S06,Frozen & Ready to Eat,9531.070000000002
2024-10-15,S06,Fruits & Vegetables,4374.8
2024-10-15,S06,Home Care,9739.150000000001
2024-10-15,S06,Personal Care,3760.5099999999998
2024-10-15,S06,Spices & Masala,4161.91
2024-10-15,S06,Staples & Grains,34136.509999999995
2024-10-15,S06,Stationery & General,3964.56
2024-10-15,S07,Baby Care,34915.84
2024-10-15,S07,Bakery,617.61
2024-10-15,S07,Beverages,4639.12
2024-10-15,S07,Bill-level adjustments,-1133.49
2024-10-15,S07,Biscuits & Snacks,2589.62
2024-10-15,S07,Confectionery,3776.93
2024-10-15,S07,Dairy,7499.079999999999
2024-10-15,S07,Edible Oils,8214.939999999999
2024-10-15,S07,Frozen & Ready to Eat,7743.51
2024-10-15,S07,Fruits & Vegetables,3023.52
2024-10-15,S07,Home Care,5664.36
2024-10-15,S07,Personal Care,7963.950000000001
2024-10-15,S07,Spices & Masala,5453.86
2024-10-15,S07,Staples & Grains,15274.67
2024-10-15,S07,Stationery & General,4552.09
2024-10-15,S08,Baby Care,12416.61
2024-10-15,S08,Bakery,3510.4900000000002
2024-10-15,S08,Beverages,3797.87
2024-10-15,S08,Bill-level adjustments,-1338.53
2024-10-15,S08,Biscuits & Snacks,946.1899999999999
2024-10-15,S08,Confectionery,4006.73
2024-10-15,S08,Dairy,8227.78
2024-10-15,S08,Edible Oils,15787.349999999999
2024-10-15,S08,Frozen & Ready to Eat,5888.179999999999
2024-10-15,S08,Fruits & Vegetables,859.6300000000001
2024-10-15,S08,Home Care,5074.66
2024-10-15,S08,Personal Care,11969.38
2024-10-15,S08,Spices & Masala,3829.6100000000006
2024-10-15,S08,Staples & Grains,32308.28
2024-10-15,S08,Stationery & General,6761.17
2024-10-15,S09,Baby Care,12477.42
2024-10-15,S09,Bakery,2715.3799999999997
2024-10-15,S09,Beverages,3331.5600000000004
2024-10-15,S09,Bill-level adjustments,-197.83
2024-10-15,S09,Biscuits & Snacks,138.76
2024-10-15,S09,Confectionery,2624.15
2024-10-15,S09,Dairy,6105.31
2024-10-15,S09,Edible Oils,18195.82
2024-10-15,S09,Frozen & Ready to Eat,2412.2200000000003
2024-10-15,S09,Fruits & Vegetables,767.25
2024-10-15,S09,Home Care,5698.51
2024-10-15,S09,Personal Care,2168.39
2024-10-15,S09,Spices & Masala,2312.8199999999997
2024-10-15,S09,Staples & Grains,3601.91
2024-10-15,S09,Stationery & General,2207.46
2024-10-15,S10,Baby Care,27970.71
2024-10-15,S10,Bakery,1486.7099999999998
2024-10-15,S10,Beverages,3097.7400000000002
2024-10-15,S10,Bill-level adjustments,-3116.21
2024-10-15,S10,Biscuits & Snacks,1908.08
2024-10-15,S10,Confectionery,5004.87
2024-10-15,S10,Dairy,9481.009999999998
2024-10-15,S10,Edible Oils,23311.49
2024-10-15,S10,Frozen & Ready to Eat,12155.28
2024-10-15,S10,Fruits & Vegetables,7511.28
2024-10-15,S10,Home Care,5075.79
2024-10-15,S10,Personal Care,12871.230000000001
2024-10-15,S10,Spices & Masala,9558.539999999999
2024-10-15,S10,Staples & Grains,36752.53
2024-10-15,S10,Stationery & General,9661.92
2024-10-15,S11,Baby Care,3153.6800000000003
2024-10-15,S11,Bakery,1668.3700000000001
2024-10-15,S11,Beverages,5506.239999999999
2024-10-15,S11,Bill-level adjustments,-764.36
2024-10-15,S11,Biscuits & Snacks,822.38
2024-10-15,S11,Confectionery,3820.08
2024-10-15,S11,Dairy,2292.26
2024-10-15,S11,Edible Oils,8858.74
2024-10-15,S11,Frozen & Ready to Eat,7799.030000000001
2024-10-15,S11,Fruits & Vegetables,1711.5300000000002
2024-10-15,S11,Home Care,1971.24
2024-10-15,S11,Personal Care,8591.77
2024-10-15,S11,Spices & Masala,2019.4899999999998
2024-10-15,S11,Staples & Grains,16410.9
2024-10-15,S11,Stationery & General,4392.76
2024-10-15,S12,Baby Care,12096.060000000001
2024-10-15,S12,Bakery,2313.31
2024-10-15,S12,Beverages,6533.949999999999
2024-10-15,S12,Bill-level adjustments,-564.85
2024-10-15,S12,Biscuits & Snacks,2232.91
2024-10-15,S12,Confectionery,2066.31
2024-10-15,S12,Dairy,14710.91
2024-10-15,S12,Edible Oils,10316.219999999998
2024-10-15,S12,Frozen & Ready to Eat,7769.459999999999
2024-10-15,S12,Fruits & Vegetables,1215.2000000000003
2024-10-15,S12,Home Care,8774.529999999999
2024-10-15,S12,Personal Care,12752.380000000001
2024-10-15,S12,Spices & Masala,4418.16
2024-10-15,S12,Staples & Grains,17342.820000000003
2024-10-15,S12,Stationery & General,4030.7799999999997
2024-10-16,S01,Baby Care,20470.3
2024-10-16,S01,Bakery,2837.2000000000003
2024-10-16,S01,Beverages,6521.000000000001
2024-10-16,S01,Bill-level adjustments,-1017.7299999999999
2024-10-16,S01,Biscuits & Snacks,2339.95
2024-10-16,S01,Confectionery,3662.0099999999993
2024-10-16,S01,Dairy,14059.029999999997
2024-10-16,S01,Edible Oils,26916.920000000006
2024-10-16,S01,Frozen & Ready to Eat,10613.96
2024-10-16,S01,Fruits & Vegetables,8076.52
2024-10-16,S01,Home Care,8416.95
2024-10-16,S01,Personal Care,12333.99
2024-10-16,S01,Spices & Masala,4518.11
2024-10-16,S01,Staples & Grains,18571.489999999998
2024-10-16,S01,Stationery & General,10340.05
2024-10-16,S02,Baby Care,23831.370000000003
2024-10-16,S02,Bakery,2876.8199999999997
2024-10-16,S02,Beverages,2410.1400000000003
2024-10-16,S02,Bill-level adjustments,-1734.3899999999999
2024-10-16,S02,Biscuits & Snacks,1955.2399999999998
2024-10-16,S02,Confectionery,6352.92
2024-10-16,S02,Dairy,10356.38
2024-10-16,S02,Edible Oils,19145.84
2024-10-16,S02,Frozen & Ready to Eat,2930.3900000000003
2024-10-16,S02,Fruits & Vegetables,4187.04
2024-10-16,S02,Home Care,7243.02
2024-10-16,S02,Personal Care,10914.880000000001
2024-10-16,S02,Spices & Masala,5391.51
2024-10-16,S02,Staples & Grains,18219.38
2024-10-16,S02,Stationery & General,7057.54
2024-10-16,S03,Baby Care,20663.880000000005
2024-10-16,S03,Bakery,6177.409999999999
2024-10-16,S03,Beverages,11962.83
2024-10-16,S03,Bill-level adjustments,-3236.49
2024-10-16,S03,Biscuits & Snacks,1222.3700000000001
2024-10-16,S03,Confectionery,3294.1900000000005
2024-10-16,S03,Dairy,18973.559999999998
2024-10-16,S03,Edible Oils,30007.46
2024-10-16,S03,Frozen & Ready to Eat,9861.43
2024-10-16,S03,Fruits & Vegetables,1657.7099999999998
2024-10-16,S03,Home Care,11287.529999999999
2024-10-16,S03,Personal Care,12009.600000000002
2024-10-16,S03,Spices & Masala,5781.78
2024-10-16,S03,Staples & Grains,34198.08
2024-10-16,S03,Stationery & General,5538.22
2024-10-16,S04,Baby Care,12822.650000000001
2024-10-16,S04,Bakery,2145.07
2024-10-16,S04,Beverages,879.94
2024-10-16,S04,Bill-level adjustments,-136.21
2024-10-16,S04,Biscuits & Snacks,1735.05
2024-10-16,S04,Confectionery,2896.25
2024-10-16,S04,Dairy,7659.59
2024-10-16,S04,Edible Oils,1048.75
2024-10-16,S04,Frozen & Ready to Eat,7555.639999999999
2024-10-16,S04,Fruits & Vegetables,3324.81
2024-10-16,S04,Home Care,4189.12
2024-10-16,S04,Personal Care,7341.12
2024-10-16,S04,Spices & Masala,2857.4700000000003
2024-10-16,S04,Staples & Grains,11685.109999999999
2024-10-16,S04,Stationery & General,2685.2399999999993
2024-10-16,S05,Baby Care,9854.55
2024-10-16,S05,Bakery,2323.1
2024-10-16,S05,Beverages,2907.79
2024-10-16,S05,Bill-level adjustments,0.0
2024-10-16,S05,Biscuits & Snacks,936.2299999999999
2024-10-16,S05,Confectionery,1804.77
2024-10-16,S05,Dairy,3957.8099999999995
2024-10-16,S05,Edible Oils,10461.68
2024-10-16,S05,Frozen & Ready to Eat,3875.3
2024-10-16,S05,Fruits & Vegetables,2484.17
2024-10-16,S05,Home Care,6918.25
2024-10-16,S05,Personal Care,1225.53
2024-10-16,S05,Spices & Masala,2971.3500000000004
2024-10-16,S05,Staples & Grains,10751.65
2024-10-16,S05,Stationery & General,779.45
2024-10-16,S06,Baby Care,13505.24
2024-10-16,S06,Bakery,3876.1
2024-10-16,S06,Beverages,6239.280000000001
2024-10-16,S06,Bill-level adjustments,-1114.19
2024-10-16,S06,Biscuits & Snacks,1384.58
2024-10-16,S06,Confectionery,2103.81
2024-10-16,S06,Dairy,10041.08
2024-10-16,S06,Edible Oils,15570.09
2024-10-16,S06,Frozen & Ready to Eat,7099.79
2024-10-16,S06,Fruits & Vegetables,6565.009999999999
2024-10-16,S06,Home Care,5930.04
2024-10-16,S06,Personal Care,10320.489999999998
2024-10-16,S06,Spices & Masala,1828.31
2024-10-16,S06,Staples & Grains,41480.62
2024-10-16,S06,Stationery & General,2134.67
2024-10-16,S07,Baby Care,11881.950000000003
2024-10-16,S07,Bakery,1864.1599999999999
2024-10-16,S07,Beverages,7453.730000000001
2024-10-16,S07,Bill-level adjustments,-615.6099999999999
2024-10-16,S07,Biscuits & Snacks,705.4100000000001
2024-10-16,S07,Confectionery,3042.46
2024-10-16,S07,Dairy,9617.1
2024-10-16,S07,Edible Oils,12047.29
2024-10-16,S07,Frozen & Ready to Eat,3638.3500000000004
2024-10-16,S07,Fruits & Vegetables,2048.1800000000003
2024-10-16,S07,Home Care,6570.42
2024-10-16,S07,Personal Care,9785.949999999997
2024-10-16,S07,Spices & Masala,2963.7400000000002
2024-10-16,S07,Staples & Grains,24950.27
2024-10-16,S07,Stationery & General,2110.81
2024-10-16,S08,Baby Care,18518.5
2024-10-16,S08,Bakery,3054.5699999999997
2024-10-16,S08,Beverages,4209.89
2024-10-16,S08,Bill-level adjustments,-885.76
2024-10-16,S08,Biscuits & Snacks,1256.35
2024-10-16,S08,Confectionery,4648.4
2024-10-16,S08,Dairy,11612.560000000001
2024-10-16,S08,Edible Oils,11379.53
2024-10-16,S08,Frozen & Ready to Eat,6476.530000000001
2024-10-16,S08,Fruits & Vegetables,2556.7599999999998
2024-10-16,S08,Home Care,5843.02
2024-10-16,S08,Personal Care,2545.54
2024-10-16,S08,Spices & Masala,1881.5700000000002
2024-10-16,S08,Staples & Grains,25978.81
2024-10-16,S08,Stationery & General,3412.46
2024-10-16,S09,Baby Care,6517.1900000000005
2024-10-16,S09,Bakery,1334.6899999999998
2024-10-16,S09,Beverages,4250.5199999999995
2024-10-16,S09,Bill-level adjustments,-646.23
2024-10-16,S09,Biscuits & Snacks,2468.12
2024-10-16,S09,Confectionery,2070.2200000000003
2024-10-16,S09,Dairy,363.05
2024-10-16,S09,Edible Oils,-541.1599999999994
2024-10-16,S09,Frozen & Ready to Eat,4092.8199999999997
2024-10-16,S09,Fruits & Vegetables,3786.52
2024-10-16,S09,Home Care,2536.9399999999996
2024-10-16,S09,Personal Care,4416.38
2024-10-16,S09,Spices & Masala,-175.14
2024-10-16,S09,Staples & Grains,28005.170000000002
2024-10-16,S09,Stationery & General,3295.580000000001
2024-10-16,S10,Baby Care,24046.309999999998
2024-10-16,S10,Bakery,1478.07
2024-10-16,S10,Beverages,5802.68
2024-10-16,S10,Bill-level adjustments,-2128.92
2024-10-16,S10,Biscuits & Snacks,2306.9000000000005
2024-10-16,S10,Confectionery,3414.58
2024-10-16,S10,Dairy,9486.59
2024-10-16,S10,Edible Oils,29348.060000000005
2024-10-16,S10,Frozen & Ready to Eat,4853.219999999999
2024-10-16,S10,Fruits & Vegetables,5698.45
2024-10-16,S10,Home Care,6277.780000000001
2024-10-16,S10,Personal Care,10253.68
2024-10-16,S10,Spices & Masala,8037.420000000001
2024-10-16,S10,Staples & Grains,27784.059999999998
2024-10-16,S10,Stationery & General,4750.75
2024-10-16,S11,Baby Care,6012.49
2024-10-16,S11,Bakery,2830.09
2024-10-16,S11,Beverages,5707.610000000001
2024-10-16,S11,Bill-level adjustments,-674.39
2024-10-16,S11,Biscuits & Snacks,224.07000000000002
2024-10-16,S11,Confectionery,3375.12
2024-10-16,S11,Dairy,4645.610000000001
2024-10-16,S11,Edible Oils,8775.76
2024-10-16,S11,Frozen & Ready to Eat,542.12
2024-10-16,S11,Fruits & Vegetables,709.24
2024-10-16,S11,Home Care,128.2
2024-10-16,S11,Personal Care,5634.69
2024-10-16,S11,Spices & Masala,3074.07
2024-10-16,S11,Staples & Grains,18510.029999999995
2024-10-16,S11,Stationery & General,1920.13
2024-10-16,S12,Baby Care,34604.19999999999
2024-10-16,S12,Bakery,3295.1099999999997
2024-10-16,S12,Beverages,5326.91
2024-10-16,S12,Bill-level adjustments,-2463.6600000000003
2024-10-16,S12,Biscuits & Snacks,1227.0400000000002
2024-10-16,S12,Confectionery,2622.11
2024-10-16,S12,Dairy,8181.13
2024-10-16,S12,Edible Oils,21460.34
2024-10-16,S12,Frozen & Ready to Eat,13377.76
2024-10-16,S12,Fruits & Vegetables,2676.75
2024-10-16,S12,Home Care,10103.689999999999
2024-10-16,S12,Personal Care,9381.1
2024-10-16,S12,Spices & Masala,2737.52
2024-10-16,S12,Staples & Grains,44634.479999999996
2024-10-16,S12,Stationery & General,7587.509999999999
2024-10-17,S01,Baby Care,28184.91
2024-10-17,S01,Bakery,4226.81
2024-10-17,S01,Beverages,9764.87
2024-10-17,S01,Bill-level adjustments,-832.61
2024-10-17,S01,Biscuits & Snacks,2103.13
2024-10-17,S01,Confectionery,5771.750000000001
2024-10-17,S01,Dairy,12680.39
2024-10-17,S01,Edible Oils,38500.15000000001
2024-10-17,S01,Frozen & Ready to Eat,7088.509999999999
2024-10-17,S01,Fruits & Vegetables,5747.860000000001
2024-10-17,S01,Home Care,10732.560000000001
2024-10-17,S01,Personal Care,13967.990000000003
2024-10-17,S01,Spices & Masala,4906.57
2024-10-17,S01,Staples & Grains,21814.899999999998
2024-10-17,S01,Stationery & General,3341.26
2024-10-17,S02,Baby Care,12940.259999999998
2024-10-17,S02,Bakery,2897.19
2024-10-17,S02,Beverages,5245.29
2024-10-17,S02,Bill-level adjustments,-2145.3499999999995
2024-10-17,S02,Biscuits & Snacks,1681.3100000000002
2024-10-17,S02,Confectionery,2570.06
2024-10-17,S02,Dairy,13314.139999999998
2024-10-17,S02,Edible Oils,25391.019999999997
2024-10-17,S02,Frozen & Ready to Eat,7800.34
2024-10-17,S02,Fruits & Vegetables,4750.07
2024-10-17,S02,Home Care,9899.630000000001
2024-10-17,S02,Personal Care,14191.880000000001
2024-10-17,S02,Spices & Masala,3826.91
2024-10-17,S02,Staples & Grains,28665.200000000004
2024-10-17,S02,Stationery & General,3796.0899999999997
2024-10-17,S03,Baby Care,37201.450000000004
2024-10-17,S03,Bakery,4792.01
2024-10-17,S03,Beverages,11886.81
2024-10-17,S03,Bill-level adjustments,-2968.37
2024-10-17,S03,Biscuits & Snacks,1335.53
2024-10-17,S03,Confectionery,6061.149999999999
2024-10-17,S03,Dairy,17249.070000000003
2024-10-17,S03,Edible Oils,25707.880000000005
2024-10-17,S03,Frozen & Ready to Eat,10808.369999999997
2024-10-17,S03,Fruits & Vegetables,5242.5599999999995
2024-10-17,S03,Home Care,13278.730000000003
2024-10-17,S03,Personal Care,19330.979999999996
2024-10-17,S03,Spices & Masala,7555.32
2024-10-17,S03,Staples & Grains,58243.00000000001
2024-10-17,S03,Stationery & General,9669.76
2024-10-17,S04,Baby Care,26315.350000000002
2024-10-17,S04,Bakery,3504.84
2024-10-17,S04,Beverages,3780.25
2024-10-17,S04,Bill-level adjustments,-1257.89
2024-10-17,S04,Biscuits & Snacks,1651.3799999999999
2024-10-17,S04,Confectionery,3220.85
2024-10-17,S04,Dairy,8153.260000000001
2024-10-17,S04,Edible Oils,22038.929999999993
2024-10-17,S04,Frozen & Ready to Eat,9582.119999999999
2024-10-17,S04,Fruits & Vegetables,1794.17
2024-10-17,S04,Home Care,9402.36
2024-10-17,S04,Personal Care,11103.970000000001
2024-10-17,S04,Spices & Masala,5884.71
2024-10-17,S04,Staples & Grains,23716.560000000005
2024-10-17,S04,Stationery & General,2230.04
2024-10-17,S05,Baby Care,22305.840000000004
2024-10-17,S05,Bakery,878.78
2024-10-17,S05,Beverages,2915.4900000000002
2024-10-17,S05,Bill-level adjustments,-225.43
2024-10-17,S05,Biscuits & Snacks,2019.84
2024-10-17,S05,Confectionery,3477.3799999999997
2024-10-17,S05,Dairy,13076.88
2024-10-17,S05,Edible Oils,19233.34
2024-10-17,S05,Frozen & Ready to Eat,4508.74
2024-10-17,S05,Fruits & Vegetables,3925.89
2024-10-17,S05,Home Care,5426.51
2024-10-17,S05,Personal Care,7902.219999999999
2024-10-17,S05,Spices & Masala,1538.3799999999999
2024-10-17,S05,Staples & Grains,5796.79
2024-10-17,S05,Stationery & General,7302.059999999999
2024-10-17,S06,Baby Care,20195.620000000003
2024-10-17,S06,Bakery,3330.0
2024-10-17,S06,Beverages,12206.039999999999
2024-10-17,S06,Bill-level adjustments,-715.74
2024-10-17,S06,Biscuits & Snacks,604.16
2024-10-17,S06,Confectionery,3868.22
2024-10-17,S06,Dairy,9571.710000000001
2024-10-17,S06,Edible Oils,45380.73000000002
2024-10-17,S06,Frozen & Ready to Eat,2744.99
2024-10-17,S06,Fruits & Vegetables,3845.87
2024-10-17,S06,Home Care,7052.759999999999
2024-10-17,S06,Personal Care,15556.240000000002
2024-10-17,S06,Spices & Masala,1992.5400000000002
2024-10-17,S06,Staples & Grains,36262.729999999996
2024-10-17,S06,Stationery & General,7521.839999999999
2024-10-17,S07,Baby Care,13101.579999999998
2024-10-17,S07,Bakery,1414.7799999999997
2024-10-17,S07,Beverages,8583.8
2024-10-17,S07,Bill-level adjustments,-1074.22
2024-10-17,S07,Biscuits & Snacks,1474.44
2024-10-17,S07,Confectionery,4515.58
2024-10-17,S07,Dairy,11333.26
2024-10-17,S07,Edible Oils,8893.02
2024-10-17,S07,Frozen & Ready to Eat,6056.5199999999995
2024-10-17,S07,Fruits & Vegetables,2033.4100000000003
2024-10-17,S07,Home Care,2931.1099999999997
2024-10-17,S07,Personal Care,4495.14
2024-10-17,S07,Spices & Masala,1220.44
2024-10-17,S07,Staples & Grains,12003.66
2024-10-17,S07,Stationery & General,908.2100000000002
2024-10-17,S08,Baby Care,9860.28
2024-10-17,S08,Bakery,3339.22
2024-10-17,S08,Beverages,4521.39
2024-10-17,S08,Bill-level adjustments,-179.37
2024-10-17,S08,Biscuits & Snacks,998.3000000000002
2024-10-17,S08,Confectionery,1834.4
2024-10-17,S08,Dairy,757.5
2024-10-17,S08,Edible Oils,16374.07
2024-10-17,S08,Frozen & Ready to Eat,3996.0100000000007
2024-10-17,S08,Fruits & Vegetables,2305.62
2024-10-17,S08,Home Care,944.5500000000002
2024-10-17,S08,Personal Care,4159.35
2024-10-17,S08,Spices & Masala,3212.3399999999997
2024-10-17,S08,Staples & Grains,9389.52
2024-10-17,S08,Stationery & General,5691.02
2024-10-17,S09,Baby Care,12370.57
2024-10-17,S09,Bakery,1085.6299999999999
2024-10-17,S09,Beverages,3119.23
2024-10-17,S09,Bill-level adjustments,-842.27
2024-10-17,S09,Biscuits & Snacks,259.74
2024-10-17,S09,Confectionery,3004.8499999999995
2024-10-17,S09,Dairy,1037.9699999999998
2024-10-17,S09,Edible Oils,4634.660000000001
2024-10-17,S09,Frozen & Ready to Eat,5437.97
2024-10-17,S09,Fruits & Vegetables,50.53
2024-10-17,S09,Home Care,2836.86
2024-10-17,S09,Personal Care,1535.8
2024-10-17,S09,Spices & Masala,1644.75
2024-10-17,S09,Staples & Grains,11337.16
2024-10-17,S09,Stationery & General,3233.6400000000003
2024-10-17,S10,Baby Care,31485.360000000004
2024-10-17,S10,Bakery,2822.7200000000007
2024-10-17,S10,Beverages,9750.6
2024-10-17,S10,Bill-level adjustments,-1206.23
2024-10-17,S10,Biscuits & Snacks,1556.4799999999996
2024-10-17,S10,Confectionery,6414.229999999999
2024-10-17,S10,Dairy,15236.19
2024-10-17,S10,Edible Oils,34673.130000000005
2024-10-17,S10,Frozen & Ready to Eat,11308.869999999999
2024-10-17,S10,Fruits & Vegetables,4683.35
2024-10-17,S10,Home Care,10895.02
2024-10-17,S10,Personal Care,8016.74
2024-10-17,S10,Spices & Masala,3445.79
2024-10-17,S10,Staples & Grains,22973.679999999997
2024-10-17,S10,Stationery & General,7561.009999999999
2024-10-17,S11,Baby Care,9362.61
2024-10-17,S11,Bakery,2696.2199999999993
2024-10-17,S11,Beverages,7641.129999999999
2024-10-17,S11,Bill-level adjustments,-318.05999999999995
2024-10-17,S11,Biscuits & Snacks,1233.3600000000001
2024-10-17,S11,Confectionery,2036.63
2024-10-17,S11,Dairy,4531.879999999999
2024-10-17,S11,Edible Oils,7058.179999999999
2024-10-17,S11,Frozen & Ready to Eat,1505.46
2024-10-17,S11,Fruits & Vegetables,1542.3799999999997
2024-10-17,S11,Home Care,6940.15
2024-10-17,S11,Personal Care,4258.88
2024-10-17,S11,Spices & Masala,1424.92
2024-10-17,S11,Staples & Grains,6077.02
2024-10-17,S11,Stationery & General,3603.2499999999995
2024-10-17,S12,Baby Care,15003.469999999998
2024-10-17,S12,Bakery,4647.43
2024-10-17,S12,Beverages,6510.04
2024-10-17,S12,Bill-level adjustments,-688.61
2024-10-17,S12,Biscuits & Snacks,1623.79
2024-10-17,S12,Confectionery,4201.360000000001
2024-10-17,S12,Dairy,12279.270000000002
2024-10-17,S12,Edible Oils,25818.58
2024-10-17,S12,Frozen & Ready to Eat,5654.66
2024-10-17,S12,Fruits & Vegetables,3899.64
2024-10-17,S12,Home Care,6989.03
2024-10-17,S12,Personal Care,9817.77
2024-10-17,S12,Spices & Masala,3335.83
2024-10-17,S12,Staples & Grains,16876.22
2024-10-17,S12,Stationery & General,6120.16
2024-10-18,S01,Baby Care,30556.93
2024-10-18,S01,Bakery,3519.21
2024-10-18,S01,Beverages,9648.39
2024-10-18,S01,Bill-level adjustments,-2391.04
2024-10-18,S01,Biscuits & Snacks,2593.9599999999996
2024-10-18,S01,Confectionery,9797.649999999998
2024-10-18,S01,Dairy,10697.75
2024-10-18,S01,Edible Oils,25141.250000000004
2024-10-18,S01,Frozen & Ready to Eat,14630.130000000001
2024-10-18,S01,Fruits & Vegetables,3076.0
2024-10-18,S01,Home Care,11380.53
2024-10-18,S01,Personal Care,14959.639999999998
2024-10-18,S01,Spices & Masala,5213.280000000001
2024-10-18,S01,Staples & Grains,32002.75
2024-10-18,S01,Stationery & General,7579.709999999999
2024-10-18,S02,Baby Care,14600.110000000002
2024-10-18,S02,Bakery,4808.08
2024-10-18,S02,Beverages,3589.3
2024-10-18,S02,Bill-level adjustments,-833.22
2024-10-18,S02,Biscuits & Snacks,1101.49
2024-10-18,S02,Confectionery,6384.09
2024-10-18,S02,Dairy,8244.96
2024-10-18,S02,Edible Oils,13883.779999999999
2024-10-18,S02,Frozen & Ready to Eat,7255.29
2024-10-18,S02,Fruits & Vegetables,3706.02
2024-10-18,S02,Home Care,8030.799999999999
2024-10-18,S02,Personal Care,8178.54
2024-10-18,S02,Spices & Masala,1537.51
2024-10-18,S02,Staples & Grains,26667.68
2024-10-18,S02,Stationery & General,4669.3
2024-10-18,S03,Baby Care,41380.310000000005
2024-10-18,S03,Bakery,6520.520000000001
2024-10-18,S03,Beverages,13711.47
2024-10-18,S03,Bill-level adjustments,-3063.7700000000004
2024-10-18,S03,Biscuits & Snacks,3250.260000000001
2024-10-18,S03,Confectionery,5039.590000000001
2024-10-18,S03,Dairy,17108.81
2024-10-18,S03,Edible Oils,36985.86000000001
2024-10-18,S03,Frozen & Ready to Eat,11039.839999999998
2024-10-18,S03,Fruits & Vegetables,7854.550000000002
2024-10-18,S03,Home Care,8792.109999999999
2024-10-18,S03,Personal Care,15744.210000000003
2024-10-18,S03,Spices & Masala,9921.269999999999
2024-10-18,S03,Staples & Grains,30197.359999999997
2024-10-18,S03,Stationery & General,5654.479999999999
2024-10-18,S04,Baby Care,19541.719999999998
2024-10-18,S04,Bakery,4697.29
2024-10-18,S04,Beverages,8574.51
2024-10-18,S04,Bill-level adjustments,-2448.22
2024-10-18,S04,Biscuits & Snacks,2257.1000000000004
2024-10-18,S04,Confectionery,6660.910000000001
2024-10-18,S04,Dairy,21956.059999999998
2024-10-18,S04,Edible Oils,35649.9
2024-10-18,S04,Frozen & Ready to Eat,9695.509999999998
2024-10-18,S04,Fruits & Vegetables,2105.91
2024-10-18,S04,Home Care,13097.449999999999
2024-10-18,S04,Personal Care,10205.609999999997
2024-10-18,S04,Spices & Masala,8292.41
2024-10-18,S04,Staples & Grains,19181.190000000006
2024-10-18,S04,Stationery & General,10075.49
2024-10-18,S05,Baby Care,15045.190000000002
2024-10-18,S05,Bakery,1754.8200000000002
2024-10-18,S05,Beverages,5352.840000000001
2024-10-18,S05,Bill-level adjustments,-1810.3600000000001
2024-10-18,S05,Biscuits & Snacks,1523.0
2024-10-18,S05,Confectionery,3532.0200000000004
2024-10-18,S05,Dairy,1864.74
2024-10-18,S05,Edible Oils,10906.31
2024-10-18,S05,Frozen & Ready to Eat,7431.68
2024-10-18,S05,Fruits & Vegetables,1201.0900000000001
2024-10-18,S05,Home Care,2485.05
2024-10-18,S05,Personal Care,4483.33
2024-10-18,S05,Spices & Masala,1339.39
2024-10-18,S05,Staples & Grains,18417.399999999998
2024-10-18,S05,Stationery & General,8457.570000000003
2024-10-18,S06,Baby Care,33265.05
2024-10-18,S06,Bakery,4806.6900000000005
2024-10-18,S06,Beverages,5374.52
2024-10-18,S06,Bill-level adjustments,-535.0699999999999
2024-10-18,S06,Biscuits & Snacks,2367.5099999999998
2024-10-18,S06,Confectionery,4909.34
2024-10-18,S06,Dairy,17210.62
2024-10-18,S06,Edible Oils,26359.1
2024-10-18,S06,Frozen & Ready to Eat,13365.540000000003
2024-10-18,S06,Fruits & Vegetables,4621.5599999999995
2024-10-18,S06,Home Care,4275.45
2024-10-18,S06,Personal Care,15703.2
2024-10-18,S06,Spices & Masala,7954.330000000001
2024-10-18,S06,Staples & Grains,24960.54
2024-10-18,S06,Stationery & General,6743.779999999998
2024-10-18,S07,Baby Care,7766.53
2024-10-18,S07,Bakery,2240.44
2024-10-18,S07,Beverages,4014.44
2024-10-18,S07,Bill-level adjustments,-255.82
2024-10-18,S07,Biscuits & Snacks,1086.3199999999997
2024-10-18,S07,Confectionery,610.14
2024-10-18,S07,Dairy,8182.969999999999
2024-10-18,S07,Edible Oils,11272.079999999998
2024-10-18,S07,Frozen & Ready to Eat,3341.03
2024-10-18,S07,Fruits & Vegetables,1340.51
2024-10-18,S07,Home Care,5513.530000000001
2024-10-18,S07,Personal Care,10082.509999999998
2024-10-18,S07,Spices & Masala,3689.41
2024-10-18,S07,Staples & Grains,13738.469999999998
2024-10-18,S07,Stationery & General,4158.15
2024-10-18,S08,Baby Care,7090.1900000000005
2024-10-18,S08,Bakery,2468.0299999999997
2024-10-18,S08,Beverages,3117.6400000000003
2024-10-18,S08,Bill-level adjustments,-187.6
2024-10-18,S08,Biscuits & Snacks,774.12
2024-10-18,S08,Confectionery,1432.0700000000002
2024-10-18,S08,Dairy,4260.719999999999
2024-10-18,S08,Edible Oils,9479.5
2024-10-18,S08,Frozen & Ready to Eat,1751.0
2024-10-18,S08,Fruits & Vegetables,1600.8000000000002
2024-10-18,S08,Home Care,1505.1000000000001
2024-10-18,S08,Personal Care,3117.0299999999997
2024-10-18,S08,Spices & Masala,743.8800000000001
2024-10-18,S08,Staples & Grains,4910.76
2024-10-18,S08,Stationery & General,2110.8199999999997
2024-10-18,S09,Baby Care,13650.720000000001
2024-10-18,S09,Bakery,1797.02
2024-10-18,S09,Beverages,6001.1100000000015
2024-10-18,S09,Bill-level adjustments,-664.77
2024-10-18,S09,Biscuits & Snacks,611.18
2024-10-18,S09,Confectionery,5808.93
2024-10-18,S09,Dairy,4600.289999999999
2024-10-18,S09,Edible Oils,19976.09
2024-10-18,S09,Frozen & Ready to Eat,4665.28
2024-10-18,S09,Fruits & Vegetables,2773.4500000000003
2024-10-18,S09,Home Care,4086.42
2024-10-18,S09,Personal Care,8128.24
2024-10-18,S09,Spices & Masala,6112.69
2024-10-18,S09,Staples & Grains,13837.73
2024-10-18,S09,Stationery & General,1090.95
2024-10-18,S10,Baby Care,41942.08
2024-10-18,S10,Bakery,7324.249999999999
2024-10-18,S10,Beverages,8153.030000000002
2024-10-18,S10,Bill-level adjustments,-3790.1099999999997
2024-10-18,S10,Biscuits & Snacks,3350.080000000001
2024-10-18,S10,Confectionery,13045.480000000003
2024-10-18,S10,Dairy,13194.880000000001
2024-10-18,S10,Edible Oils,35211.5
2024-10-18,S10,Frozen & Ready to Eat,11579.480000000001
2024-10-18,S10,Fruits & Vegetables,7919.309999999999
2024-10-18,S10,Home Care,9779.93
2024-10-18,S10,Personal Care,16246.119999999999
2024-10-18,S10,Spices & Masala,8411.160000000002
2024-10-18,S10,Staples & Grains,31258.609999999997
2024-10-18,S10,Stationery & General,13613.619999999999
2024-10-18,S11,Baby Care,34671.450000000004
2024-10-18,S11,Bakery,2213.9100000000003
2024-10-18,S11,Beverages,7844.65
2024-10-18,S11,Bill-level adjustments,-1868.0100000000002
2024-10-18,S11,Biscuits & Snacks,1270.35
2024-10-18,S11,Confectionery,2275.87
2024-10-18,S11,Dairy,5061.469999999999
2024-10-18,S11,Edible Oils,17449.11
2024-10-18,S11,Frozen & Ready to Eat,7761.649999999999
2024-10-18,S11,Fruits & Vegetables,2847.7200000000003
2024-10-18,S11,Home Care,3033.0
2024-10-18,S11,Personal Care,7262.500000000002
2024-10-18,S11,Spices & Masala,2571.13
2024-10-18,S11,Staples & Grains,17499.45
2024-10-18,S11,Stationery & General,6366.54
2024-10-18,S12,Baby Care,34031.68000000001
2024-10-18,S12,Bakery,3694.0100000000007
2024-10-18,S12,Beverages,11484.980000000003
2024-10-18,S12,Bill-level adjustments,-1650.7600000000002
2024-10-18,S12,Biscuits & Snacks,2376.1099999999997
2024-10-18,S12,Confectionery,7109.0999999999985
2024-10-18,S12,Dairy,11525.86
2024-10-18,S12,Edible Oils,34769.22000000001
2024-10-18,S12,Frozen & Ready to Eat,7330.84
2024-10-18,S12,Fruits & Vegetables,5505.950000000002
2024-10-18,S12,Home Care,6588.79
2024-10-18,S12,Personal Care,10661.34
2024-10-18,S12,Spices & Masala,5158.280000000002
2024-10-18,S12,Staples & Grains,23091.199999999997
2024-10-18,S12,Stationery & General,7390.959999999999
2024-10-19,S01,Baby Care,51768.15000000001
2024-10-19,S01,Bakery,8356.53
2024-10-19,S01,Beverages,6884.419999999999
2024-10-19,S01,Bill-level adjustments,-3929.9800000000005
2024-10-19,S01,Biscuits & Snacks,5316.789999999998
2024-10-19,S01,Confectionery,6495.530000000001
2024-10-19,S01,Dairy,21111.829999999998
2024-10-19,S01,Edible Oils,43781.369999999995
2024-10-19,S01,Frozen & Ready to Eat,13469.569999999998
2024-10-19,S01,Fruits & Vegetables,8296.13
2024-10-19,S01,Home Care,20192.96
2024-10-19,S01,Personal Care,18961.34
2024-10-19,S01,Spices & Masala,7111.539999999999
2024-10-19,S01,Staples & Grains,56458.289999999986
2024-10-19,S01,Stationery & General,12487.829999999996
2024-10-19,S02,Baby Care,35648.01
2024-10-19,S02,Bakery,3582.87
2024-10-19,S02,Beverages,11094.239999999996
2024-10-19,S02,Bill-level adjustments,-3841.68
2024-10-19,S02,Biscuits & Snacks,2884.729999999999
2024-10-19,S02,Confectionery,9329.279999999999
2024-10-19,S02,Dairy,11747.230000000001
2024-10-19,S02,Edible Oils,25458.88
2024-10-19,S02,Frozen & Ready to Eat,7108.5199999999995
2024-10-19,S02,Fruits & Vegetables,5086.88
2024-10-19,S02,Home Care,12510.360000000002
2024-10-19,S02,Personal Care,15664.810000000003
2024-10-19,S02,Spices & Masala,8978.97
2024-10-19,S02,Staples & Grains,43609.95999999999
2024-10-19,S02,Stationery & General,6297.9400000000005
2024-10-19,S03,Baby Care,37030.42999999999
2024-10-19,S03,Bakery,6693.990000000001
2024-10-19,S03,Beverages,16610.19
2024-10-19,S03,Bill-level adjustments,-2008.6100000000001
2024-10-19,S03,Biscuits & Snacks,5499.549999999999
2024-10-19,S03,Confectionery,12948.330000000002
2024-10-19,S03,Dairy,23936.12
2024-10-19,S03,Edible Oils,55177.68999999999
2024-10-19,S03,Frozen & Ready to Eat,14151.820000000002
2024-10-19,S03,Fruits & Vegetables,6537.290000000001
2024-10-19,S03,Home Care,24420.789999999997
2024-10-19,S03,Personal Care,21137.69
2024-10-19,S03,Spices & Masala,8267.41
2024-10-19,S03,Staples & Grains,41882.590000000004
2024-10-19,S03,Stationery & General,26447.59
2024-10-19,S04,Baby Care,28407.18
2024-10-19,S04,Bakery,5223.500000000001
2024-10-19,S04,Beverages,7772.499999999998
2024-10-19,S04,Bill-level adjustments,-1902.73
2024-10-19,S04,Biscuits & Snacks,2756.93
2024-10-19,S04,Confectionery,6822.23
2024-10-19,S04,Dairy,16075.08
2024-10-19,S04,Edible Oils,46791.28
2024-10-19,S04,Frozen & Ready to Eat,14015.009999999998
2024-10-19,S04,Fruits & Vegetables,4382.249999999999
2024-10-19,S04,Home Care,10928.79
2024-10-19,S04,Personal Care,8509.640000000001
2024-10-19,S04,Spices & Masala,6361.85
2024-10-19,S04,Staples & Grains,70317.46
2024-10-19,S04,Stationery & General,6068.0599999999995
2024-10-19,S05,Baby Care,14813.93
2024-10-19,S05,Bakery,4519.67
2024-10-19,S05,Beverages,6051.219999999999
2024-10-19,S05,Bill-level adjustments,-912.16
2024-10-19,S05,Biscuits & Snacks,2227.3
2024-10-19,S05,Confectionery,8125.409999999998
2024-10-19,S05,Dairy,11174.96
2024-10-19,S05,Edible Oils,5093.76
2024-10-19,S05,Frozen & Ready to Eat,11403.05
2024-10-19,S05,Fruits & Vegetables,3330.33
2024-10-19,S05,Home Care,9309.05
2024-10-19,S05,Personal Care,5686.37
2024-10-19,S05,Spices & Masala,4130.099999999999
2024-10-19,S05,Staples & Grains,31638.33
2024-10-19,S05,Stationery & General,6833.160000000001
2024-10-19,S06,Baby Care,42059.26
2024-10-19,S06,Bakery,7113.389999999999
2024-10-19,S06,Beverages,14817.260000000002
2024-10-19,S06,Bill-level adjustments,-1205.62
2024-10-19,S06,Biscuits & Snacks,4046.5
2024-10-19,S06,Confectionery,5756.51
2024-10-19,S06,Dairy,18858.61
2024-10-19,S06,Edible Oils,39162.89
2024-10-19,S06,Frozen & Ready to Eat,13315.239999999998
2024-10-19,S06,Fruits & Vegetables,7478.409999999998
2024-10-19,S06,Home Care,11538.039999999999
2024-10-19,S06,Personal Care,14183.869999999997
2024-10-19,S06,Spices & Masala,11695.339999999998
2024-10-19,S06,Staples & Grains,24207.57
2024-10-19,S06,Stationery & General,12425.899999999998
2024-10-19,S07,Baby Care,24957.870000000003
2024-10-19,S07,Bakery,6536.080000000001
2024-10-19,S07,Beverages,6907.3
2024-10-19,S07,Bill-level adjustments,-2126.35
2024-10-19,S07,Biscuits & Snacks,1568.7199999999998
2024-10-19,S07,Confectionery,8762.470000000001
2024-10-19,S07,Dairy,8332.449999999997
2024-10-19,S07,Edible Oils,35464.51
2024-10-19,S07,Frozen & Ready to Eat,8358.630000000001
2024-10-19,S07,Fruits & Vegetables,5061.859999999999
2024-10-19,S07,Home Care,10361.86
2024-10-19,S07,Personal Care,17726.69
2024-10-19,S07,Spices & Masala,7663.399999999999
2024-10-19,S07,Staples & Grains,24390.260000000002
2024-10-19,S07,Stationery & General,13186.220000000001
2024-10-19,S08,Baby Care,23632.71
2024-10-19,S08,Bakery,1845.3999999999999
2024-10-19,S08,Beverages,8381.12
2024-10-19,S08,Bill-level adjustments,-733.4099999999999
2024-10-19,S08,Biscuits & Snacks,1587.5899999999997
2024-10-19,S08,Confectionery,6177.93
2024-10-19,S08,Dairy,7309.149999999999
2024-10-19,S08,Edible Oils,19294.01
2024-10-19,S08,Frozen & Ready to Eat,13118.789999999999
2024-10-19,S08,Fruits & Vegetables,6713.78
2024-10-19,S08,Home Care,9090.089999999998
2024-10-19,S08,Personal Care,15820.07
2024-10-19,S08,Spices & Masala,6046.039999999999
2024-10-19,S08,Staples & Grains,14040.529999999999
2024-10-19,S08,Stationery & General,8357.069999999998
2024-10-19,S09,Baby Care,5326.71
2024-10-19,S09,Bakery,3597.7500000000005
2024-10-19,S09,Beverages,6554.700000000001
2024-10-19,S09,Bill-level adjustments,-453.27
2024-10-19,S09,Biscuits & Snacks,1986.37
2024-10-19,S09,Confectionery,4584.339999999999
2024-10-19,S09,Dairy,1356.0
2024-10-19,S09,Edible Oils,7506.719999999999
2024-10-19,S09,Frozen & Ready to Eat,3203.5600000000004
2024-10-19,S09,Fruits & Vegetables,2420.49
2024-10-19,S09,Home Care,3791.88
2024-10-19,S09,Personal Care,9614.45
2024-10-19,S09,Spices & Masala,3810.0
2024-10-19,S09,Staples & Grains,14603.490000000002
2024-10-19,S09,Stationery & General,5778.4
2024-10-19,S10,Baby Care,10642.34
2024-10-19,S10,Bakery,8478.959999999997
2024-10-19,S10,Beverages,10097.71
2024-10-19,S10,Bill-level adjustments,-1499.89
2024-10-19,S10,Biscuits & Snacks,4891.61
2024-10-19,S10,Confectionery,10069.949999999999
2024-10-19,S10,Dairy,20578.62
2024-10-19,S10,Edible Oils,47463.08
2024-10-19,S10,Frozen & Ready to Eat,15875.64
2024-10-19,S10,Fruits & Vegetables,4013.46
2024-10-19,S10,Home Care,17661.11
2024-10-19,S10,Personal Care,26062.24
2024-10-19,S10,Spices & Masala,8754.750000000002
2024-10-19,S10,Staples & Grains,39986.75000000001
2024-10-19,S10,Stationery & General,10742.650000000001
2024-10-19,S11,Baby Care,14692.780000000002
2024-10-19,S11,Bakery,2676.34
2024-10-19,S11,Beverages,5866.720000000001
2024-10-19,S11,Bill-level adjustments,-498.26
2024-10-19,S11,Biscuits & Snacks,1889.13
2024-10-19,S11,Confectionery,2013.31
2024-10-19,S11,Dairy,6860.599999999999
2024-10-19,S11,Edible Oils,18956.2
2024-10-19,S11,Frozen & Ready to Eat,8828.91
2024-10-19,S11,Fruits & Vegetables,4186.89
2024-10-19,S11,Home Care,4658.82
2024-10-19,S11,Personal Care,7865.76
2024-10-19,S11,Spices & Masala,2968.01
2024-10-19,S11,Staples & Grains,26025.27
2024-10-19,S11,Stationery & General,9586.9
2024-10-19,S12,Baby Care,14285.36
2024-10-19,S12,Bakery,2834.95
2024-10-19,S12,Beverages,9603.5
2024-10-19,S12,Bill-level adjustments,-803.88
2024-10-19,S12,Biscuits & Snacks,1814.82
2024-10-19,S12,Confectionery,7399.219999999999
2024-10-19,S12,Dairy,8601.04
2024-10-19,S12,Edible Oils,18500.279999999995
2024-10-19,S12,Frozen & Ready to Eat,9393.919999999998
2024-10-19,S12,Fruits & Vegetables,3193.0800000000004
2024-10-19,S12,Home Care,9242.59
2024-10-19,S12,Personal Care,12985.879999999997
2024-10-19,S12,Spices & Masala,5426.7699999999995
2024-10-19,S12,Staples & Grains,52475.16
2024-10-19,S12,Stationery & General,14458.970000000001
2024-10-20,S01,Baby Care,54523.3
2024-10-20,S01,Bakery,5879.52
2024-10-20,S01,Beverages,8028.51
2024-10-20,S01,Bill-level adjustments,-670.93
2024-10-20,S01,Biscuits & Snacks,3796.9400000000005
2024-10-20,S01,Confectionery,7797.92
2024-10-20,S01,Dairy,18478.52
2024-10-20,S01,Edible Oils,36917.61
2024-10-20,S01,Frozen & Ready to Eat,21023.7
2024-10-20,S01,Fruits & Vegetables,11989.899999999998
2024-10-20,S01,Home Care,11054.949999999997
2024-10-20,S01,Personal Care,15678.810000000001
2024-10-20,S01,Spices & Masala,8311.92
2024-10-20,S01,Staples & Grains,49322.34
2024-10-20,S01,Stationery & General,12107.919999999996
2024-10-20,S02,Baby Care,41873.880000000005
2024-10-20,S02,Bakery,7333.080000000001
2024-10-20,S02,Beverages,15935.4
2024-10-20,S02,Bill-level adjustments,-2964.9799999999996
2024-10-20,S02,Biscuits & Snacks,3790.04
2024-10-20,S02,Confectionery,9319.22
2024-10-20,S02,Dairy,25571.53999999999
2024-10-20,S02,Edible Oils,15386.990000000003
2024-10-20,S02,Frozen & Ready to Eat,14989.910000000002
2024-10-20,S02,Fruits & Vegetables,6434.65
2024-10-20,S02,Home Care,12048.64
2024-10-20,S02,Personal Care,16074.41
2024-10-20,S02,Spices & Masala,9116.23
2024-10-20,S02,Staples & Grains,50641.189999999995
2024-10-20,S02,Stationery & General,7579.909999999998
2024-10-20,S03,Baby Care,66610.29999999999
2024-10-20,S03,Bakery,5691.800000000001
2024-10-20,S03,Beverages,18975.629999999997
2024-10-20,S03,Bill-level adjustments,-3521.41
2024-10-20,S03,Biscuits & Snacks,3805.1500000000005
2024-10-20,S03,Confectionery,6476.32
2024-10-20,S03,Dairy,15347.34
2024-10-20,S03,Edible Oils,43697.319999999985
2024-10-20,S03,Frozen & Ready to Eat,11623.81
2024-10-20,S03,Fruits & Vegetables,10816.349999999999
2024-10-20,S03,Home Care,20218.049999999996
2024-10-20,S03,Personal Care,21435.760000000002
2024-10-20,S03,Spices & Masala,8527.2
2024-10-20,S03,Staples & Grains,58190.75
2024-10-20,S03,Stationery & General,15717.96
2024-10-20,S04,Baby Care,24610.020000000004
2024-10-20,S04,Bakery,3266.01
2024-10-20,S04,Beverages,5511.030000000001
2024-10-20,S04,Bill-level adjustments,-1323.0
2024-10-20,S04,Biscuits & Snacks,2105.0799999999995
2024-10-20,S04,Confectionery,9169.35
2024-10-20,S04,Dairy,10317.84
2024-10-20,S04,Edible Oils,15196.489999999998
2024-10-20,S04,Frozen & Ready to Eat,9385.42
2024-10-20,S04,Fruits & Vegetables,4567.7300000000005
2024-10-20,S04,Home Care,5761.070000000001
2024-10-20,S04,Personal Care,9394.34
2024-10-20,S04,Spices & Masala,7030.77
2024-10-20,S04,Staples & Grains,28249.46
2024-10-20,S04,Stationery & General,5590.86
2024-10-20,S05,Baby Care,21252.48
2024-10-20,S05,Bakery,3543.6300000000006
2024-10-20,S05,Beverages,7975.77
2024-10-20,S05,Bill-level adjustments,-2138.85
2024-10-20,S05,Biscuits & Snacks,3263.7200000000007
2024-10-20,S05,Confectionery,4135.24
2024-10-20,S05,Dairy,10735.88
2024-10-20,S05,Edible Oils,18360.09
2024-10-20,S05,Frozen & Ready to Eat,6267.579999999999
2024-10-20,S05,Fruits & Vegetables,4768.780000000001
2024-10-20,S05,Home Care,12119.699999999999
2024-10-20,S05,Personal Care,13220.75
2024-10-20,S05,Spices & Masala,6797.21
2024-10-20,S05,Staples & Grains,28272.549999999996
2024-10-20,S05,Stationery & General,5538.500000000001
2024-10-20,S06,Baby Care,47452.969999999994
2024-10-20,S06,Bakery,5982.210000000002
2024-10-20,S06,Beverages,8862.880000000001
2024-10-20,S06,Bill-level adjustments,-2880.249999999999
2024-10-20,S06,Biscuits & Snacks,3391.99
2024-10-20,S06,Confectionery,6621.550000000001
2024-10-20,S06,Dairy,7012.360000000001
2024-10-20,S06,Edible Oils,37561.509999999995
2024-10-20,S06,Frozen & Ready to Eat,14320.109999999999
2024-10-20,S06,Fruits & Vegetables,5848.150000000001
2024-10-20,S06,Home Care,16178.789999999999
2024-10-20,S06,Personal Care,17346.78
2024-10-20,S06,Spices & Masala,6967.1900000000005
2024-10-20,S06,Staples & Grains,50540.86000000002
2024-10-20,S06,Stationery & General,5717.61
2024-10-20,S07,Baby Care,35656.71
2024-10-20,S07,Bakery,4894.130000000001
2024-10-20,S07,Beverages,12193.42
2024-10-20,S07,Bill-level adjustments,-1393.29
2024-10-20,S07,Biscuits & Snacks,4387.669999999998
2024-10-20,S07,Confectionery,5406.879999999999
2024-10-20,S07,Dairy,13236.700000000003
2024-10-20,S07,Edible Oils,34574.13999999999
2024-10-20,S07,Frozen & Ready to Eat,8750.429999999998
2024-10-20,S07,Fruits & Vegetables,6809.100000000002
2024-10-20,S07,Home Care,7917.22
2024-10-20,S07,Personal Care,6890.79
2024-10-20,S07,Spices & Masala,8046.68
2024-10-20,S07,Staples & Grains,35629.2
2024-10-20,S07,Stationery & General,3778.04
2024-10-20,S08,Baby Care,15424.19
2024-10-20,S08,Bakery,5788.7
2024-10-20,S08,Beverages,8655.18
2024-10-20,S08,Bill-level adjustments,-909.4700000000001
2024-10-20,S08,Biscuits & Snacks,3740.2500000000005
2024-10-20,S08,Confectionery,4997.509999999999
2024-10-20,S08,Dairy,12693.730000000003
2024-10-20,S08,Edible Oils,22614.82
2024-10-20,S08,Frozen & Ready to Eat,11342.0
2024-10-20,S08,Fruits & Vegetables,8707.659999999998
2024-10-20,S08,Home Care,9515.769999999999
2024-10-20,S08,Personal Care,10158.56
2024-10-20,S08,Spices & Masala,3692.6800000000003
2024-10-20,S08,Staples & Grains,24851.469999999998
2024-10-20,S08,Stationery & General,6433.2699999999995
2024-10-20,S09,Baby Care,14892.970000000001
2024-10-20,S09,Bakery,2700.89
2024-10-20,S09,Beverages,3731.1500000000005
2024-10-20,S09,Bill-level adjustments,-430.01
2024-10-20,S09,Biscuits & Snacks,527.66
2024-10-20,S09,Confectionery,4383.32
2024-10-20,S09,Dairy,4158.64
2024-10-20,S09,Edible Oils,12907.310000000001
2024-10-20,S09,Frozen & Ready to Eat,2906.0600000000004
2024-10-20,S09,Fruits & Vegetables,1679.5900000000001
2024-10-20,S09,Home Care,381.14999999999986
2024-10-20,S09,Personal Care,7786.880000000001
2024-10-20,S09,Spices & Masala,1036.01
2024-10-20,S09,Staples & Grains,12724.009999999998
2024-10-20,S09,Stationery & General,4312.98
2024-10-20,S10,Baby Care,36672.93
2024-10-20,S10,Bakery,6172.309999999999
2024-10-20,S10,Beverages,13481.120000000003
2024-10-20,S10,Bill-level adjustments,-3124.5499999999993
2024-10-20,S10,Biscuits & Snacks,3401.5800000000004
2024-10-20,S10,Confectionery,6338.02
2024-10-20,S10,Dairy,14697.19
2024-10-20,S10,Edible Oils,42999.72
2024-10-20,S10,Frozen & Ready to Eat,9331.410000000002
2024-10-20,S10,Fruits & Vegetables,8878.2
2024-10-20,S10,Home Care,7759.750000000003
2024-10-20,S10,Personal Care,21989.52
2024-10-20,S10,Spices & Masala,5081.72
2024-10-20,S10,Staples & Grains,74850.41999999998
2024-10-20,S10,Stationery & General,17541.120000000003
2024-10-20,S11,Baby Care,29159.22000000001
2024-10-20,S11,Bakery,6555.449999999999
2024-10-20,S11,Beverages,5216.45
2024-10-20,S11,Bill-level adjustments,-840.21
2024-10-20,S11,Biscuits & Snacks,1958.74
2024-10-20,S11,Confectionery,2950.63
2024-10-20,S11,Dairy,4738.07
2024-10-20,S11,Edible Oils,25905.59
2024-10-20,S11,Frozen & Ready to Eat,11254.640000000001
2024-10-20,S11,Fruits & Vegetables,4090.61
2024-10-20,S11,Home Care,9387.86
2024-10-20,S11,Personal Care,9130.05
2024-10-20,S11,Spices & Masala,2416.35
2024-10-20,S11,Staples & Grains,35929.990000000005
2024-10-20,S11,Stationery & General,6134.08
2024-10-20,S12,Baby Care,13141.52
2024-10-20,S12,Bakery,4088.769999999999
2024-10-20,S12,Beverages,5078.780000000001
2024-10-20,S12,Bill-level adjustments,-1006.9300000000002
2024-10-20,S12,Biscuits & Snacks,1425.8100000000002
2024-10-20,S12,Confectionery,5248.93
2024-10-20,S12,Dairy,12082.380000000001
2024-10-20,S12,Edible Oils,13638.799999999997
2024-10-20,S12,Frozen & Ready to Eat,10152.789999999999
2024-10-20,S12,Fruits & Vegetables,4246.5
2024-10-20,S12,Home Care,7706.959999999999
2024-10-20,S12,Personal Care,14302.460000000001
2024-10-20,S12,Spices & Masala,8671.4
2024-10-20,S12,Staples & Grains,18731.350000000002
2024-10-20,S12,Stationery & General,11334.939999999999
2024-10-21,S01,Baby Care,19078.050000000007
2024-10-21,S01,Bakery,6304.870000000001
2024-10-21,S01,Beverages,8692.749999999998
2024-10-21,S01,Bill-level adjustments,-723.07
2024-10-21,S01,Biscuits & Snacks,1246.31
2024-10-21,S01,Confectionery,7610.64
2024-10-21,S01,Dairy,11551.890000000001
2024-10-21,S01,Edible Oils,35141.159999999996
2024-10-21,S01,Frozen & Ready to Eat,8236.470000000001
2024-10-21,S01,Fruits & Vegetables,4371.52
2024-10-21,S01,Home Care,456.6500000000001
2024-10-21,S01,Personal Care,5577.51
2024-10-21,S01,Spices & Masala,6563.36
2024-10-21,S01,Staples & Grains,19808.579999999994
2024-10-21,S01,Stationery & General,5630.349999999999
2024-10-21,S02,Baby Care,22168.36
2024-10-21,S02,Bakery,4275.500000000001
2024-10-21,S02,Beverages,2825.83
2024-10-21,S02,Bill-level adjustments,-731.48
2024-10-21,S02,Biscuits & Snacks,1729.38
2024-10-21,S02,Confectionery,5739.910000000001
2024-10-21,S02,Dairy,7289.119999999999
2024-10-21,S02,Edible Oils,33972.67
2024-10-21,S02,Frozen & Ready to Eat,7848.829999999999
2024-10-21,S02,Fruits & Vegetables,4196.17
2024-10-21,S02,Home Care,3377.35
2024-10-21,S02,Personal Care,11914.54
2024-10-21,S02,Spices & Masala,3820.79
2024-10-21,S02,Staples & Grains,48283.94999999999
2024-10-21,S02,Stationery & General,10695.030000000002
2024-10-21,S03,Baby Care,30059.04
2024-10-21,S03,Bakery,3537.830000000001
2024-10-21,S03,Beverages,5781.53
2024-10-21,S03,Bill-level adjustments,-2029.23
2024-10-21,S03,Biscuits & Snacks,2167.05
2024-10-21,S03,Confectionery,4880.4800000000005
2024-10-21,S03,Dairy,12067.73
2024-10-21,S03,Edible Oils,22761.910000000003
2024-10-21,S03,Frozen & Ready to Eat,9755.790000000003
2024-10-21,S03,Fruits & Vegetables,4535.150000000001
2024-10-21,S03,Home Care,7124.85
2024-10-21,S03,Personal Care,10683.65
2024-10-21,S03,Spices & Masala,4451.120000000001
2024-10-21,S03,Staples & Grains,33975.34
2024-10-21,S03,Stationery & General,5491.21
2024-10-21,S04,Baby Care,24524.910000000003
2024-10-21,S04,Bakery,4133.210000000001
2024-10-21,S04,Beverages,5898.21
2024-10-21,S04,Bill-level adjustments,-1682.04
2024-10-21,S04,Biscuits & Snacks,1018.5400000000002
2024-10-21,S04,Confectionery,6728.3
2024-10-21,S04,Dairy,7942.73
2024-10-21,S04,Edible Oils,17901.4
2024-10-21,S04,Frozen & Ready to Eat,4161.09
2024-10-21,S04,Fruits & Vegetables,1759.13
2024-10-21,S04,Home Care,7217.08
2024-10-21,S04,Personal Care,9046.26
2024-10-21,S04,Spices & Masala,6174.83
2024-10-21,S04,Staples & Grains,18154.079999999998
2024-10-21,S04,Stationery & General,6571.8
2024-10-21,S05,Baby Care,18626.000000000004
2024-10-21,S05,Bakery,1921.92
2024-10-21,S05,Beverages,1808.8200000000002
2024-10-21,S05,Bill-level adjustments,-2074.92
2024-10-21,S05,Biscuits & Snacks,515.02
2024-10-21,S05,Confectionery,4375.999999999999
2024-10-21,S05,Dairy,7161.54
2024-10-21,S05,Edible Oils,31796.510000000006
2024-10-21,S05,Frozen & Ready to Eat,2822.46
2024-10-21,S05,Fruits & Vegetables,1105.26
2024-10-21,S05,Home Care,5762.200000000001
2024-10-21,S05,Personal Care,6215.9800000000005
2024-10-21,S05,Spices & Masala,3757.12
2024-10-21,S05,Staples & Grains,21269.239999999998
2024-10-21,S05,Stationery & General,4093.2100000000005
2024-10-21,S06,Baby Care,34698.17
2024-10-21,S06,Bakery,3689.7099999999996
2024-10-21,S06,Beverages,6474.74
2024-10-21,S06,Bill-level adjustments,-1311.25
2024-10-21,S06,Biscuits & Snacks,2842.8599999999997
2024-10-21,S06,Confectionery,5438.889999999999
2024-10-21,S06,Dairy,11175.719999999998
2024-10-21,S06,Edible Oils,31165.18
2024-10-21,S06,Frozen & Ready to Eat,13030.53
2024-10-21,S06,Fruits & Vegetables,5141.639999999999
2024-10-21,S06,Home Care,11189.55
2024-10-21,S06,Personal Care,6872.199999999999
2024-10-21,S06,Spices & Masala,2866.6899999999996
2024-10-21,S06,Staples & Grains,40540.55999999999
2024-10-21,S06,Stationery & General,10543.87
2024-10-21,S07,Baby Care,14399.49
2024-10-21,S07,Bakery,1474.93
2024-10-21,S07,Beverages,2255.92
2024-10-21,S07,Bill-level adjustments,-1472.16
2024-10-21,S07,Biscuits & Snacks,1135.3600000000001
2024-10-21,S07,Confectionery,2111.64
2024-10-21,S07,Dairy,11557.18
2024-10-21,S07,Edible Oils,28462.380000000005
2024-10-21,S07,Frozen & Ready to Eat,3635.2699999999995
2024-10-21,S07,Fruits & Vegetables,3149.5299999999997
2024-10-21,S07,Home Care,8629.06
2024-10-21,S07,Personal Care,6828.89
2024-10-21,S07,Spices & Masala,3188.7200000000003
2024-10-21,S07,Staples & Grains,21329.59
2024-10-21,S07,Stationery & General,2427.6899999999996
2024-10-21,S08,Baby Care,13906.0
2024-10-21,S08,Bakery,939.1999999999999
2024-10-21,S08,Beverages,4398.09
2024-10-21,S08,Bill-level adjustments,-870.29
2024-10-21,S08,Biscuits & Snacks,1142.84
2024-10-21,S08,Confectionery,5722.669999999999
2024-10-21,S08,Dairy,10246.62
2024-10-21,S08,Edible Oils,13342.35
2024-10-21,S08,Frozen & Ready to Eat,5701.389999999999
2024-10-21,S08,Fruits & Vegetables,611.6500000000001
2024-10-21,S08,Home Care,4760.61
2024-10-21,S08,Personal Care,3245.63
2024-10-21,S08,Spices & Masala,654.79
2024-10-21,S08,Staples & Grains,6996.91
2024-10-21,S08,Stationery & General,4165.51
2024-10-21,S09,Baby Care,5235.75
2024-10-21,S09,Bakery,421.11
2024-10-21,S09,Beverages,2297.32
2024-10-21,S09,Bill-level adjustments,-710.57
2024-10-21,S09,Biscuits & Snacks,1445.6299999999999
2024-10-21,S09,Confectionery,3451.3899999999994
2024-10-21,S09,Dairy,4639.97
2024-10-21,S09,Edible Oils,9049.79
2024-10-21,S09,Frozen & Ready to Eat,4468.22
2024-10-21,S09,Fruits & Vegetables,1160.1100000000001
2024-10-21,S09,Home Care,2942.58
2024-10-21,S09,Personal Care,10391.56
2024-10-21,S09,Spices & Masala,3939.5899999999997
2024-10-21,S09,Staples & Grains,11354.4
2024-10-21,S09,Stationery & General,6380.94
2024-10-21,S10,Baby Care,47869.460000000014
2024-10-21,S10,Bakery,4520.160000000002
2024-10-21,S10,Beverages,13705.15
2024-10-21,S10,Bill-level adjustments,-540.9499999999999
2024-10-21,S10,Biscuits & Snacks,2730.9399999999996
2024-10-21,S10,Confectionery,4097.21
2024-10-21,S10,Dairy,11684.34
2024-10-21,S10,Edible Oils,31084.409999999996
2024-10-21,S10,Frozen & Ready to Eat,8763.21
2024-10-21,S10,Fruits & Vegetables,2865.5499999999997
2024-10-21,S10,Home Care,7496.179999999999
2024-10-21,S10,Personal Care,12627.249999999998
2024-10-21,S10,Spices & Masala,3295.59
2024-10-21,S10,Staples & Grains,57319.71999999999
2024-10-21,S10,Stationery & General,10059.95
2024-10-21,S11,Baby Care,12650.680000000002
2024-10-21,S11,Bakery,3227.27
2024-10-21,S11,Beverages,2566.05
2024-10-21,S11,Bill-level adjustments,-757.4200000000001
2024-10-21,S11,Biscuits & Snacks,1781.8899999999999
2024-10-21,S11,Confectionery,2279.5499999999997
2024-10-21,S11,Dairy,8526.04
2024-10-21,S11,Edible Oils,10970.91
2024-10-21,S11,Frozen & Ready to Eat,3966.09
2024-10-21,S11,Fruits & Vegetables,4905.85
2024-10-21,S11,Home Care,8537.84
2024-10-21,S11,Personal Care,4440.0599999999995
2024-10-21,S11,Spices & Masala,2798.5
2024-10-21,S11,Staples & Grains,15247.439999999997
2024-10-21,S11,Stationery & General,4609.46
2024-10-21,S12,Baby Care,10859.66
2024-10-21,S12,Bakery,1336.56
2024-10-21,S12,Beverages,3362.89
2024-10-21,S12,Bill-level adjustments,-1451.9099999999999
2024-10-21,S12,Biscuits & Snacks,1592.7699999999998
2024-10-21,S12,Confectionery,2085.33
2024-10-21,S12,Dairy,6882.3099999999995
2024-10-21,S12,Edible Oils,3096.2799999999997
2024-10-21,S12,Frozen & Ready to Eat,10757.58
2024-10-21,S12,Fruits & Vegetables,2422.85
2024-10-21,S12,Home Care,13036.390000000003
2024-10-21,S12,Personal Care,12451.02
2024-10-21,S12,Spices & Masala,5947.91
2024-10-21,S12,Staples & Grains,14961.619999999999
2024-10-21,S12,Stationery & General,7205.460000000001
2024-10-22,S01,Baby Care,37442.7
2024-10-22,S01,Bakery,2557.62
2024-10-22,S01,Beverages,4186.280000000001
2024-10-22,S01,Bill-level adjustments,-2445.61
2024-10-22,S01,Biscuits & Snacks,3787.4299999999994
2024-10-22,S01,Confectionery,6613.839999999998
2024-10-22,S01,Dairy,5004.98
2024-10-22,S01,Edible Oils,14370.159999999998
2024-10-22,S01,Frozen & Ready to Eat,6895.469999999999
2024-10-22,S01,Fruits & Vegetables,3118.69
2024-10-22,S01,Home Care,14285.829999999998
2024-10-22,S01,Personal Care,16285.140000000001
2024-10-22,S01,Spices & Masala,4118.459999999999
2024-10-22,S01,Staples & Grains,36003.68
2024-10-22,S01,Stationery & General,3570.6600000000003
2024-10-22,S02,Baby Care,14679.870000000003
2024-10-22,S02,Bakery,2908.62
2024-10-22,S02,Beverages,2809.2300000000005
2024-10-22,S02,Bill-level adjustments,-2038.8100000000002
2024-10-22,S02,Biscuits & Snacks,2652.18
2024-10-22,S02,Confectionery,3349.06
2024-10-22,S02,Dairy,12933.68
2024-10-22,S02,Edible Oils,29521.450000000004
2024-10-22,S02,Frozen & Ready to Eat,7906.25
2024-10-22,S02,Fruits & Vegetables,4252.53
2024-10-22,S02,Home Care,7695.299999999999
2024-10-22,S02,Personal Care,6449.500000000001
2024-10-22,S02,Spices & Masala,1359.49
2024-10-22,S02,Staples & Grains,21344.37
2024-10-22,S02,Stationery & General,7464.97
2024-10-22,S03,Baby Care,24982.23
2024-10-22,S03,Bakery,6019.63
2024-10-22,S03,Beverages,11681.77
2024-10-22,S03,Bill-level adjustments,-1836.3600000000001
2024-10-22,S03,Biscuits & Snacks,2158.69
2024-10-22,S03,Confectionery,6828.22
2024-10-22,S03,Dairy,6336.3
2024-10-22,S03,Edible Oils,26816.79
2024-10-22,S03,Frozen & Ready to Eat,9800.11
2024-10-22,S03,Fruits & Vegetables,3722.0500000000006
2024-10-22,S03,Home Care,10997.94
2024-10-22,S03,Personal Care,12220.53
2024-10-22,S03,Spices & Masala,4941.08
2024-10-22,S03,Staples & Grains,39438.94
2024-10-22,S03,Stationery & General,9671.74
2024-10-22,S04,Baby Care,14937.919999999998
2024-10-22,S04,Bakery,3290.9300000000003
2024-10-22,S04,Beverages,4167.9800000000005
2024-10-22,S04,Bill-level adjustments,-1879.1200000000001
2024-10-22,S04,Biscuits & Snacks,3894.4599999999996
2024-10-22,S04,Confectionery,2181.38
2024-10-22,S04,Dairy,9857.439999999999
2024-10-22,S04,Edible Oils,21672.29
2024-10-22,S04,Frozen & Ready to Eat,10461.429999999998
2024-10-22,S04,Fruits & Vegetables,2422.0799999999995
2024-10-22,S04,Home Care,4575.219999999999
2024-10-22,S04,Personal Care,8584.89
2024-10-22,S04,Spices & Masala,4250.71
2024-10-22,S04,Staples & Grains,48319.01
2024-10-22,S04,Stationery & General,3405.84
2024-10-22,S05,Baby Care,18506.77
2024-10-22,S05,Bakery,1963.3300000000002
2024-10-22,S05,Beverages,2857.33
2024-10-22,S05,Bill-level adjustments,-280.49
2024-10-22,S05,Biscuits & Snacks,731.01
2024-10-22,S05,Confectionery,1929.86
2024-10-22,S05,Dairy,4939.500000000001
2024-10-22,S05,Edible Oils,12304.13
2024-10-22,S05,Frozen & Ready to Eat,3018.57
2024-10-22,S05,Fruits & Vegetables,1313.56
2024-10-22,S05,Home Care,1049.24
2024-10-22,S05,Personal Care,8448.56
2024-10-22,S05,Spices & Masala,908.23
2024-10-22,S05,Staples & Grains,13806.21
2024-10-22,S05,Stationery & General,2678.03
2024-10-22,S06,Baby Care,16637.920000000002
2024-10-22,S06,Bakery,3139.2400000000002
2024-10-22,S06,Beverages,4271.52
2024-10-22,S06,Bill-level adjustments,-1508.0600000000002
2024-10-22,S06,Biscuits & Snacks,2482.2999999999997
2024-10-22,S06,Confectionery,5343.28
2024-10-22,S06,Dairy,12430.730000000001
2024-10-22,S06,Edible Oils,17680.989999999998
2024-10-22,S06,Frozen & Ready to Eat,11419.9
2024-10-22,S06,Fruits & Vegetables,3701.38
2024-10-22,S06,Home Care,9220.49
2024-10-22,S06,Personal Care,2990.6699999999996
2024-10-22,S06,Spices & Masala,7086.210000000001
2024-10-22,S06,Staples & Grains,36602.020000000004
2024-10-22,S06,Stationery & General,6594.280000000001
2024-10-22,S07,Baby Care,10660.210000000001
2024-10-22,S07,Bakery,1661.2199999999998
2024-10-22,S07,Beverages,6073.72
2024-10-22,S07,Bill-level adjustments,-742.6
2024-10-22,S07,Biscuits & Snacks,867.43
2024-10-22,S07,Confectionery,1380.81
2024-10-22,S07,Dairy,3978.28
2024-10-22,S07,Edible Oils,9501.55
2024-10-22,S07,Frozen & Ready to Eat,3049.8399999999997
2024-10-22,S07,Fruits & Vegetables,2738.5200000000004
2024-10-22,S07,Home Care,1876.54
2024-10-22,S07,Personal Care,6839.88
2024-10-22,S07,Spices & Masala,2739.1900000000005
2024-10-22,S07,Staples & Grains,20229.43
2024-10-22,S07,Stationery & General,3613.1000000000004
2024-10-22,S08,Baby Care,19015.9
2024-10-22,S08,Bakery,3175.95
2024-10-22,S08,Beverages,7000.149999999999
2024-10-22,S08,Bill-level adjustments,-1059.51
2024-10-22,S08,Biscuits & Snacks,1214.79
2024-10-22,S08,Confectionery,2269.58
2024-10-22,S08,Dairy,9711.999999999998
2024-10-22,S08,Edible Oils,11326.01
2024-10-22,S08,Frozen & Ready to Eat,11297.390000000001
2024-10-22,S08,Fruits & Vegetables,5796.030000000001
2024-10-22,S08,Home Care,3668.1200000000003
2024-10-22,S08,Personal Care,1159.11
2024-10-22,S08,Spices & Masala,3629.39
2024-10-22,S08,Staples & Grains,24470.000000000004
2024-10-22,S08,Stationery & General,5423.299999999999
2024-10-22,S09,Baby Care,139.88
2024-10-22,S09,Bakery,321.90999999999997
2024-10-22,S09,Beverages,1067.22
2024-10-22,S09,Bill-level adjustments,-409.37
2024-10-22,S09,Biscuits & Snacks,1018.33
2024-10-22,S09,Confectionery,1531.33
2024-10-22,S09,Dairy,3199.66
2024-10-22,S09,Edible Oils,586.39
2024-10-22,S09,Frozen & Ready to Eat,5810.46
2024-10-22,S09,Fruits & Vegetables,872.94
2024-10-22,S09,Home Care,1830.87
2024-10-22,S09,Personal Care,2403.02
2024-10-22,S09,Spices & Masala,2111.9399999999996
2024-10-22,S09,Staples & Grains,9302.24
2024-10-22,S09,Stationery & General,4803.6
2024-10-22,S10,Baby Care,21848.280000000002
2024-10-22,S10,Bakery,2312.39
2024-10-22,S10,Beverages,6356.169999999999
2024-10-22,S10,Bill-level adjustments,-1302.1399999999999
2024-10-22,S10,Biscuits & Snacks,1038.06
2024-10-22,S10,Confectionery,2894.2700000000004
2024-10-22,S10,Dairy,7533.25
2024-10-22,S10,Edible Oils,19682.28
2024-10-22,S10,Frozen & Ready to Eat,8139.799999999999
2024-10-22,S10,Fruits & Vegetables,4927.800000000001
2024-10-22,S10,Home Care,8320.5
2024-10-22,S10,Personal Care,8904.529999999999
2024-10-22,S10,Spices & Masala,5142.65
2024-10-22,S10,Staples & Grains,22589.020000000004
2024-10-22,S10,Stationery & General,8242.58
2024-10-22,S11,Baby Care,17343.45
2024-10-22,S11,Bakery,1971.27
2024-10-22,S11,Beverages,1337.79
2024-10-22,S11,Bill-level adjustments,-754.12
2024-10-22,S11,Biscuits & Snacks,1294.88
2024-10-22,S11,Confectionery,492.22
2024-10-22,S11,Dairy,6452.97
2024-10-22,S11,Edible Oils,21952.11
2024-10-22,S11,Frozen & Ready to Eat,4970.82
2024-10-22,S11,Fruits & Vegetables,2982.49
2024-10-22,S11,Home Care,4986.56
2024-10-22,S11,Personal Care,5614.8
2024-10-22,S11,Spices & Masala,2402.38
2024-10-22,S11,Staples & Grains,22627.589999999997
2024-10-22,S11,Stationery & General,3888.3900000000003
2024-10-22,S12,Baby Care,32225.36
2024-10-22,S12,Bakery,5200.629999999999
2024-10-22,S12,Beverages,3531.33
2024-10-22,S12,Bill-level adjustments,-1864.84
2024-10-22,S12,Biscuits & Snacks,2232.27
2024-10-22,S12,Confectionery,4499.74
2024-10-22,S12,Dairy,15020.520000000004
2024-10-22,S12,Edible Oils,28894.780000000006
2024-10-22,S12,Frozen & Ready to Eat,13821.020000000002
2024-10-22,S12,Fruits & Vegetables,7607.190000000001
2024-10-22,S12,Home Care,12172.000000000002
2024-10-22,S12,Personal Care,10117.31
2024-10-22,S12,Spices & Masala,7917.200000000001
2024-10-22,S12,Staples & Grains,40718.67999999999
2024-10-22,S12,Stationery & General,7625.63
2024-10-23,S01,Baby Care,34107.39
2024-10-23,S01,Bakery,4147.7
2024-10-23,S01,Beverages,3796.49
2024-10-23,S01,Bill-level adjustments,-1869.4699999999998
2024-10-23,S01,Biscuits & Snacks,2402.85
2024-10-23,S01,Confectionery,5631.489999999999
2024-10-23,S01,Dairy,8249.64
2024-10-23,S01,Edible Oils,22526.260000000002
2024-10-23,S01,Frozen & Ready to Eat,8591.45
2024-10-23,S01,Fruits & Vegetables,2890.17
2024-10-23,S01,Home Care,9333.1
2024-10-23,S01,Personal Care,9268.74
2024-10-23,S01,Spices & Masala,2023.49
2024-10-23,S01,Staples & Grains,59726.36000000001
2024-10-23,S01,Stationery & General,5919.299999999999
2024-10-23,S02,Baby Care,30529.140000000003
2024-10-23,S02,Bakery,2421.82
2024-10-23,S02,Beverages,9946.709999999997
2024-10-23,S02,Bill-level adjustments,-650.8399999999999
2024-10-23,S02,Biscuits & Snacks,980.28
2024-10-23,S02,Confectionery,5881.200000000001
2024-10-23,S02,Dairy,11937.210000000003
2024-10-23,S02,Edible Oils,18441.29
2024-10-23,S02,Frozen & Ready to Eat,4732.49
2024-10-23,S02,Fruits & Vegetables,4938.03
2024-10-23,S02,Home Care,7466.919999999999
2024-10-23,S02,Personal Care,14556.899999999998
2024-10-23,S02,Spices & Masala,3764.32
2024-10-23,S02,Staples & Grains,22881.429999999997
2024-10-23,S02,Stationery & General,10714.399999999998
2024-10-23,S03,Baby Care,16297.400000000001
2024-10-23,S03,Bakery,3321.44
2024-10-23,S03,Beverages,3638.3199999999997
2024-10-23,S03,Bill-level adjustments,-1641.7600000000002
2024-10-23,S03,Biscuits & Snacks,1033.78
2024-10-23,S03,Confectionery,7408.2699999999995
2024-10-23,S03,Dairy,8989.23
2024-10-23,S03,Edible Oils,28783.920000000002
2024-10-23,S03,Frozen & Ready to Eat,5009.12
2024-10-23,S03,Fruits & Vegetables,4751.080000000001
2024-10-23,S03,Home Care,7900.13
2024-10-23,S03,Personal Care,5564.039999999999
2024-10-23,S03,Spices & Masala,4314.679999999999
2024-10-23,S03,Staples & Grains,22683.820000000003
2024-10-23,S03,Stationery & General,5063.18
2024-10-23,S04,Baby Care,12103.580000000002
2024-10-23,S04,Bakery,2079.59
2024-10-23,S04,Beverages,5649.09
2024-10-23,S04,Bill-level adjustments,-344.14
2024-10-23,S04,Biscuits & Snacks,612.27
2024-10-23,S04,Confectionery,224.3
2024-10-23,S04,Dairy,5629.51
2024-10-23,S04,Edible Oils,13893.170000000002
2024-10-23,S04,Frozen & Ready to Eat,9424.310000000001
2024-10-23,S04,Fruits & Vegetables,3614.6600000000008
2024-10-23,S04,Home Care,1995.28
2024-10-23,S04,Personal Care,8569.31
2024-10-23,S04,Spices & Masala,1748.6299999999999
2024-10-23,S04,Staples & Grains,17092.55
2024-10-23,S04,Stationery & General,5666.81
2024-10-23,S05,Baby Care,15209.11
2024-10-23,S05,Bakery,1783.48
2024-10-23,S05,Beverages,5590.069999999999
2024-10-23,S05,Bill-level adjustments,-1785.5199999999998
2024-10-23,S05,Biscuits & Snacks,2889.91
2024-10-23,S05,Confectionery,2745.19
2024-10-23,S05,Dairy,6920.470000000001
2024-10-23,S05,Edible Oils,19329.33
2024-10-23,S05,Frozen & Ready to Eat,3047.4199999999996
2024-10-23,S05,Fruits & Vegetables,6530.830000000001
2024-10-23,S05,Home Care,8418.92
2024-10-23,S05,Personal Care,7875.48
2024-10-23,S05,Spices & Masala,1756.2800000000002
2024-10-23,S05,Staples & Grains,14351.289999999999
2024-10-23,S05,Stationery & General,8089.65
2024-10-23,S06,Baby Care,12793.43
2024-10-23,S06,Bakery,779.8499999999999
2024-10-23,S06,Beverages,2249.5299999999997
2024-10-23,S06,Bill-level adjustments,-21.55
2024-10-23,S06,Biscuits & Snacks,1139.9699999999998
2024-10-23,S06,Confectionery,1889.22
2024-10-23,S06,Dairy,7967.719999999999
2024-10-23,S06,Edible Oils,5835.539999999999
2024-10-23,S06,Frozen & Ready to Eat,4783.81
2024-10-23,S06,Fruits & Vegetables,2210.37
2024-10-23,S06,Home Care,3752.9900000000002
2024-10-23,S06,Personal Care,6907.26
2024-10-23,S06,Spices & Masala,5019.16
2024-10-23,S06,Staples & Grains,13637.630000000001
2024-10-23,S06,Stationery & General,5652.95
2024-10-23,S07,Baby Care,17442.86
2024-10-23,S07,Bakery,2038.8700000000001
2024-10-23,S07,Beverages,7260.41
2024-10-23,S07,Bill-level adjustments,-462.86
2024-10-23,S07,Biscuits & Snacks,2534.39
2024-10-23,S07,Confectionery,1392.55
2024-10-23,S07,Dairy,17043.34
2024-10-23,S07,Edible Oils,24001.64
2024-10-23,S07,Frozen & Ready to Eat,4316.85
2024-10-23,S07,Fruits & Vegetables,2858.86
2024-10-23,S07,Home Care,3487.3399999999992
2024-10-23,S07,Personal Care,4845.509999999999
2024-10-23,S07,Spices & Masala,3457.63
2024-10-23,S07,Staples & Grains,24691.19
2024-10-23,S07,Stationery & General,5741.0
2024-10-23,S08,Baby Care,9344.170000000002
2024-10-23,S08,Bakery,3211.88
2024-10-23,S08,Beverages,1849.1
2024-10-23,S08,Bill-level adjustments,-1663.5699999999997
2024-10-23,S08,Biscuits & Snacks,1338.0700000000002
2024-10-23,S08,Confectionery,1867.6000000000004
2024-10-23,S08,Dairy,9086.34
2024-10-23,S08,Edible Oils,10914.94
2024-10-23,S08,Frozen & Ready to Eat,3537.1100000000006
2024-10-23,S08,Fruits & Vegetables,4357.840000000001
2024-10-23,S08,Home Care,6087.28
2024-10-23,S08,Personal Care,5658.59
2024-10-23,S08,Spices & Masala,4040.92
2024-10-23,S08,Staples & Grains,25617.370000000003
2024-10-23,S08,Stationery & General,5136.25
2024-10-23,S09,Baby Care,11897.0
2024-10-23,S09,Bakery,1375.98
2024-10-23,S09,Beverages,4452.23
2024-10-23,S09,Bill-level adjustments,-463.48
2024-10-23,S09,Biscuits & Snacks,1123.72
2024-10-23,S09,Confectionery,3697.12
2024-10-23,S09,Dairy,10131.43
2024-10-23,S09,Edible Oils,10299.679999999998
2024-10-23,S09,Frozen & Ready to Eat,1720.95
2024-10-23,S09,Fruits & Vegetables,1299.42
2024-10-23,S09,Home Care,1897.65
2024-10-23,S09,Personal Care,1852.07
2024-10-23,S09,Spices & Masala,7816.960000000001
2024-10-23,S09,Staples & Grains,20334.44
2024-10-23,S09,Stationery & General,4584.549999999999
2024-10-23,S10,Baby Care,23344.26
2024-10-23,S10,Bakery,3580.7200000000007
2024-10-23,S10,Beverages,6841.859999999999
2024-10-23,S10,Bill-level adjustments,-1291.78
2024-10-23,S10,Biscuits & Snacks,2800.74
2024-10-23,S10,Confectionery,5838.850000000001
2024-10-23,S10,Dairy,7973.289999999999
2024-10-23,S10,Edible Oils,29157.899999999998
2024-10-23,S10,Frozen & Ready to Eat,11346.49
2024-10-23,S10,Fruits & Vegetables,3638.2399999999993
2024-10-23,S10,Home Care,7924.750000000001
2024-10-23,S10,Personal Care,22536.31
2024-10-23,S10,Spices & Masala,6667.990000000001
2024-10-23,S10,Staples & Grains,22502.499999999996
2024-10-23,S10,Stationery & General,10771.169999999998
2024-10-23,S11,Baby Care,28881.91
2024-10-23,S11,Bakery,2162.24
2024-10-23,S11,Beverages,6396.55
2024-10-23,S11,Bill-level adjustments,-1410.89
2024-10-23,S11,Biscuits & Snacks,1236.2800000000002
2024-10-23,S11,Confectionery,4292.39
2024-10-23,S11,Dairy,5510.66
2024-10-23,S11,Edible Oils,19000.159999999996
2024-10-23,S11,Frozen & Ready to Eat,4178.99
2024-10-23,S11,Fruits & Vegetables,3105.9999999999995
2024-10-23,S11,Home Care,10644.94
2024-10-23,S11,Personal Care,11798.28
2024-10-23,S11,Spices & Masala,3283.0299999999997
2024-10-23,S11,Staples & Grains,25346.339999999997
2024-10-23,S11,Stationery & General,5490.360000000001
2024-10-23,S12,Baby Care,20092.91
2024-10-23,S12,Bakery,2923.58
2024-10-23,S12,Beverages,6161.290000000002
2024-10-23,S12,Bill-level adjustments,-1693.7100000000003
2024-10-23,S12,Biscuits & Snacks,2040.14
2024-10-23,S12,Confectionery,6688.079999999999
2024-10-23,S12,Dairy,11658.919999999998
2024-10-23,S12,Edible Oils,16319.630000000001
2024-10-23,S12,Frozen & Ready to Eat,7885.629999999999
2024-10-23,S12,Fruits & Vegetables,3064.69
2024-10-23,S12,Home Care,4544.54
2024-10-23,S12,Personal Care,7412.880000000001
2024-10-23,S12,Spices & Masala,5768.79
2024-10-23,S12,Staples & Grains,33876.53999999999
2024-10-23,S12,Stationery & General,7574.089999999999
2024-10-24,S01,Baby Care,31019.870000000003
2024-10-24,S01,Bakery,4750.14
2024-10-24,S01,Beverages,7778.420000000001
2024-10-24,S01,Bill-level adjustments,-1840.73
2024-10-24,S01,Biscuits & Snacks,1749.4499999999998
2024-10-24,S01,Confectionery,2847.6900000000005
2024-10-24,S01,Dairy,9835.089999999998
2024-10-24,S01,Edible Oils,16543.07
2024-10-24,S01,Frozen & Ready to Eat,6009.400000000001
2024-10-24,S01,Fruits & Vegetables,4616.860000000001
2024-10-24,S01,Home Care,14614.900000000001
2024-10-24,S01,Personal Care,14536.92
2024-10-24,S01,Spices & Masala,4477.120000000001
2024-10-24,S01,Staples & Grains,33293.53999999999
2024-10-24,S01,Stationery & General,12740.289999999999
2024-10-24,S02,Baby Care,23494.120000000003
2024-10-24,S02,Bakery,3842.8399999999997
2024-10-24,S02,Beverages,14744.7
2024-10-24,S02,Bill-level adjustments,-2493.58
2024-10-24,S02,Biscuits & Snacks,3036.19
2024-10-24,S02,Confectionery,7069.62
2024-10-24,S02,Dairy,16516.730000000003
2024-10-24,S02,Edible Oils,33589.350000000006
2024-10-24,S02,Frozen & Ready to Eat,8707.78
2024-10-24,S02,Fruits & Vegetables,3880.6299999999997
2024-10-24,S02,Home Care,3956.46
2024-10-24,S02,Personal Care,17535.0
2024-10-24,S02,Spices & Masala,4134.44
2024-10-24,S02,Staples & Grains,29875.940000000002
2024-10-24,S02,Stationery & General,8650.340000000002
2024-10-24,S03,Baby Care,41800.47
2024-10-24,S03,Bakery,5401.550000000001
2024-10-24,S03,Beverages,7322.340000000001
2024-10-24,S03,Bill-level adjustments,-1573.6599999999999
2024-10-24,S03,Biscuits & Snacks,2314.1400000000003
2024-10-24,S03,Confectionery,5643.87
2024-10-24,S03,Dairy,11689.75
2024-10-24,S03,Edible Oils,26624.500000000004
2024-10-24,S03,Frozen & Ready to Eat,15941.059999999998
2024-10-24,S03,Fruits & Vegetables,8392.539999999997
2024-10-24,S03,Home Care,6446.5199999999995
2024-10-24,S03,Personal Care,17294.699999999997
2024-10-24,S03,Spices & Masala,6160.070000000001
2024-10-24,S03,Staples & Grains,26798.7
2024-10-24,S03,Stationery & General,4583.8600000000015
2024-10-24,S04,Baby Care,36082.86
2024-10-24,S04,Bakery,3866.890000000001
2024-10-24,S04,Beverages,8176.630000000001
2024-10-24,S04,Bill-level adjustments,-4407.62
2024-10-24,S04,Biscuits & Snacks,2392.93
2024-10-24,S04,Confectionery,13425.04
2024-10-24,S04,Dairy,8044.14
2024-10-24,S04,Edible Oils,41181.00000000001
2024-10-24,S04,Frozen & Ready to Eat,11428.689999999999
2024-10-24,S04,Fruits & Vegetables,5662.34
2024-10-24,S04,Home Care,10761.7
2024-10-24,S04,Personal Care,8803.55
2024-10-24,S04,Spices & Masala,3631.3500000000004
2024-10-24,S04,Staples & Grains,50140.32
2024-10-24,S04,Stationery & General,7857.240000000001
2024-10-24,S05,Baby Care,6680.43
2024-10-24,S05,Bakery,1093.8
2024-10-24,S05,Beverages,5007.06
2024-10-24,S05,Bill-level adjustments,0.0
2024-10-24,S05,Biscuits & Snacks,378.28999999999996
2024-10-24,S05,Confectionery,1490.1900000000003
2024-10-24,S05,Dairy,7539.929999999999
2024-10-24,S05,Edible Oils,12052.85
2024-10-24,S05,Frozen & Ready to Eat,3476.39
2024-10-24,S05,Fruits & Vegetables,2055.58
2024-10-24,S05,Home Care,6454.720000000001
2024-10-24,S05,Personal Care,3644.2300000000005
2024-10-24,S05,Spices & Masala,1493.3899999999999
2024-10-24,S05,Staples & Grains,8348.400000000001
2024-10-24,S05,Stationery & General,924.7699999999998
2024-10-24,S06,Baby Care,21363.53
2024-10-24,S06,Bakery,3706.93
2024-10-24,S06,Beverages,6056.049999999999
2024-10-24,S06,Bill-level adjustments,-1847.76
2024-10-24,S06,Biscuits & Snacks,2043.54
2024-10-24,S06,Confectionery,8743.269999999999
2024-10-24,S06,Dairy,17332.739999999998
2024-10-24,S06,Edible Oils,22660.059999999998
2024-10-24,S06,Frozen & Ready to Eat,9059.03
2024-10-24,S06,Fruits & Vegetables,4693.05
2024-10-24,S06,Home Care,6378.059999999999
2024-10-24,S06,Personal Care,11863.16
2024-10-24,S06,Spices & Masala,6770.27
2024-10-24,S06,Staples & Grains,25310.110000000004
2024-10-24,S06,Stationery & General,9773.23
2024-10-24,S07,Baby Care,29233.300000000003
2024-10-24,S07,Bakery,1268.76
2024-10-24,S07,Beverages,2613.2799999999997
2024-10-24,S07,Bill-level adjustments,-1782.1599999999999
2024-10-24,S07,Biscuits & Snacks,1317.47
2024-10-24,S07,Confectionery,3805.85
2024-10-24,S07,Dairy,8228.55
2024-10-24,S07,Edible Oils,28175.46
2024-10-24,S07,Frozen & Ready to Eat,5649.300000000001
2024-10-24,S07,Fruits & Vegetables,7071.28
2024-10-24,S07,Home Care,9347.02
2024-10-24,S07,Personal Care,5551.639999999999
2024-10-24,S07,Spices & Masala,3829.9800000000005
2024-10-24,S07,Staples & Grains,29183.98
2024-10-24,S07,Stationery & General,5038.3
2024-10-24,S08,Baby Care,11197.72
2024-10-24,S08,Bakery,2872.0299999999997
2024-10-24,S08,Beverages,4061.25
2024-10-24,S08,Bill-level adjustments,-433.78000000000003
2024-10-24,S08,Biscuits & Snacks,874.1
2024-10-24,S08,Confectionery,2041.41
2024-10-24,S08,Dairy,8043.46
2024-10-24,S08,Edible Oils,6256.06
2024-10-24,S08,Frozen & Ready to Eat,5148.390000000001
2024-10-24,S08,Fruits & Vegetables,1603.5499999999997
2024-10-24,S08,Home Care,5619.639999999999
2024-10-24,S08,Personal Care,10909.509999999998
2024-10-24,S08,Spices & Masala,924.77
2024-10-24,S08,Staples & Grains,9675.85
2024-10-24,S08,Stationery & General,1928.24
2024-10-24,S09,Baby Care,22766.969999999998
2024-10-24,S09,Bakery,1859.91
2024-10-24,S09,Beverages,3891.83
2024-10-24,S09,Bill-level adjustments,-1561.26
2024-10-24,S09,Biscuits & Snacks,284.93
2024-10-24,S09,Confectionery,3108.87
2024-10-24,S09,Dairy,6584.199999999999
2024-10-24,S09,Edible Oils,17288.51
2024-10-24,S09,Frozen & Ready to Eat,3433.26
2024-10-24,S09,Fruits & Vegetables,906.4799999999999
2024-10-24,S09,Home Care,3229.37
2024-10-24,S09,Personal Care,6229.719999999999
2024-10-24,S09,Spices & Masala,4669.16
2024-10-24,S09,Staples & Grains,5294.53
2024-10-24,S09,Stationery & General,630.16
2024-10-24,S10,Baby Care,31806.479999999996
2024-10-24,S10,Bakery,3769.74
2024-10-24,S10,Beverages,10995.529999999999
2024-10-24,S10,Bill-level adjustments,-425.1500000000001
2024-10-24,S10,Biscuits & Snacks,2199.53
2024-10-24,S10,Confectionery,3834.8999999999996
2024-10-24,S10,Dairy,12770.98
2024-10-24,S10,Edible Oils,29253.670000000002
2024-10-24,S10,Frozen & Ready to Eat,12253.499999999998
2024-10-24,S10,Fruits & Vegetables,5751.279999999998
2024-10-24,S10,Home Care,8553.69
2024-10-24,S10,Personal Care,11819.430000000002
2024-10-24,S10,Spices & Masala,6485.2
2024-10-24,S10,Staples & Grains,43605.14
2024-10-24,S10,Stationery & General,13545.939999999999
2024-10-24,S11,Baby Care,14325.91
2024-10-24,S11,Bakery,3253.0600000000004
2024-10-24,S11,Beverages,6396.83
2024-10-24,S11,Bill-level adjustments,-2364.98
2024-10-24,S11,Biscuits & Snacks,-902.6700000000001
2024-10-24,S11,Confectionery,2871.0199999999995
2024-10-24,S11,Dairy,9585.330000000002
2024-10-24,S11,Edible Oils,31557.93
2024-10-24,S11,Frozen & Ready to Eat,8229.939999999999
2024-10-24,S11,Fruits & Vegetables,6075.819999999999
2024-10-24,S11,Home Care,9214.72
2024-10-24,S11,Personal Care,12519.82
2024-10-24,S11,Spices & Masala,3869.7699999999995
2024-10-24,S11,Staples & Grains,22247.160000000003
2024-10-24,S11,Stationery & General,2448.3
2024-10-24,S12,Baby Care,9256.74
2024-10-24,S12,Bakery,3164.6899999999996
2024-10-24,S12,Beverages,5005.15
2024-10-24,S12,Bill-level adjustments,-336.43
2024-10-24,S12,Biscuits & Snacks,1650.94
2024-10-24,S12,Confectionery,3113.8899999999994
2024-10-24,S12,Dairy,11558.82
2024-10-24,S12,Edible Oils,15094.95
2024-10-24,S12,Frozen & Ready to Eat,5780.11
2024-10-24,S12,Fruits & Vegetables,3180.0499999999997
2024-10-24,S12,Home Care,4971.83
2024-10-24,S12,Personal Care,5127.929999999999
2024-10-24,S12,Spices & Masala,3851.6699999999996
2024-10-24,S12,Staples & Grains,20538.999999999996
2024-10-24,S12,Stationery & General,3075.17
2024-10-25,S01,Baby Care,36232.99
2024-10-25,S01,Bakery,7255.330000000001
2024-10-25,S01,Beverages,14671.520000000002
2024-10-25,S01,Bill-level adjustments,-3808.4700000000003
2024-10-25,S01,Biscuits & Snacks,4052.0599999999995
2024-10-25,S01,Confectionery,8472.59
2024-10-25,S01,Dairy,17548.100000000002
2024-10-25,S01,Edible Oils,52434.869999999995
2024-10-25,S01,Frozen & Ready to Eat,15263.259999999997
2024-10-25,S01,Fruits & Vegetables,9144.859999999999
2024-10-25,S01,Home Care,21556.21
2024-10-25,S01,Personal Care,16391.980000000003
2024-10-25,S01,Spices & Masala,10138.840000000002
2024-10-25,S01,Staples & Grains,46629.78
2024-10-25,S01,Stationery & General,11768.56
2024-10-25,S02,Baby Care,21862.420000000002
2024-10-25,S02,Bakery,2159.19
2024-10-25,S02,Beverages,5904.01
2024-10-25,S02,Bill-level adjustments,-498.47
2024-10-25,S02,Biscuits & Snacks,2278.2
2024-10-25,S02,Confectionery,3170.0800000000004
2024-10-25,S02,Dairy,12832.66
2024-10-25,S02,Edible Oils,27413.180000000004
2024-10-25,S02,Frozen & Ready to Eat,7354.220000000001
2024-10-25,S02,Fruits & Vegetables,4128.28
2024-10-25,S02,Home Care,8404.16
2024-10-25,S02,Personal Care,15348.83
2024-10-25,S02,Spices & Masala,5477.280000000001
2024-10-25,S02,Staples & Grains,14249.310000000001
2024-10-25,S02,Stationery & General,12332.139999999996
2024-10-25,S03,Baby Care,42432.39
2024-10-25,S03,Bakery,5653.96
2024-10-25,S03,Beverages,15578.679999999995
2024-10-25,S03,Bill-level adjustments,-2622.25
2024-10-25,S03,Biscuits & Snacks,4110.65
2024-10-25,S03,Confectionery,11113.659999999998
2024-10-25,S03,Dairy,17279.460000000003
2024-10-25,S03,Edible Oils,33338.61
2024-10-25,S03,Frozen & Ready to Eat,20439.969999999998
2024-10-25,S03,Fruits & Vegetables,9811.75
2024-10-25,S03,Home Care,13197.26
2024-10-25,S03,Personal Care,25012.729999999996
2024-10-25,S03,Spices & Masala,6460.0
2024-10-25,S03,Staples & Grains,23971.640000000003
2024-10-25,S03,Stationery & General,10837.74
2024-10-25,S04,Baby Care,24890.66
2024-10-25,S04,Bakery,4722.550000000001
2024-10-25,S04,Beverages,6551.78
2024-10-25,S04,Bill-level adjustments,-983.3800000000001
2024-10-25,S04,Biscuits & Snacks,2925.710000000001
2024-10-25,S04,Confectionery,3441.8
2024-10-25,S04,Dairy,8743.279999999999
2024-10-25,S04,Edible Oils,17645.45
2024-10-25,S04,Frozen & Ready to Eat,7929.739999999999
2024-10-25,S04,Fruits & Vegetables,3460.38
2024-10-25,S04,Home Care,11859.409999999998
2024-10-25,S04,Personal Care,6131.65
2024-10-25,S04,Spices & Masala,5826.7300000000005
2024-10-25,S04,Staples & Grains,39958.13
2024-10-25,S04,Stationery & General,6436.259999999999
2024-10-25,S05,Baby Care,30735.0
2024-10-25,S05,Bakery,4310.26
2024-10-25,S05,Beverages,4664.889999999999
2024-10-25,S05,Bill-level adjustments,-2603.86
2024-10-25,S05,Biscuits & Snacks,1789.8100000000002
2024-10-25,S05,Confectionery,5307.150000000001
2024-10-25,S05,Dairy,3675.5
2024-10-25,S05,Edible Oils,10033.57
2024-10-25,S05,Frozen & Ready to Eat,6482.93
2024-10-25,S05,Fruits & Vegetables,4803.0
2024-10-25,S05,Home Care,6799.379999999999
2024-10-25,S05,Personal Care,12355.749999999998
2024-10-25,S05,Spices & Masala,8609.570000000002
2024-10-25,S05,Staples & Grains,28826.329999999998
2024-10-25,S05,Stationery & General,6758.900000000001
2024-10-25,S06,Baby Care,36022.62
2024-10-25,S06,Bakery,6540.72
2024-10-25,S06,Beverages,12019.000000000002
2024-10-25,S06,Bill-level adjustments,-879.26
2024-10-25,S06,Biscuits & Snacks,3040.3000000000006
2024-10-25,S06,Confectionery,6420.21
2024-10-25,S06,Dairy,10936.010000000002
2024-10-25,S06,Edible Oils,55118.92999999999
2024-10-25,S06,Frozen & Ready to Eat,15976.600000000002
2024-10-25,S06,Fruits & Vegetables,4403.99
2024-10-25,S06,Home Care,18296.929999999997
2024-10-25,S06,Personal Care,19299.710000000003
2024-10-25,S06,Spices & Masala,8627.09
2024-10-25,S06,Staples & Grains,36614.46000000001
2024-10-25,S06,Stationery & General,14136.15
2024-10-25,S07,Baby Care,32235.240000000005
2024-10-25,S07,Bakery,3783.5200000000004
2024-10-25,S07,Beverages,9917.159999999998
2024-10-25,S07,Bill-level adjustments,-1052.5700000000002
2024-10-25,S07,Biscuits & Snacks,2345.8700000000003
2024-10-25,S07,Confectionery,4966.25
2024-10-25,S07,Dairy,15615.409999999998
2024-10-25,S07,Edible Oils,33520.75
2024-10-25,S07,Frozen & Ready to Eat,9169.82
2024-10-25,S07,Fruits & Vegetables,6441.59
2024-10-25,S07,Home Care,10873.740000000002
2024-10-25,S07,Personal Care,12432.28
2024-10-25,S07,Spices & Masala,4698.6900000000005
2024-10-25,S07,Staples & Grains,43038.1
2024-10-25,S07,Stationery & General,10453.31
2024-10-25,S08,Baby Care,8572.24
2024-10-25,S08,Bakery,4715.620000000001
2024-10-25,S08,Beverages,8039.170000000002
2024-10-25,S08,Bill-level adjustments,-1089.9499999999998
2024-10-25,S08,Biscuits & Snacks,1245.2199999999998
2024-10-25,S08,Confectionery,2627.18
2024-10-25,S08,Dairy,7422.65
2024-10-25,S08,Edible Oils,14067.539999999999
2024-10-25,S08,Frozen & Ready to Eat,6452.07
2024-10-25,S08,Fruits & Vegetables,4197.68
2024-10-25,S08,Home Care,5037.650000000001
2024-10-25,S08,Personal Care,8126.85
2024-10-25,S08,Spices & Masala,6346.63
2024-10-25,S08,Staples & Grains,32269.310000000005
2024-10-25,S08,Stationery & General,7999.86
2024-10-25,S09,Baby Care,20880.67
2024-10-25,S09,Bakery,1420.66
2024-10-25,S09,Beverages,11179.900000000001
2024-10-25,S09,Bill-level adjustments,-2536.17
2024-10-25,S09,Biscuits & Snacks,2214.6900000000005
2024-10-25,S09,Confectionery,5038.78
2024-10-25,S09,Dairy,13813.949999999997
2024-10-25,S09,Edible Oils,9970.68
2024-10-25,S09,Frozen & Ready to Eat,5461.9
2024-10-25,S09,Fruits & Vegetables,2811.1100000000006
2024-10-25,S09,Home Care,11983.569999999998
2024-10-25,S09,Personal Care,10430.409999999998
2024-10-25,S09,Spices & Masala,4273.400000000001
2024-10-25,S09,Staples & Grains,51497.320000000014
2024-10-25,S09,Stationery & General,8571.7
2024-10-25,S10,Baby Care,41260.74
2024-10-25,S10,Bakery,9296.02
2024-10-25,S10,Beverages,10973.900000000001
2024-10-25,S10,Bill-level adjustments,-2823.0500000000006
2024-10-25,S10,Biscuits & Snacks,2781.669999999999
2024-10-25,S10,Confectionery,10144.72
2024-10-25,S10,Dairy,25623.69
2024-10-25,S10,Edible Oils,47620.32000000001
2024-10-25,S10,Frozen & Ready to Eat,14795.22
2024-10-25,S10,Fruits & Vegetables,8013.26
2024-10-25,S10,Home Care,31107.169999999995
2024-10-25,S10,Personal Care,29250.46
2024-10-25,S10,Spices & Masala,10151.910000000002
2024-10-25,S10,Staples & Grains,80693.53
2024-10-25,S10,Stationery & General,25515.19000000001
2024-10-25,S11,Baby Care,14649.3
2024-10-25,S11,Bakery,2656.23
2024-10-25,S11,Beverages,6607.43
2024-10-25,S11,Bill-level adjustments,-717.23
2024-10-25,S11,Biscuits & Snacks,2121.9300000000007
2024-10-25,S11,Confectionery,4218.18
2024-10-25,S11,Dairy,11493.379999999997
2024-10-25,S11,Edible Oils,36564.07000000001
2024-10-25,S11,Frozen & Ready to Eat,10577.85
2024-10-25,S11,Fruits & Vegetables,6685.7699999999995
2024-10-25,S11,Home Care,8204.66
2024-10-25,S11,Personal Care,19663.079999999998
2024-10-25,S11,Spices & Masala,7451.539999999999
2024-10-25,S11,Staples & Grains,33767.91
2024-10-25,S11,Stationery & General,15537.22
2024-10-25,S12,Baby Care,28735.319999999996
2024-10-25,S12,Bakery,4638.399999999999
2024-10-25,S12,Beverages,5972.179999999999
2024-10-25,S12,Bill-level adjustments,-3284.67
2024-10-25,S12,Biscuits & Snacks,2498.2200000000003
2024-10-25,S12,Confectionery,5220.090000000001
2024-10-25,S12,Dairy,7087.88
2024-10-25,S12,Edible Oils,39439.009999999995
2024-10-25,S12,Frozen & Ready to Eat,16930.019999999997
2024-10-25,S12,Fruits & Vegetables,4568.719999999999
2024-10-25,S12,Home Care,12614.029999999999
2024-10-25,S12,Personal Care,11466.699999999999
2024-10-25,S12,Spices & Masala,4406.5599999999995
2024-10-25,S12,Staples & Grains,29931.250000000004
2024-10-25,S12,Stationery & General,9248.7
2024-10-26,S01,Baby Care,44964.28
2024-10-26,S01,Bakery,11979.979999999998
2024-10-26,S01,Beverages,13229.129999999997
2024-10-26,S01,Bill-level adjustments,-4284.89
2024-10-26,S01,Biscuits & Snacks,5874.009999999999
2024-10-26,S01,Confectionery,13874.809999999998
2024-10-26,S01,Dairy,15115.160000000002
2024-10-26,S01,Edible Oils,41806.34
2024-10-26,S01,Frozen & Ready to Eat,18882.299999999996
2024-10-26,S01,Fruits & Vegetables,16494.47
2024-10-26,S01,Home Care,20392.88000000001
2024-10-26,S01,Personal Care,22829.87
2024-10-26,S01,Spices & Masala,13694.800000000001
2024-10-26,S01,Staples & Grains,62207.07
2024-10-26,S01,Stationery & General,16857.53
2024-10-26,S02,Baby Care,38121.26000000001
2024-10-26,S02,Bakery,9039.500000000002
2024-10-26,S02,Beverages,14594.180000000002
2024-10-26,S02,Bill-level adjustments,-2666.6099999999997
2024-10-26,S02,Biscuits & Snacks,5128.870000000001
2024-10-26,S02,Confectionery,11547.780000000002
2024-10-26,S02,Dairy,22110.710000000003
2024-10-26,S02,Edible Oils,44096.94
2024-10-26,S02,Frozen & Ready to Eat,13235.879999999997
2024-10-26,S02,Fruits & Vegetables,8901.619999999999
2024-10-26,S02,Home Care,11007.57
2024-10-26,S02,Personal Care,11450.83
2024-10-26,S02,Spices & Masala,13644.14
2024-10-26,S02,Staples & Grains,32372.21
2024-10-26,S02,Stationery & General,11264.000000000002
2024-10-26,S03,Baby Care,49679.59000000001
2024-10-26,S03,Bakery,9033.519999999999
2024-10-26,S03,Beverages,23073.29
2024-10-26,S03,Bill-level adjustments,-2493.6099999999997
2024-10-26,S03,Biscuits & Snacks,7176.67
2024-10-26,S03,Confectionery,13241.990000000002
2024-10-26,S03,Dairy,31438.040000000008
2024-10-26,S03,Edible Oils,65955.23999999999
2024-10-26,S03,Frozen & Ready to Eat,31393.160000000003
2024-10-26,S03,Fruits & Vegetables,15779.05
2024-10-26,S03,Home Care,22996.12
2024-10-26,S03,Personal Care,31389.35
2024-10-26,S03,Spices & Masala,12592.75
2024-10-26,S03,Staples & Grains,60995.569999999985
2024-10-26,S03,Stationery & General,23803.72
2024-10-26,S04,Baby Care,44461.130000000005
2024-10-26,S04,Bakery,4943.38
2024-10-26,S04,Beverages,8268.279999999999
2024-10-26,S04,Bill-level adjustments,-1843.0200000000002
2024-10-26,S04,Biscuits & Snacks,2879.9800000000005
2024-10-26,S04,Confectionery,9320.119999999999
2024-10-26,S04,Dairy,18208.71
2024-10-26,S04,Edible Oils,45099.409999999996
2024-10-26,S04,Frozen & Ready to Eat,15366.71
2024-10-26,S04,Fruits & Vegetables,5026.450000000001
2024-10-26,S04,Home Care,11979.14
2024-10-26,S04,Personal Care,16284.749999999998
2024-10-26,S04,Spices & Masala,8253.94
2024-10-26,S04,Staples & Grains,45428.88
2024-10-26,S04,Stationery & General,9130.72
2024-10-26,S05,Baby Care,38677.060000000005
2024-10-26,S05,Bakery,2267.9000000000005
2024-10-26,S05,Beverages,11645.570000000002
2024-10-26,S05,Bill-level adjustments,-1931.99
2024-10-26,S05,Biscuits & Snacks,4040.3399999999997
2024-10-26,S05,Confectionery,4919.95
2024-10-26,S05,Dairy,14274.34
2024-10-26,S05,Edible Oils,25392.930000000004
2024-10-26,S05,Frozen & Ready to Eat,16566.61
2024-10-26,S05,Fruits & Vegetables,4866.9
2024-10-26,S05,Home Care,7730.28
2024-10-26,S05,Personal Care,10384.5
2024-10-26,S05,Spices & Masala,7101.820000000001
2024-10-26,S05,Staples & Grains,35232.84
2024-10-26,S05,Stationery & General,5514.99
2024-10-26,S06,Baby Care,59865.63
2024-10-26,S06,Bakery,7252.750000000002
2024-10-26,S06,Beverages,13011.06
2024-10-26,S06,Bill-level adjustments,-4362.77
2024-10-26,S06,Biscuits & Snacks,5615.89
2024-10-26,S06,Confectionery,11380.55
2024-10-26,S06,Dairy,27295.109999999997
2024-10-26,S06,Edible Oils,49141.57000000002
2024-10-26,S06,Frozen & Ready to Eat,25077.459999999995
2024-10-26,S06,Fruits & Vegetables,15394.990000000003
2024-10-26,S06,Home Care,20060.6
2024-10-26,S06,Personal Care,22551.620000000003
2024-10-26,S06,Spices & Masala,8272.65
2024-10-26,S06,Staples & Grains,63363.25
2024-10-26,S06,Stationery & General,17374.97
2024-10-26,S07,Baby Care,61807.62000000001
2024-10-26,S07,Bakery,7895.469999999999
2024-10-26,S07,Beverages,12676.960000000001
2024-10-26,S07,Bill-level adjustments,-4198.42
2024-10-26,S07,Biscuits & Snacks,2962.7000000000003
2024-10-26,S07,Confectionery,8158.950000000001
2024-10-26,S07,Dairy,27774.999999999996
2024-10-26,S07,Edible Oils,45745.51
2024-10-26,S07,Frozen & Ready to Eat,14872.609999999999
2024-10-26,S07,Fruits & Vegetables,4838.0599999999995
2024-10-26,S07,Home Care,11247.830000000002
2024-10-26,S07,Personal Care,11247.89
2024-10-26,S07,Spices & Masala,7794.16
2024-10-26,S07,Staples & Grains,59283.31
2024-10-26,S07,Stationery & General,10151.47
2024-10-26,S08,Baby Care,22347.289999999997
2024-10-26,S08,Bakery,7108.760000000002
2024-10-26,S08,Beverages,9636.339999999998
2024-10-26,S08,Bill-level adjustments,-2718.1999999999994
2024-10-26,S08,Biscuits & Snacks,3514.77
2024-10-26,S08,Confectionery,7429.96
2024-10-26,S08,Dairy,15343.25
2024-10-26,S08,Edible Oils,45271.25000000001
2024-10-26,S08,Frozen & Ready to Eat,14948.449999999999
2024-10-26,S08,Fruits & Vegetables,6606.1
2024-10-26,S08,Home Care,8846.279999999999
2024-10-26,S08,Personal Care,21127.09
2024-10-26,S08,Spices & Masala,9487.84
2024-10-26,S08,Staples & Grains,49202.35
2024-10-26,S08,Stationery & General,9587.43
2024-10-26,S09,Baby Care,29276.059999999998
2024-10-26,S09,Bakery,3752.2999999999997
2024-10-26,S09,Beverages,8969.810000000001
2024-10-26,S09,Bill-level adjustments,-2674.5499999999997
2024-10-26,S09,Biscuits & Snacks,2772.73
2024-10-26,S09,Confectionery,5455.820000000001
2024-10-26,S09,Dairy,11944.58
2024-10-26,S09,Edible Oils,41405.56
2024-10-26,S09,Frozen & Ready to Eat,8497.59
2024-10-26,S09,Fruits & Vegetables,4898.949999999999
2024-10-26,S09,Home Care,14239.35
2024-10-26,S09,Personal Care,12029.68
2024-10-26,S09,Spices & Masala,2950.08
2024-10-26,S09,Staples & Grains,40237.42
2024-10-26,S09,Stationery & General,4322.190000000001
2024-10-26,S10,Baby Care,52946.020000000004
2024-10-26,S10,Bakery,5120.77
2024-10-26,S10,Beverages,13723.380000000005
2024-10-26,S10,Bill-level adjustments,-4500.29
2024-10-26,S10,Biscuits & Snacks,4836.1900000000005
2024-10-26,S10,Confectionery,18553.059999999994
2024-10-26,S10,Dairy,29273.06
2024-10-26,S10,Edible Oils,69861.65
2024-10-26,S10,Frozen & Ready to Eat,17239.379999999997
2024-10-26,S10,Fruits & Vegetables,8229.550000000001
2024-10-26,S10,Home Care,18529.920000000006
2024-10-26,S10,Personal Care,20616.399999999998
2024-10-26,S10,Spices & Masala,10863.56
2024-10-26,S10,Staples & Grains,52519.66999999999
2024-10-26,S10,Stationery & General,18566.980000000003
2024-10-26,S11,Baby Care,12451.560000000001
2024-10-26,S11,Bakery,3035.1900000000005
2024-10-26,S11,Beverages,11676.14
2024-10-26,S11,Bill-level adjustments,-1057.56
2024-10-26,S11,Biscuits & Snacks,2385.35
2024-10-26,S11,Confectionery,2824.26
2024-10-26,S11,Dairy,17860.539999999997
2024-10-26,S11,Edible Oils,16792.27
2024-10-26,S11,Frozen & Ready to Eat,13194.050000000001
2024-10-26,S11,Fruits & Vegetables,3375.9999999999995
2024-10-26,S11,Home Care,10513.94
2024-10-26,S11,Personal Care,11867.150000000001
2024-10-26,S11,Spices & Masala,3771.0299999999997
2024-10-26,S11,Staples & Grains,19458.85
2024-10-26,S11,Stationery & General,13914.170000000002
2024-10-26,S12,Baby Care,78351.51000000001
2024-10-26,S12,Bakery,8032.52
2024-10-26,S12,Beverages,17337.840000000004
2024-10-26,S12,Bill-level adjustments,-4658.98
2024-10-26,S12,Biscuits & Snacks,4070.3999999999996
2024-10-26,S12,Confectionery,9876.43
2024-10-26,S12,Dairy,26802.67
2024-10-26,S12,Edible Oils,49745.77
2024-10-26,S12,Frozen & Ready to Eat,18871.879999999997
2024-10-26,S12,Fruits & Vegetables,10659.560000000001
2024-10-26,S12,Home Care,17292.58
2024-10-26,S12,Personal Care,27233.580000000005
2024-10-26,S12,Spices & Masala,10827.459999999997
2024-10-26,S12,Staples & Grains,57167.23000000001
2024-10-26,S12,Stationery & General,15208.010000000002
2024-10-27,S01,Baby Care,54893.509999999995
2024-10-27,S01,Bakery,9269.520000000002
2024-10-27,S01,Beverages,21407.709999999995
2024-10-27,S01,Bill-level adjustments,-6222.1900000000005
2024-10-27,S01,Biscuits & Snacks,6511.0999999999985
2024-10-27,S01,Confectionery,11636.010000000002
2024-10-27,S01,Dairy,30749.429999999997
2024-10-27,S01,Edible Oils,61882.84
2024-10-27,S01,Frozen & Ready to Eat,22629.89999999999
2024-10-27,S01,Fruits & Vegetables,15659.399999999998
2024-10-27,S01,Home Care,20826.540000000005
2024-10-27,S01,Personal Care,30947.30000000001
2024-10-27,S01,Spices & Masala,15053.869999999999
2024-10-27,S01,Staples & Grains,54015.08999999999
2024-10-27,S01,Stationery & General,16519.93
2024-10-27,S02,Baby Care,28104.5
2024-10-27,S02,Bakery,7436.799999999999
2024-10-27,S02,Beverages,20247.32
2024-10-27,S02,Bill-level adjustments,-3048.58
2024-10-27,S02,Biscuits & Snacks,4112.970000000001
2024-10-27,S02,Confectionery,10165.6
2024-10-27,S02,Dairy,20131.13
2024-10-27,S02,Edible Oils,12136.529999999997
2024-10-27,S02,Frozen & Ready to Eat,11311.439999999999
2024-10-27,S02,Fruits & Vegetables,10410.16
2024-10-27,S02,Home Care,15462.379999999997
2024-10-27,S02,Personal Care,23274.059999999998
2024-10-27,S02,Spices & Masala,5163.1
2024-10-27,S02,Staples & Grains,48434.85999999999
2024-10-27,S02,Stationery & General,12602.149999999998
2024-10-27,S03,Baby Care,40126.97000000001
2024-10-27,S03,Bakery,9160.380000000003
2024-10-27,S03,Beverages,25602.729999999996
2024-10-27,S03,Bill-level adjustments,-2261.9599999999996
2024-10-27,S03,Biscuits & Snacks,4664.48
2024-10-27,S03,Confectionery,7421.890000000001
2024-10-27,S03,Dairy,17483.570000000003
2024-10-27,S03,Edible Oils,32584.900000000005
2024-10-27,S03,Frozen & Ready to Eat,16811.36
2024-10-27,S03,Fruits & Vegetables,6247.21
2024-10-27,S03,Home Care,10129.409999999998
2024-10-27,S03,Personal Care,15377.84
2024-10-27,S03,Spices & Masala,8911.580000000002
2024-10-27,S03,Staples & Grains,42284.66999999999
2024-10-27,S03,Stationery & General,20403.210000000003
2024-10-27,S04,Baby Care,42564.63000000001
2024-10-27,S04,Bakery,6497.83
2024-10-27,S04,Beverages,10760.769999999999
2024-10-27,S04,Bill-level adjustments,-3014.4399999999987
2024-10-27,S04,Biscuits & Snacks,2763.15
2024-10-27,S04,Confectionery,4244.21
2024-10-27,S04,Dairy,22525.52
2024-10-27,S04,Edible Oils,33452.04
2024-10-27,S04,Frozen & Ready to Eat,15422.18
2024-10-27,S04,Fruits & Vegetables,8408.74
2024-10-27,S04,Home Care,14903.8
2024-10-27,S04,Personal Care,11618.31
2024-10-27,S04,Spices & Masala,6802.469999999999
2024-10-27,S04,Staples & Grains,42094.719999999994
2024-10-27,S04,Stationery & General,14670.03
2024-10-27,S05,Baby Care,20687.160000000003
2024-10-27,S05,Bakery,4190.04
2024-10-27,S05,Beverages,4810.110000000001
2024-10-27,S05,Bill-level adjustments,-1910.83
2024-10-27,S05,Biscuits & Snacks,2667.3599999999997
2024-10-27,S05,Confectionery,4564.25
2024-10-27,S05,Dairy,15022.740000000002
2024-10-27,S05,Edible Oils,34593.81
2024-10-27,S05,Frozen & Ready to Eat,7828.580000000001
2024-10-27,S05,Fruits & Vegetables,7554.389999999999
2024-10-27,S05,Home Care,16127.650000000001
2024-10-27,S05,Personal Care,10231.359999999999
2024-10-27,S05,Spices & Masala,7951.289999999998
2024-10-27,S05,Staples & Grains,29792.809999999998
2024-10-27,S05,Stationery & General,7229.929999999999
2024-10-27,S06,Baby Care,34653.950000000004
2024-10-27,S06,Bakery,11903.31
2024-10-27,S06,Beverages,19398.490000000005
2024-10-27,S06,Bill-level adjustments,-2237.3099999999995
2024-10-27,S06,Biscuits & Snacks,4691.429999999999
2024-10-27,S06,Confectionery,8825.079999999998
2024-10-27,S06,Dairy,25259.42
2024-10-27,S06,Edible Oils,53816.68
2024-10-27,S06,Frozen & Ready to Eat,14959.690000000002
2024-10-27,S06,Fruits & Vegetables,9844.92
2024-10-27,S06,Home Care,13842.660000000003
2024-10-27,S06,Personal Care,12758.329999999998
2024-10-27,S06,Spices & Masala,14450.209999999994
2024-10-27,S06,Staples & Grains,68377.59999999999
2024-10-27,S06,Stationery & General,12071.469999999996
2024-10-27,S07,Baby Care,24833.33
2024-10-27,S07,Bakery,5815.670000000001
2024-10-27,S07,Beverages,6905.450000000001
2024-10-27,S07,Bill-level adjustments,-2020.9199999999998
2024-10-27,S07,Biscuits & Snacks,3042.2
2024-10-27,S07,Confectionery,8353.039999999999
2024-10-27,S07,Dairy,11072.59
2024-10-27,S07,Edible Oils,32377.769999999997
2024-10-27,S07,Frozen & Ready to Eat,10625.390000000001
2024-10-27,S07,Fruits & Vegetables,5254.009999999998
2024-10-27,S07,Home Care,7639.039999999999
2024-10-27,S07,Personal Care,14840.859999999999
2024-10-27,S07,Spices & Masala,7505.09
2024-10-27,S07,Staples & Grains,56742.32000000001
2024-10-27,S07,Stationery & General,16360.679999999998
2024-10-27,S08,Baby Care,25837.320000000003
2024-10-27,S08,Bakery,6038.550000000001
2024-10-27,S08,Beverages,10109.0
2024-10-27,S08,Bill-level adjustments,-1081.99
2024-10-27,S08,Biscuits & Snacks,2148.9799999999996
2024-10-27,S08,Confectionery,9223.779999999999
2024-10-27,S08,Dairy,14691.089999999998
2024-10-27,S08,Edible Oils,23080.699999999997
2024-10-27,S08,Frozen & Ready to Eat,12085.020000000002
2024-10-27,S08,Fruits & Vegetables,6633.63
2024-10-27,S08,Home Care,8184.76
2024-10-27,S08,Personal Care,15911.490000000002
2024-10-27,S08,Spices & Masala,4659.400000000001
2024-10-27,S08,Staples & Grains,26031.490000000005
2024-10-27,S08,Stationery & General,12084.140000000003
2024-10-27,S09,Baby Care,22579.260000000002
2024-10-27,S09,Bakery,2206.92
2024-10-27,S09,Beverages,5408.139999999999
2024-10-27,S09,Bill-level adjustments,-1346.1599999999999
2024-10-27,S09,Biscuits & Snacks,2142.82
2024-10-27,S09,Confectionery,2032.67
2024-10-27,S09,Dairy,12731.79
2024-10-27,S09,Edible Oils,33055.35000000001
2024-10-27,S09,Frozen & Ready to Eat,7486.67
2024-10-27,S09,Fruits & Vegetables,6155.18
2024-10-27,S09,Home Care,9131.51
2024-10-27,S09,Personal Care,9655.34
2024-10-27,S09,Spices & Masala,4997.9
2024-10-27,S09,Staples & Grains,28391.81
2024-10-27,S09,Stationery & General,4782.370000000002
2024-10-27,S10,Baby Care,72170.65999999999
2024-10-27,S10,Bakery,10811.15
2024-10-27,S10,Beverages,25593.860000000004
2024-10-27,S10,Bill-level adjustments,-4166.06
2024-10-27,S10,Biscuits & Snacks,5766.81
2024-10-27,S10,Confectionery,8005.85
2024-10-27,S10,Dairy,35475.450000000004
2024-10-27,S10,Edible Oils,47159.149999999994
2024-10-27,S10,Frozen & Ready to Eat,27036.43
2024-10-27,S10,Fruits & Vegetables,14183.569999999998
2024-10-27,S10,Home Care,30509.399999999998
2024-10-27,S10,Personal Care,21647.679999999997
2024-10-27,S10,Spices & Masala,12587.380000000001
2024-10-27,S10,Staples & Grains,62442.81999999999
2024-10-27,S10,Stationery & General,19886.3
2024-10-27,S11,Baby Care,17788.72
2024-10-27,S11,Bakery,5792.139999999999
2024-10-27,S11,Beverages,10756.050000000001
2024-10-27,S11,Bill-level adjustments,-2265.8300000000004
2024-10-27,S11,Biscuits & Snacks,1355.7500000000002
2024-10-27,S11,Confectionery,5834.08
2024-10-27,S11,Dairy,15120.2
2024-10-27,S11,Edible Oils,29364.909999999996
2024-10-27,S11,Frozen & Ready to Eat,7231.069999999999
2024-10-27,S11,Fruits & Vegetables,8457.12
2024-10-27,S11,Home Care,10068.489999999998
2024-10-27,S11,Personal Care,16101.330000000002
2024-10-27,S11,Spices & Masala,5361.13
2024-10-27,S11,Staples & Grains,45771.51000000001
2024-10-27,S11,Stationery & General,10590.449999999997
2024-10-27,S12,Baby Care,31713.2
2024-10-27,S12,Bakery,7274.07
2024-10-27,S12,Beverages,18303.679999999997
2024-10-27,S12,Bill-level adjustments,-1629.5700000000002
2024-10-27,S12,Biscuits & Snacks,3823.0699999999997
2024-10-27,S12,Confectionery,5414.65
2024-10-27,S12,Dairy,21746.97
2024-10-27,S12,Edible Oils,45562.50999999999
2024-10-27,S12,Frozen & Ready to Eat,11648.629999999997
2024-10-27,S12,Fruits & Vegetables,3113.46
2024-10-27,S12,Home Care,11324.85
2024-10-27,S12,Personal Care,22822.640000000003
2024-10-27,S12,Spices & Masala,4927.17
2024-10-27,S12,Staples & Grains,31460.700000000004
2024-10-27,S12,Stationery & General,9449.950000000003
2024-10-28,S01,Baby Care,43654.31000000001
2024-10-28,S01,Bakery,5877.22
2024-10-28,S01,Beverages,11503.480000000001
2024-10-28,S01,Bill-level adjustments,-2278.46
2024-10-28,S01,Biscuits & Snacks,2390.64
2024-10-28,S01,Confectionery,7347.339999999997
2024-10-28,S01,Dairy,13998.560000000001
2024-10-28,S01,Edible Oils,40108.049999999996
2024-10-28,S01,Frozen & Ready to Eat,13316.44
2024-10-28,S01,Fruits & Vegetables,8555.230000000001
2024-10-28,S01,Home Care,12970.870000000003
2024-10-28,S01,Personal Care,15264.590000000002
2024-10-28,S01,Spices & Masala,9709.430000000002
2024-10-28,S01,Staples & Grains,39873.54999999999
2024-10-28,S01,Stationery & General,12645.210000000003
2024-10-28,S02,Baby Care,20375.470000000005
2024-10-28,S02,Bakery,3961.3799999999997
2024-10-28,S02,Beverages,7588.08
2024-10-28,S02,Bill-level adjustments,-2060.9700000000003
2024-10-28,S02,Biscuits & Snacks,2009.4099999999999
2024-10-28,S02,Confectionery,6154.470000000001
2024-10-28,S02,Dairy,11345.509999999998
2024-10-28,S02,Edible Oils,17596.79
2024-10-28,S02,Frozen & Ready to Eat,5313.17
2024-10-28,S02,Fruits & Vegetables,7996.259999999998
2024-10-28,S02,Home Care,10835.990000000002
2024-10-28,S02,Personal Care,6639.760000000001
2024-10-28,S02,Spices & Masala,3322.0099999999998
2024-10-28,S02,Staples & Grains,35678.159999999996
2024-10-28,S02,Stationery & General,6755.409999999999
2024-10-28,S03,Baby Care,25592.699999999997
2024-10-28,S03,Bakery,6651.64
2024-10-28,S03,Beverages,14747.560000000001
2024-10-28,S03,Bill-level adjustments,-1862.85
2024-10-28,S03,Biscuits & Snacks,3532.2899999999995
2024-10-28,S03,Confectionery,7487.580000000001
2024-10-28,S03,Dairy,15669.940000000004
2024-10-28,S03,Edible Oils,25530.100000000002
2024-10-28,S03,Frozen & Ready to Eat,9723.629999999997
2024-10-28,S03,Fruits & Vegetables,4885.750000000002
2024-10-28,S03,Home Care,8913.430000000002
2024-10-28,S03,Personal Care,16884.309999999998
2024-10-28,S03,Spices & Masala,5313.310000000001
2024-10-28,S03,Staples & Grains,33270.579999999994
2024-10-28,S03,Stationery & General,11777.97
2024-10-28,S04,Baby Care,33217.93
2024-10-28,S04,Bakery,3173.7000000000003
2024-10-28,S04,Beverages,6211.3
2024-10-28,S04,Bill-level adjustments,-2288.3599999999997
2024-10-28,S04,Biscuits & Snacks,2128.65
2024-10-28,S04,Confectionery,4335.96
2024-10-28,S04,Dairy,5041.61
2024-10-28,S04,Edible Oils,17054.02
2024-10-28,S04,Frozen & Ready to Eat,5550.499999999999
2024-10-28,S04,Fruits & Vegetables,2254.5699999999997
2024-10-28,S04,Home Care,8620.34
2024-10-28,S04,Personal Care,13426.11
2024-10-28,S04,Spices & Masala,5106.83
2024-10-28,S04,Staples & Grains,19673.09
2024-10-28,S04,Stationery & General,6929.969999999999
2024-10-28,S05,Baby Care,12447.85
2024-10-28,S05,Bakery,2138.66
2024-10-28,S05,Beverages,3487.2799999999997
2024-10-28,S05,Bill-level adjustments,-1035.56
2024-10-28,S05,Biscuits & Snacks,1947.21
2024-10-28,S05,Confectionery,1213.42
2024-10-28,S05,Dairy,6434.74
2024-10-28,S05,Edible Oils,3901.94
2024-10-28,S05,Frozen & Ready to Eat,1820.1900000000003
2024-10-28,S05,Fruits & Vegetables,1667.7
2024-10-28,S05,Home Care,5544.42
2024-10-28,S05,Personal Care,3342.0499999999997
2024-10-28,S05,Spices & Masala,1694.34
2024-10-28,S05,Staples & Grains,12911.689999999999
2024-10-28,S05,Stationery & General,6098.419999999999
2024-10-28,S06,Baby Care,34064.520000000004
2024-10-28,S06,Bakery,6939.1900000000005
2024-10-28,S06,Beverages,13597.729999999996
2024-10-28,S06,Bill-level adjustments,-1806.8500000000001
2024-10-28,S06,Biscuits & Snacks,3575.8200000000006
2024-10-28,S06,Confectionery,8235.12
2024-10-28,S06,Dairy,12924.079999999998
2024-10-28,S06,Edible Oils,46002.37
2024-10-28,S06,Frozen & Ready to Eat,17009.21
2024-10-28,S06,Fruits & Vegetables,6101.94
2024-10-28,S06,Home Care,11265.279999999999
2024-10-28,S06,Personal Care,15923.550000000001
2024-10-28,S06,Spices & Masala,4263.03
2024-10-28,S06,Staples & Grains,21936.77
2024-10-28,S06,Stationery & General,11226.829999999998
2024-10-28,S07,Baby Care,22295.379999999997
2024-10-28,S07,Bakery,2418.37
2024-10-28,S07,Beverages,4391.62
2024-10-28,S07,Bill-level adjustments,-884.4
2024-10-28,S07,Biscuits & Snacks,4319.4
2024-10-28,S07,Confectionery,3658.04
2024-10-28,S07,Dairy,4083.2700000000004
2024-10-28,S07,Edible Oils,17489.1
2024-10-28,S07,Frozen & Ready to Eat,7372.11
2024-10-28,S07,Fruits & Vegetables,4857.599999999999
2024-10-28,S07,Home Care,7786.71
2024-10-28,S07,Personal Care,7446.959999999999
2024-10-28,S07,Spices & Masala,2425.2400000000002
2024-10-28,S07,Staples & Grains,18139.61
2024-10-28,S07,Stationery & General,4013.0199999999995
2024-10-28,S08,Baby Care,22011.7
2024-10-28,S08,Bakery,2631.9199999999996
2024-10-28,S08,Beverages,6750.51
2024-10-28,S08,Bill-level adjustments,-1161.1000000000001
2024-10-28,S08,Biscuits & Snacks,1685.59
2024-10-28,S08,Confectionery,4137.52
2024-10-28,S08,Dairy,9871.17
2024-10-28,S08,Edible Oils,10151.189999999999
2024-10-28,S08,Frozen & Ready to Eat,5358.72
2024-10-28,S08,Fruits & Vegetables,3925.4900000000002
2024-10-28,S08,Home Care,9841.669999999998
2024-10-28,S08,Personal Care,4690.03
2024-10-28,S08,Spices & Masala,1381.2800000000002
2024-10-28,S08,Staples & Grains,7567.790000000001
2024-10-28,S08,Stationery & General,4025.9599999999996
2024-10-28,S09,Baby Care,19742.72
2024-10-28,S09,Bakery,2309.27
2024-10-28,S09,Beverages,4205.04
2024-10-28,S09,Bill-level adjustments,-645.46
2024-10-28,S09,Biscuits & Snacks,1969.3600000000001
2024-10-28,S09,Confectionery,2170.42
2024-10-28,S09,Dairy,8101.200000000001
2024-10-28,S09,Edible Oils,11937.130000000001
2024-10-28,S09,Frozen & Ready to Eat,8859.07
2024-10-28,S09,Fruits & Vegetables,1574.8000000000002
2024-10-28,S09,Home Care,2185.02
2024-10-28,S09,Personal Care,3482.9
2024-10-28,S09,Spices & Masala,4012.7300000000005
2024-10-28,S09,Staples & Grains,16249.46
2024-10-28,S09,Stationery & General,5292.999999999999
2024-10-28,S10,Baby Care,25853.579999999998
2024-10-28,S10,Bakery,3523.2400000000002
2024-10-28,S10,Beverages,13082.519999999999
2024-10-28,S10,Bill-level adjustments,-1625.78
2024-10-28,S10,Biscuits & Snacks,3829.02
2024-10-28,S10,Confectionery,6401.85
2024-10-28,S10,Dairy,13647.790000000003
2024-10-28,S10,Edible Oils,36813.57
2024-10-28,S10,Frozen & Ready to Eat,18037.289999999997
2024-10-28,S10,Fruits & Vegetables,3467.2599999999998
2024-10-28,S10,Home Care,14334.39
2024-10-28,S10,Personal Care,13063.160000000003
2024-10-28,S10,Spices & Masala,9491.369999999999
2024-10-28,S10,Staples & Grains,54177.31999999999
2024-10-28,S10,Stationery & General,8750.08
2024-10-28,S11,Baby Care,10382.59
2024-10-28,S11,Bakery,2522.6200000000003
2024-10-28,S11,Beverages,5613.370000000001
2024-10-28,S11,Bill-level adjustments,-1925.7999999999997
2024-10-28,S11,Biscuits & Snacks,1651.71
2024-10-28,S11,Confectionery,2503.7099999999996
2024-10-28,S11,Dairy,9758.920000000002
2024-10-28,S11,Edible Oils,13898.789999999997
2024-10-28,S11,Frozen & Ready to Eat,4913.970000000001
2024-10-28,S11,Fruits & Vegetables,1585.43
2024-10-28,S11,Home Care,9325.52
2024-10-28,S11,Personal Care,8641.34
2024-10-28,S11,Spices & Masala,6241.09
2024-10-28,S11,Staples & Grains,21146.59
2024-10-28,S11,Stationery & General,9254.699999999999
2024-10-28,S12,Baby Care,13186.229999999998
2024-10-28,S12,Bakery,2918.46
2024-10-28,S12,Beverages,7479.939999999999
2024-10-28,S12,Bill-level adjustments,-1602.11
2024-10-28,S12,Biscuits & Snacks,1501.71
2024-10-28,S12,Confectionery,4058.28
2024-10-28,S12,Dairy,8843.04
2024-10-28,S12,Edible Oils,12310.310000000001
2024-10-28,S12,Frozen & Ready to Eat,7766.8
2024-10-28,S12,Fruits & Vegetables,4129.11
2024-10-28,S12,Home Care,8702.619999999999
2024-10-28,S12,Personal Care,7774.46
2024-10-28,S12,Spices & Masala,4056.65
2024-10-28,S12,Staples & Grains,19485.26
2024-10-28,S12,Stationery & General,4626.539999999999
2024-10-29,S01,Baby Care,21512.75
2024-10-29,S01,Bakery,4450.54
2024-10-29,S01,Beverages,4838.450000000001
2024-10-29,S01,Bill-level adjustments,-1981.97
2024-10-29,S01,Biscuits & Snacks,3577.86
2024-10-29,S01,Confectionery,7044.669999999999
2024-10-29,S01,Dairy,15470.529999999999
2024-10-29,S01,Edible Oils,35753.92
2024-10-29,S01,Frozen & Ready to Eat,11853.529999999999
2024-10-29,S01,Fruits & Vegetables,4256.810000000001
2024-10-29,S01,Home Care,14095.330000000004
2024-10-29,S01,Personal Care,14591.679999999998
2024-10-29,S01,Spices & Masala,5886.27
2024-10-29,S01,Staples & Grains,38734.299999999996
2024-10-29,S01,Stationery & General,10449.560000000001
2024-10-29,S02,Baby Care,32643.1
2024-10-29,S02,Bakery,3988.11
2024-10-29,S02,Beverages,9069.35
2024-10-29,S02,Bill-level adjustments,-1639.45
2024-10-29,S02,Biscuits & Snacks,2934.3599999999997
2024-10-29,S02,Confectionery,3366.94
2024-10-29,S02,Dairy,10370.49
2024-10-29,S02,Edible Oils,24452.12
2024-10-29,S02,Frozen & Ready to Eat,9482.880000000001
2024-10-29,S02,Fruits & Vegetables,6024.71
2024-10-29,S02,Home Care,5304.98
2024-10-29,S02,Personal Care,13151.660000000002
2024-10-29,S02,Spices & Masala,2900.1299999999997
2024-10-29,S02,Staples & Grains,29246.160000000003
2024-10-29,S02,Stationery & General,8645.349999999999
2024-10-29,S03,Baby Care,36838.47
2024-10-29,S03,Bakery,5007.539999999999
2024-10-29,S03,Beverages,14861.21
2024-10-29,S03,Bill-level adjustments,-1047.59
2024-10-29,S03,Biscuits & Snacks,3569.1600000000003
2024-10-29,S03,Confectionery,8574.45
2024-10-29,S03,Dairy,16029.119999999999
2024-10-29,S03,Edible Oils,38108.13
2024-10-29,S03,Frozen & Ready to Eat,13965.810000000001
2024-10-29,S03,Fruits & Vegetables,5611.02
2024-10-29,S03,Home Care,10635.52
2024-10-29,S03,Personal Care,13472.28
2024-10-29,S03,Spices & Masala,9218.16
2024-10-29,S03,Staples & Grains,41938.26
2024-10-29,S03,Stationery & General,12888.99
2024-10-29,S04,Baby Care,15271.33
2024-10-29,S04,Bakery,1622.34
2024-10-29,S04,Beverages,3897.64
2024-10-29,S04,Bill-level adjustments,-1543.3100000000002
2024-10-29,S04,Biscuits & Snacks,1832.4299999999998
2024-10-29,S04,Confectionery,5233.429999999999
2024-10-29,S04,Dairy,11379.94
2024-10-29,S04,Edible Oils,22991.409999999996
2024-10-29,S04,Frozen & Ready to Eat,6184.639999999999
2024-10-29,S04,Fruits & Vegetables,3505.63
2024-10-29,S04,Home Care,4587.72
2024-10-29,S04,Personal Care,7861.73
2024-10-29,S04,Spices & Masala,3210.45
2024-10-29,S04,Staples & Grains,16651.57
2024-10-29,S04,Stationery & General,3321.5
2024-10-29,S05,Baby Care,10770.5
2024-10-29,S05,Bakery,3814.9900000000002
2024-10-29,S05,Beverages,4133.54
2024-10-29,S05,Bill-level adjustments,-1370.5200000000002
2024-10-29,S05,Biscuits & Snacks,2979.03
2024-10-29,S05,Confectionery,3401.7299999999996
2024-10-29,S05,Dairy,8712.72
2024-10-29,S05,Edible Oils,17444.1
2024-10-29,S05,Frozen & Ready to Eat,7109.410000000001
2024-10-29,S05,Fruits & Vegetables,3419.93
2024-10-29,S05,Home Care,3829.6399999999994
2024-10-29,S05,Personal Care,12907.640000000001
2024-10-29,S05,Spices & Masala,1321.3899999999999
2024-10-29,S05,Staples & Grains,13496.33
2024-10-29,S05,Stationery & General,7650.0599999999995
2024-10-29,S06,Baby Care,58726.39000000001
2024-10-29,S06,Bakery,2746.24
2024-10-29,S06,Beverages,7835.719999999999
2024-10-29,S06,Bill-level adjustments,-3062.75
2024-10-29,S06,Biscuits & Snacks,3391.02
2024-10-29,S06,Confectionery,5943.969999999999
2024-10-29,S06,Dairy,19841.219999999998
2024-10-29,S06,Edible Oils,38730.67
2024-10-29,S06,Frozen & Ready to Eat,15000.29
2024-10-29,S06,Fruits & Vegetables,4285.2
2024-10-29,S06,Home Care,13022.680000000002
2024-10-29,S06,Personal Care,12311.800000000001
2024-10-29,S06,Spices & Masala,7822.42
2024-10-29,S06,Staples & Grains,67976.95
2024-10-29,S06,Stationery & General,7981.510000000001
2024-10-29,S07,Baby Care,37869.79
2024-10-29,S07,Bakery,1506.5799999999997
2024-10-29,S07,Beverages,2374.38
2024-10-29,S07,Bill-level adjustments,-763.86
2024-10-29,S07,Biscuits & Snacks,2084.64
2024-10-29,S07,Confectionery,2740.86
2024-10-29,S07,Dairy,10401.199999999999
2024-10-29,S07,Edible Oils,18406.83
2024-10-29,S07,Frozen & Ready to Eat,5537.009999999999
2024-10-29,S07,Fruits & Vegetables,3714.1600000000003
2024-10-29,S07,Home Care,6509.66
2024-10-29,S07,Personal Care,7473.5
2024-10-29,S07,Spices & Masala,1706.18
2024-10-29,S07,Staples & Grains,31570.2
2024-10-29,S07,Stationery & General,4208.420000000001
2024-10-29,S08,Baby Care,24109.170000000002
2024-10-29,S08,Bakery,3658.2300000000005
2024-10-29,S08,Beverages,10405.910000000002
2024-10-29,S08,Bill-level adjustments,-2354.77
2024-10-29,S08,Biscuits & Snacks,1967.7999999999995
2024-10-29,S08,Confectionery,2806.9300000000003
2024-10-29,S08,Dairy,6911.49
2024-10-29,S08,Edible Oils,27306.87
2024-10-29,S08,Frozen & Ready to Eat,7851.830000000001
2024-10-29,S08,Fruits & Vegetables,4296.66
2024-10-29,S08,Home Care,4962.320000000001
2024-10-29,S08,Personal Care,9251.52
2024-10-29,S08,Spices & Masala,9688.119999999999
2024-10-29,S08,Staples & Grains,25072.82
2024-10-29,S08,Stationery & General,4939.62
2024-10-29,S09,Baby Care,5658.7300000000005
2024-10-29,S09,Bakery,1785.1100000000001
2024-10-29,S09,Beverages,755.41
2024-10-29,S09,Bill-level adjustments,-804.6399999999999
2024-10-29,S09,Biscuits & Snacks,111.01
2024-10-29,S09,Confectionery,1514.8400000000001
2024-10-29,S09,Dairy,3529.62
2024-10-29,S09,Edible Oils,5292.220000000001
2024-10-29,S09,Frozen & Ready to Eat,6501.86
2024-10-29,S09,Fruits & Vegetables,2045.27
2024-10-29,S09,Home Care,1310.74
2024-10-29,S09,Personal Care,4233.56
2024-10-29,S09,Spices & Masala,3328.4
2024-10-29,S09,Staples & Grains,14228.0
2024-10-29,S09,Stationery & General,1451.6999999999998
2024-10-29,S10,Baby Care,20139.140000000003
2024-10-29,S10,Bakery,4274.66
2024-10-29,S10,Beverages,7943.45
2024-10-29,S10,Bill-level adjustments,-965.74
2024-10-29,S10,Biscuits & Snacks,2825.66
2024-10-29,S10,Confectionery,3761.0200000000004
2024-10-29,S10,Dairy,12534.43
2024-10-29,S10,Edible Oils,40211.28
2024-10-29,S10,Frozen & Ready to Eat,8162.12
2024-10-29,S10,Fruits & Vegetables,2983.7
2024-10-29,S10,Home Care,11124.400000000003
2024-10-29,S10,Personal Care,12772.77
2024-10-29,S10,Spices & Masala,7266.230000000001
2024-10-29,S10,Staples & Grains,18597.38
2024-10-29,S10,Stationery & General,4490.1
2024-10-29,S11,Baby Care,17855.52
2024-10-29,S11,Bakery,1482.7900000000002
2024-10-29,S11,Beverages,2072.24
2024-10-29,S11,Bill-level adjustments,-944.8399999999999
2024-10-29,S11,Biscuits & Snacks,1460.9999999999998
2024-10-29,S11,Confectionery,3205.6000000000004
2024-10-29,S11,Dairy,7174.970000000001
2024-10-29,S11,Edible Oils,7132.88
2024-10-29,S11,Frozen & Ready to Eat,7055.85
2024-10-29,S11,Fruits & Vegetables,3611.26
2024-10-29,S11,Home Care,4564.63
2024-10-29,S11,Personal Care,1200.66
2024-10-29,S11,Spices & Masala,3995.34
2024-10-29,S11,Staples & Grains,19926.890000000003
2024-10-29,S11,Stationery & General,1334.01
2024-10-29,S12,Baby Care,30878.560000000005
2024-10-29,S12,Bakery,4574.089999999999
2024-10-29,S12,Beverages,9063.72
2024-10-29,S12,Bill-level adjustments,-1695.68
2024-10-29,S12,Biscuits & Snacks,2906.4
2024-10-29,S12,Confectionery,6048.67
2024-10-29,S12,Dairy,6969.240000000001
2024-10-29,S12,Edible Oils,23510.859999999993
2024-10-29,S12,Frozen & Ready to Eat,12698.019999999999
2024-10-29,S12,Fruits & Vegetables,6439.800000000001
2024-10-29,S12,Home Care,10171.44
2024-10-29,S12,Personal Care,13059.86
2024-10-29,S12,Spices & Masala,7927.289999999999
2024-10-29,S12,Staples & Grains,36153.62
2024-10-29,S12,Stationery & General,11977.27
2024-10-30,S01,Baby Care,9323.42
2024-10-30,S01,Bakery,4601.300000000001
2024-10-30,S01,Beverages,9371.22
2024-10-30,S01,Bill-level adjustments,-524.6800000000001
2024-10-30,S01,Biscuits & Snacks,2248.9399999999996
2024-10-30,S01,Confectionery,7548.92
2024-10-30,S01,Dairy,16929.64
2024-10-30,S01,Edible Oils,32846.59
2024-10-30,S01,Frozen & Ready to Eat,12009.860000000002
2024-10-30,S01,Fruits & Vegetables,7104.180000000001
2024-10-30,S01,Home Care,10229.470000000001
2024-10-30,S01,Personal Care,11484.95
2024-10-30,S01,Spices & Masala,5213.249999999999
2024-10-30,S01,Staples & Grains,43437.59000000001
2024-10-30,S01,Stationery & General,12184.09
2024-10-30,S02,Baby Care,26529.36
2024-10-30,S02,Bakery,3553.83
2024-10-30,S02,Beverages,7607.400000000001
2024-10-30,S02,Bill-level adjustments,-2156.2400000000002
2024-10-30,S02,Biscuits & Snacks,1583.51
2024-10-30,S02,Confectionery,2483.7999999999997
2024-10-30,S02,Dairy,16693.269999999997
2024-10-30,S02,Edible Oils,18516.66
2024-10-30,S02,Frozen & Ready to Eat,12447.22
2024-10-30,S02,Fruits & Vegetables,7961.19
2024-10-30,S02,Home Care,7638.419999999999
2024-10-30,S02,Personal Care,16752.739999999998
2024-10-30,S02,Spices & Masala,6463.86
2024-10-30,S02,Staples & Grains,40398.25
2024-10-30,S02,Stationery & General,9839.72
2024-10-30,S03,Baby Care,44561.880000000005
2024-10-30,S03,Bakery,8914.79
2024-10-30,S03,Beverages,17569.859999999997
2024-10-30,S03,Bill-level adjustments,-2070.52
2024-10-30,S03,Biscuits & Snacks,3054.6399999999994
2024-10-30,S03,Confectionery,7040.17
2024-10-30,S03,Dairy,26214.399999999998
2024-10-30,S03,Edible Oils,21619.860000000004
2024-10-30,S03,Frozen & Ready to Eat,9420.169999999998
2024-10-30,S03,Fruits & Vegetables,5789.62
2024-10-30,S03,Home Care,18317.190000000002
2024-10-30,S03,Personal Care,13093.32
2024-10-30,S03,Spices & Masala,9449.89
2024-10-30,S03,Staples & Grains,46796.030000000006
2024-10-30,S03,Stationery & General,19720.219999999998
2024-10-30,S04,Baby Care,21178.75
2024-10-30,S04,Bakery,2925.01
2024-10-30,S04,Beverages,8165.540000000001
2024-10-30,S04,Bill-level adjustments,-440.27
2024-10-30,S04,Biscuits & Snacks,1823.6999999999998
2024-10-30,S04,Confectionery,7023.9800000000005
2024-10-30,S04,Dairy,6465.740000000001
2024-10-30,S04,Edible Oils,22815.64
2024-10-30,S04,Frozen & Ready to Eat,7446.789999999999
2024-10-30,S04,Fruits & Vegetables,2513.4500000000003
2024-10-30,S04,Home Care,9080.59
2024-10-30,S04,Personal Care,9768.92
2024-10-30,S04,Spices & Masala,2496.41
2024-10-30,S04,Staples & Grains,35632.89
2024-10-30,S04,Stationery & General,4629.870000000001
2024-10-30,S05,Baby Care,4831.24
2024-10-30,S05,Bakery,1130.13
2024-10-30,S05,Beverages,2495.22
2024-10-30,S05,Bill-level adjustments,0.0
2024-10-30,S05,Biscuits & Snacks,1548.76
2024-10-30,S05,Confectionery,2489.0300000000007
2024-10-30,S05,Dairy,10454.01
2024-10-30,S05,Edible Oils,5106.75
2024-10-30,S05,Frozen & Ready to Eat,3280.5800000000004
2024-10-30,S05,Fruits & Vegetables,2720.77
2024-10-30,S05,Home Care,3776.66
2024-10-30,S05,Personal Care,4361.42
2024-10-30,S05,Spices & Masala,2956.3199999999997
2024-10-30,S05,Staples & Grains,18844.690000000002
2024-10-30,S05,Stationery & General,5937.5
2024-10-30,S06,Baby Care,31438.11
2024-10-30,S06,Bakery,3301.390000000001
2024-10-30,S06,Beverages,14164.100000000002
2024-10-30,S06,Bill-level adjustments,-1776.31
2024-10-30,S06,Biscuits & Snacks,2780.5099999999998
2024-10-30,S06,Confectionery,6440.389999999999
2024-10-30,S06,Dairy,10181.980000000001
2024-10-30,S06,Edible Oils,24862.320000000003
2024-10-30,S06,Frozen & Ready to Eat,11027.78
2024-10-30,S06,Fruits & Vegetables,2373.25
2024-10-30,S06,Home Care,8347.4
2024-10-30,S06,Personal Care,10852.109999999999
2024-10-30,S06,Spices & Masala,9552.36
2024-10-30,S06,Staples & Grains,28594.61
2024-10-30,S06,Stationery & General,6525.41
2024-10-30,S07,Baby Care,16826.910000000003
2024-10-30,S07,Bakery,3110.7500000000005
2024-10-30,S07,Beverages,6042.920000000002
2024-10-30,S07,Bill-level adjustments,-777.22
2024-10-30,S07,Biscuits & Snacks,1116.86
2024-10-30,S07,Confectionery,5194.21
2024-10-30,S07,Dairy,14788.740000000002
2024-10-30,S07,Edible Oils,11551.85
2024-10-30,S07,Frozen & Ready to Eat,6176.1399999999985
2024-10-30,S07,Fruits & Vegetables,3333.21
2024-10-30,S07,Home Care,7571.09
2024-10-30,S07,Personal Care,17038.200000000004
2024-10-30,S07,Spices & Masala,3920.79
2024-10-30,S07,Staples & Grains,27321.450000000004
2024-10-30,S07,Stationery & General,8464.500000000002
2024-10-30,S08,Baby Care,10681.939999999999
2024-10-30,S08,Bakery,4432.71
2024-10-30,S08,Beverages,7592.24
2024-10-30,S08,Bill-level adjustments,-678.98
2024-10-30,S08,Biscuits & Snacks,1150.32
2024-10-30,S08,Confectionery,1958.8599999999997
2024-10-30,S08,Dairy,5642.66
2024-10-30,S08,Edible Oils,25461.329999999998
2024-10-30,S08,Frozen & Ready to Eat,2235.34
2024-10-30,S08,Fruits & Vegetables,849.48
2024-10-30,S08,Home Care,3060.9500000000003
2024-10-30,S08,Personal Care,5003.73
2024-10-30,S08,Spices & Masala,4106.1900000000005
2024-10-30,S08,Staples & Grains,13372.75
2024-10-30,S08,Stationery & General,5902.46
2024-10-30,S09,Baby Care,24338.699999999997
2024-10-30,S09,Bakery,3727.03
2024-10-30,S09,Beverages,9087.56
2024-10-30,S09,Bill-level adjustments,-1438.71
2024-10-30,S09,Biscuits & Snacks,2495.2699999999995
2024-10-30,S09,Confectionery,5173.51
2024-10-30,S09,Dairy,7455.16
2024-10-30,S09,Edible Oils,15075.25
2024-10-30,S09,Frozen & Ready to Eat,4841.710000000001
2024-10-30,S09,Fruits & Vegetables,3098.4800000000005
2024-10-30,S09,Home Care,8254.84
2024-10-30,S09,Personal Care,12705.009999999998
2024-10-30,S09,Spices & Masala,5420.45
2024-10-30,S09,Staples & Grains,12182.619999999999
2024-10-30,S09,Stationery & General,9023.99
2024-10-30,S10,Baby Care,33682.270000000004
2024-10-30,S10,Bakery,5719.29
2024-10-30,S10,Beverages,10865.72
2024-10-30,S10,Bill-level adjustments,-2459.08
2024-10-30,S10,Biscuits & Snacks,3267.68
2024-10-30,S10,Confectionery,8029.289999999999
2024-10-30,S10,Dairy,23927.77
2024-10-30,S10,Edible Oils,32254.07
2024-10-30,S10,Frozen & Ready to Eat,15042.850000000004
2024-10-30,S10,Fruits & Vegetables,5535.330000000001
2024-10-30,S10,Home Care,4994.5599999999995
2024-10-30,S10,Personal Care,23309.829999999998
2024-10-30,S10,Spices & Masala,5561.2300000000005
2024-10-30,S10,Staples & Grains,33133.630000000005
2024-10-30,S10,Stationery & General,9390.29
2024-10-30,S11,Baby Care,25393.230000000003
2024-10-30,S11,Bakery,1578.54
2024-10-30,S11,Beverages,3458.5200000000004
2024-10-30,S11,Bill-level adjustments,-1489.69
2024-10-30,S11,Biscuits & Snacks,1467.1799999999998
2024-10-30,S11,Confectionery,1005.71
2024-10-30,S11,Dairy,5005.329999999999
2024-10-30,S11,Edible Oils,11971.619999999999
2024-10-30,S11,Frozen & Ready to Eat,4536.37
2024-10-30,S11,Fruits & Vegetables,1639.09
2024-10-30,S11,Home Care,2509.36
2024-10-30,S11,Personal Care,9038.79
2024-10-30,S11,Spices & Masala,-129.48000000000002
2024-10-30,S11,Staples & Grains,15294.57
2024-10-30,S11,Stationery & General,7788.91
2024-10-30,S12,Baby Care,22123.4
2024-10-30,S12,Bakery,2933.29
2024-10-30,S12,Beverages,6389.62
2024-10-30,S12,Bill-level adjustments,-1036.2199999999998
2024-10-30,S12,Biscuits & Snacks,2579.4100000000003
2024-10-30,S12,Confectionery,4494.739999999999
2024-10-30,S12,Dairy,8955.660000000002
2024-10-30,S12,Edible Oils,12869.78
2024-10-30,S12,Frozen & Ready to Eat,8786.91
2024-10-30,S12,Fruits & Vegetables,3980.5500000000006
2024-10-30,S12,Home Care,9487.520000000002
2024-10-30,S12,Personal Care,5258.599999999999
2024-10-30,S12,Spices & Masala,3730.0299999999997
2024-10-30,S12,Staples & Grains,37356.89
2024-10-30,S12,Stationery & General,8897.16
2024-10-31,S01,Baby Care,29652.530000000002
2024-10-31,S01,Bakery,3992.3499999999995
2024-10-31,S01,Beverages,12197.300000000001
2024-10-31,S01,Bill-level adjustments,-2166.25
2024-10-31,S01,Biscuits & Snacks,3691.96
2024-10-31,S01,Confectionery,3849.2100000000005
2024-10-31,S01,Dairy,12885.760000000002
2024-10-31,S01,Edible Oils,30062.9
2024-10-31,S01,Frozen & Ready to Eat,14718.809999999996
2024-10-31,S01,Fruits & Vegetables,7763.280000000001
2024-10-31,S01,Home Care,8874.29
2024-10-31,S01,Personal Care,15675.650000000001
2024-10-31,S01,Spices & Masala,11833.930000000002
2024-10-31,S01,Staples & Grains,39687.87999999999
2024-10-31,S01,Stationery & General,5842.57
2024-10-31,S02,Baby Care,13384.660000000002
2024-10-31,S02,Bakery,4050.3899999999994
2024-10-31,S02,Beverages,11189.689999999999
2024-10-31,S02,Bill-level adjustments,-2077.21
2024-10-31,S02,Biscuits & Snacks,2014.1400000000003
2024-10-31,S02,Confectionery,3318.59
2024-10-31,S02,Dairy,13245.389999999998
2024-10-31,S02,Edible Oils,36047.03
2024-10-31,S02,Frozen & Ready to Eat,10842.44
2024-10-31,S02,Fruits & Vegetables,7530.14
2024-10-31,S02,Home Care,12533.749999999998
2024-10-31,S02,Personal Care,11915.379999999997
2024-10-31,S02,Spices & Masala,4441.1
2024-10-31,S02,Staples & Grains,51047.23
2024-10-31,S02,Stationery & General,11396.87
2024-10-31,S03,Baby Care,37798.67
2024-10-31,S03,Bakery,7159.189999999999
2024-10-31,S03,Beverages,15637.739999999998
2024-10-31,S03,Bill-level adjustments,-4032.53
2024-10-31,S03,Biscuits & Snacks,4147.56
2024-10-31,S03,Confectionery,7748.920000000001
2024-10-31,S03,Dairy,22224.390000000003
2024-10-31,S03,Edible Oils,30920.33
2024-10-31,S03,Frozen & Ready to Eat,11308.340000000002
2024-10-31,S03,Fruits & Vegetables,7584.190000000001
2024-10-31,S03,Home Care,9137.6
2024-10-31,S03,Personal Care,19507.73
2024-10-31,S03,Spices & Masala,9385.009999999998
2024-10-31,S03,Staples & Grains,28301.100000000002
2024-10-31,S03,Stationery & General,12588.520000000002
2024-10-31,S04,Baby Care,30804.08
2024-10-31,S04,Bakery,5211.570000000001
2024-10-31,S04,Beverages,11712.479999999998
2024-10-31,S04,Bill-level adjustments,-4552.92
2024-10-31,S04,Biscuits & Snacks,1706.0600000000002
2024-10-31,S04,Confectionery,4515.579999999999
2024-10-31,S04,Dairy,15481.060000000001
2024-10-31,S04,Edible Oils,33237.4
2024-10-31,S04,Frozen & Ready to Eat,9616.53
2024-10-31,S04,Fruits & Vegetables,3310.53
2024-10-31,S04,Home Care,11881.640000000003
2024-10-31,S04,Personal Care,11087.269999999999
2024-10-31,S04,Spices & Masala,6883.070000000001
2024-10-31,S04,Staples & Grains,37416.07
2024-10-31,S04,Stationery & General,3965.07
2024-10-31,S05,Baby Care,21844.36
2024-10-31,S05,Bakery,2738.84
2024-10-31,S05,Beverages,2804.86
2024-10-31,S05,Bill-level adjustments,-387.06
2024-10-31,S05,Biscuits & Snacks,2208.18
2024-10-31,S05,Confectionery,3822.2
2024-10-31,S05,Dairy,17184.08
2024-10-31,S05,Edible Oils,18986.66
2024-10-31,S05,Frozen & Ready to Eat,2709.4
2024-10-31,S05,Fruits & Vegetables,3026.57
2024-10-31,S05,Home Care,5991.4000000000015
2024-10-31,S05,Personal Care,5526.810000000001
2024-10-31,S05,Spices & Masala,2505.44
2024-10-31,S05,Staples & Grains,20139.280000000002
2024-10-31,S05,Stationery & General,2441.39
2024-10-31,S06,Baby Care,37908.21
2024-10-31,S06,Bakery,5272.110000000001
2024-10-31,S06,Beverages,12598.900000000001
2024-10-31,S06,Bill-level adjustments,-3293.25
2024-10-31,S06,Biscuits & Snacks,3902.0699999999997
2024-10-31,S06,Confectionery,7968.140000000001
2024-10-31,S06,Dairy,19145.210000000003
2024-10-31,S06,Edible Oils,55363.96000000001
2024-10-31,S06,Frozen & Ready to Eat,16518.42
2024-10-31,S06,Fruits & Vegetables,9057.640000000003
2024-10-31,S06,Home Care,17854.07
2024-10-31,S06,Personal Care,20192.3
2024-10-31,S06,Spices & Masala,9843.380000000001
2024-10-31,S06,Staples & Grains,34132.45
2024-10-31,S06,Stationery & General,8033.85
2024-10-31,S07,Baby Care,36556.159999999996
2024-10-31,S07,Bakery,3895.6600000000003
2024-10-31,S07,Beverages,6692.11
2024-10-31,S07,Bill-level adjustments,-1461.6399999999999
2024-10-31,S07,Biscuits & Snacks,2391.8999999999996
2024-10-31,S07,Confectionery,5816.72
2024-10-31,S07,Dairy,18772.66
2024-10-31,S07,Edible Oils,24990.62
2024-10-31,S07,Frozen & Ready to Eat,13232.58
2024-10-31,S07,Fruits & Vegetables,6424.43
2024-10-31,S07,Home Care,8776.800000000001
2024-10-31,S07,Personal Care,6656.63
2024-10-31,S07,Spices & Masala,8224.84
2024-10-31,S07,Staples & Grains,20144.57
2024-10-31,S07,Stationery & General,5463.939999999999
2024-10-31,S08,Baby Care,27598.57
2024-10-31,S08,Bakery,3022.33
2024-10-31,S08,Beverages,4485.7
2024-10-31,S08,Bill-level adjustments,-877.27
2024-10-31,S08,Biscuits & Snacks,1672.48
2024-10-31,S08,Confectionery,2718.8499999999995
2024-10-31,S08,Dairy,7143.329999999999
2024-10-31,S08,Edible Oils,18481.72
2024-10-31,S08,Frozen & Ready to Eat,6881.760000000001
2024-10-31,S08,Fruits & Vegetables,5389.51
2024-10-31,S08,Home Care,1771.0500000000002
2024-10-31,S08,Personal Care,7817.65
2024-10-31,S08,Spices & Masala,5405.21
2024-10-31,S08,Staples & Grains,9241.11
2024-10-31,S08,Stationery & General,2576.5499999999997
2024-10-31,S09,Baby Care,30126.309999999994
2024-10-31,S09,Bakery,2973.45
2024-10-31,S09,Beverages,3898.05
2024-10-31,S09,Bill-level adjustments,-1839.32
2024-10-31,S09,Biscuits & Snacks,1605.8100000000002
2024-10-31,S09,Confectionery,3703.0
2024-10-31,S09,Dairy,7623.740000000002
2024-10-31,S09,Edible Oils,17319.45
2024-10-31,S09,Frozen & Ready to Eat,5171.990000000001
2024-10-31,S09,Fruits & Vegetables,3169.8899999999994
2024-10-31,S09,Home Care,8421.43
2024-10-31,S09,Personal Care,8389.060000000001
2024-10-31,S09,Spices & Masala,2293.95
2024-10-31,S09,Staples & Grains,18503.850000000002
2024-10-31,S09,Stationery & General,12680.880000000001
2024-10-31,S10,Baby Care,61933.09999999999
2024-10-31,S10,Bakery,8697.18
2024-10-31,S10,Beverages,12317.760000000002
2024-10-31,S10,Bill-level adjustments,-3517.8299999999995
2024-10-31,S10,Biscuits & Snacks,4650.96
2024-10-31,S10,Confectionery,6601.02
2024-10-31,S10,Dairy,19910.81
2024-10-31,S10,Edible Oils,52115.509999999995
2024-10-31,S10,Frozen & Ready to Eat,12503.259999999998
2024-10-31,S10,Fruits & Vegetables,6876.53
2024-10-31,S10,Home Care,8958.61
2024-10-31,S10,Personal Care,11912.31
2024-10-31,S10,Spices & Masala,8089.420000000002
2024-10-31,S10,Staples & Grains,64785.18000000001
2024-10-31,S10,Stationery & General,12404.23
2024-10-31,S11,Baby Care,33875.08999999999
2024-10-31,S11,Bakery,2731.42
2024-10-31,S11,Beverages,1099.33
2024-10-31,S11,Bill-level adjustments,-2146.2599999999998
2024-10-31,S11,Biscuits & Snacks,1795.41
2024-10-31,S11,Confectionery,4676.539999999999
2024-10-31,S11,Dairy,7992.49
2024-10-31,S11,Edible Oils,11764.089999999998
2024-10-31,S11,Frozen & Ready to Eat,3079.36
2024-10-31,S11,Fruits & Vegetables,2502.3199999999997
2024-10-31,S11,Home Care,5895.81
2024-10-31,S11,Personal Care,7025.66
2024-10-31,S11,Spices & Masala,1367.3500000000001
2024-10-31,S11,Staples & Grains,21696.829999999998
2024-10-31,S11,Stationery & General,3999.41
2024-10-31,S12,Baby Care,13858.249999999998
2024-10-31,S12,Bakery,4851.56
2024-10-31,S12,Beverages,6159.76
2024-10-31,S12,Bill-level adjustments,-2273.62
2024-10-31,S12,Biscuits & Snacks,2253.34
2024-10-31,S12,Confectionery,2672.6600000000003
2024-10-31,S12,Dairy,8321.63
2024-10-31,S12,Edible Oils,18462.54
2024-10-31,S12,Frozen & Ready to Eat,8207.04
2024-10-31,S12,Fruits & Vegetables,1135.7099999999998
2024-10-31,S12,Home Care,8340.4
2024-10-31,S12,Personal Care,11564.890000000001
2024-10-31,S12,Spices & Masala,4688.21
2024-10-31,S12,Staples & Grains,25591.37999999999
2024-10-31,S12,Stationery & General,7503.390000000001
