business_date,store_id,category_name,revenue_inr
2024-03-01,S01,Baby Care,10620.929999999998
2024-03-01,S01,Bakery,2550.11
2024-03-01,S01,Beverages,6447.3899999999985
2024-03-01,S01,Bill-level adjustments,-1571.35
2024-03-01,S01,Biscuits & Snacks,1421.56
2024-03-01,S01,Confectionery,5603.45
2024-03-01,S01,Dairy,11936.740000000002
2024-03-01,S01,Edible Oils,20696.530000000002
2024-03-01,S01,Frozen & Ready to Eat,9207.58
2024-03-01,S01,Fruits & Vegetables,4590.760000000001
2024-03-01,S01,Home Care,4669.509999999999
2024-03-01,S01,Personal Care,10524.32
2024-03-01,S01,Spices & Masala,6237.139999999999
2024-03-01,S01,Staples & Grains,17184.320000000003
2024-03-01,S01,Stationery & General,12513.54
2024-03-01,S02,Baby Care,26537.550000000003
2024-03-01,S02,Bakery,2792.82
2024-03-01,S02,Beverages,4280.349999999999
2024-03-01,S02,Bill-level adjustments,-1063.82
2024-03-01,S02,Biscuits & Snacks,3210.5800000000004
2024-03-01,S02,Confectionery,2064.61
2024-03-01,S02,Dairy,7264.86
2024-03-01,S02,Edible Oils,20439.359999999997
2024-03-01,S02,Frozen & Ready to Eat,3777.8500000000004
2024-03-01,S02,Fruits & Vegetables,5952.389999999999
2024-03-01,S02,Home Care,3365.55
2024-03-01,S02,Personal Care,6319.4800000000005
2024-03-01,S02,Spices & Masala,6307.27
2024-03-01,S02,Staples & Grains,16875.82
2024-03-01,S02,Stationery & General,6238.129999999998
2024-03-01,S03,Baby Care,17514.16
2024-03-01,S03,Bakery,4188.5
2024-03-01,S03,Beverages,8787.47
2024-03-01,S03,Bill-level adjustments,-579.04
2024-03-01,S03,Biscuits & Snacks,2149.62
2024-03-01,S03,Confectionery,4908.449999999999
2024-03-01,S03,Dairy,12902.150000000003
2024-03-01,S03,Edible Oils,25410.83
2024-03-01,S03,Frozen & Ready to Eat,14775.139999999998
2024-03-01,S03,Fruits & Vegetables,4272.839999999999
2024-03-01,S03,Home Care,12467.840000000002
2024-03-01,S03,Personal Care,20281.28
2024-03-01,S03,Spices & Masala,7989.78
2024-03-01,S03,Staples & Grains,36941.67
2024-03-01,S03,Stationery & General,9465.43
2024-03-01,S04,Baby Care,12691.8
2024-03-01,S04,Bakery,1569.8
2024-03-01,S04,Beverages,7945.249999999998
2024-03-01,S04,Bill-level adjustments,-1450.98
2024-03-01,S04,Biscuits & Snacks,796.17
2024-03-01,S04,Confectionery,4577.13
2024-03-01,S04,Dairy,16927.780000000002
2024-03-01,S04,Edible Oils,15433.41
2024-03-01,S04,Frozen & Ready to Eat,3978.16
2024-03-01,S04,Fruits & Vegetables,5548.450000000001
2024-03-01,S04,Home Care,7191.5599999999995
2024-03-01,S04,Personal Care,7288.119999999999
2024-03-01,S04,Spices & Masala,2482.84
2024-03-01,S04,Staples & Grains,19416.030000000002
2024-03-01,S04,Stationery & General,2302.4
2024-03-01,S05,Baby Care,8408.43
2024-03-01,S05,Bakery,1854.94
2024-03-01,S05,Beverages,3174.4300000000003
2024-03-01,S05,Bill-level adjustments,-171.5
2024-03-01,S05,Biscuits & Snacks,1900.5
2024-03-01,S05,Confectionery,2483.58
2024-03-01,S05,Dairy,6629.740000000001
2024-03-01,S05,Edible Oils,5797.299999999997
2024-03-01,S05,Frozen & Ready to Eat,3334.17
2024-03-01,S05,Fruits & Vegetables,2824.38
2024-03-01,S05,Home Care,2351.6200000000003
2024-03-01,S05,Personal Care,7527.530000000001
2024-03-01,S05,Spices & Masala,2936.27
2024-03-01,S05,Staples & Grains,7143.7
2024-03-01,S05,Stationery & General,4260.080000000001
2024-03-01,S06,Baby Care,28674.780000000002
2024-03-01,S06,Bakery,2401.0200000000004
2024-03-01,S06,Beverages,2899.25
2024-03-01,S06,Bill-level adjustments,-1548.4499999999998
2024-03-01,S06,Biscuits & Snacks,1488.5000000000002
2024-03-01,S06,Confectionery,5327.090000000001
2024-03-01,S06,Dairy,11007.02
2024-03-01,S06,Edible Oils,14436.119999999997
2024-03-01,S06,Frozen & Ready to Eat,9129.46
2024-03-01,S06,Fruits & Vegetables,4880.55
2024-03-01,S06,Home Care,7548.95
2024-03-01,S06,Personal Care,5962.35
2024-03-01,S06,Spices & Masala,4726.059999999999
2024-03-01,S06,Staples & Grains,36065.01
2024-03-01,S06,Stationery & General,4518.27
2024-03-01,S07,Baby Care,32366.460000000003
2024-03-01,S07,Bakery,3243.9400000000005
2024-03-01,S07,Beverages,6408.110000000001
2024-03-01,S07,Bill-level adjustments,-1306.99
2024-03-01,S07,Biscuits & Snacks,1627.69
2024-03-01,S07,Confectionery,2584.37
2024-03-01,S07,Dairy,13034.029999999999
2024-03-01,S07,Edible Oils,23101.37
2024-03-01,S07,Frozen & Ready to Eat,10881.37
2024-03-01,S07,Fruits & Vegetables,3960.209999999999
2024-03-01,S07,Home Care,5256.319999999999
2024-03-01,S07,Personal Care,8165.94
2024-03-01,S07,Spices & Masala,8381.99
2024-03-01,S07,Staples & Grains,21430.590000000004
2024-03-01,S07,Stationery & General,5742.919999999999
2024-03-01,S08,Baby Care,20090.42
2024-03-01,S08,Bakery,1323.0
2024-03-01,S08,Beverages,3594.91
2024-03-01,S08,Bill-level adjustments,-922.3499999999999
2024-03-01,S08,Biscuits & Snacks,1645.7399999999998
2024-03-01,S08,Confectionery,3531.6099999999997
2024-03-01,S08,Dairy,9030.71
2024-03-01,S08,Edible Oils,11786.14
2024-03-01,S08,Frozen & Ready to Eat,5185.44
2024-03-01,S08,Fruits & Vegetables,1729.5699999999997
2024-03-01,S08,Home Care,5054.42
2024-03-01,S08,Personal Care,3157.32
2024-03-01,S08,Spices & Masala,1897.3899999999999
2024-03-01,S08,Staples & Grains,18600.329999999994
2024-03-01,S08,Stationery & General,8758.65
2024-03-01,S09,Baby Care,15204.4
2024-03-01,S09,Bakery,1242.2
2024-03-01,S09,Beverages,3621.9500000000003
2024-03-01,S09,Bill-level adjustments,-224.93
2024-03-01,S09,Biscuits & Snacks,169.28000000000003
2024-03-01,S09,Confectionery,-163.79000000000005
2024-03-01,S09,Dairy,4650.7300000000005
2024-03-01,S09,Edible Oils,5268.68
2024-03-01,S09,Frozen & Ready to Eat,3588.01
2024-03-01,S09,Fruits & Vegetables,873.04
2024-03-01,S09,Home Care,791.02
2024-03-01,S09,Personal Care,4952.58
2024-03-01,S09,Spices & Masala,2698.5299999999997
2024-03-01,S09,Staples & Grains,13254.09
2024-03-01,S09,Stationery & General,1809.7300000000002
2024-03-01,S10,Baby Care,37075.630000000005
2024-03-01,S10,Bakery,4403.639999999999
2024-03-01,S10,Beverages,6748.539999999998
2024-03-01,S10,Bill-level adjustments,-1939.3600000000001
2024-03-01,S10,Biscuits & Snacks,1518.0100000000002
2024-03-01,S10,Confectionery,3793.3900000000003
2024-03-01,S10,Dairy,14292.199999999997
2024-03-01,S10,Edible Oils,27380.079999999998
2024-03-01,S10,Frozen & Ready to Eat,6545.259999999999
2024-03-01,S10,Fruits & Vegetables,5086.910000000001
2024-03-01,S10,Home Care,9539.79
2024-03-01,S10,Personal Care,14601.249999999998
2024-03-01,S10,Spices & Masala,4770.889999999999
2024-03-01,S10,Staples & Grains,52507.46000000001
2024-03-01,S10,Stationery & General,3891.34
2024-03-01,S11,Baby Care,10712.789999999999
2024-03-01,S11,Bakery,1424.4799999999998
2024-03-01,S11,Beverages,1811.65
2024-03-01,S11,Bill-level adjustments,-1157.31
2024-03-01,S11,Biscuits & Snacks,929.98
2024-03-01,S11,Confectionery,1178.3400000000001
2024-03-01,S11,Dairy,2545.54
2024-03-01,S11,Edible Oils,13738.72
2024-03-01,S11,Frozen & Ready to Eat,1533.8
2024-03-01,S11,Fruits & Vegetables,1566.01
2024-03-01,S11,Home Care,4123.929999999999
2024-03-01,S11,Personal Care,4069.15
2024-03-01,S11,Spices & Masala,3437.3499999999995
2024-03-01,S11,Staples & Grains,9237.97
2024-03-01,S11,Stationery & General,2806.14
2024-03-01,S12,Baby Care,19908.090000000004
2024-03-01,S12,Bakery,1432.52
2024-03-01,S12,Beverages,2856.57
2024-03-01,S12,Bill-level adjustments,-1293.51
2024-03-01,S12,Biscuits & Snacks,1364.48
2024-03-01,S12,Confectionery,3205.0499999999997
2024-03-01,S12,Dairy,5302.25
2024-03-01,S12,Edible Oils,18887.05
2024-03-01,S12,Frozen & Ready to Eat,5395.47
2024-03-01,S12,Fruits & Vegetables,4502.909999999999
2024-03-01,S12,Home Care,3621.0099999999998
2024-03-01,S12,Personal Care,1764.2400000000002
2024-03-01,S12,Spices & Masala,5567.399999999999
2024-03-01,S12,Staples & Grains,15082.85
2024-03-01,S12,Stationery & General,6722.4400000000005
2024-03-02,S01,Baby Care,45705.96
2024-03-02,S01,Bakery,2564.9600000000005
2024-03-02,S01,Beverages,12088.03
2024-03-02,S01,Bill-level adjustments,-2632.78
2024-03-02,S01,Biscuits & Snacks,3713.6
2024-03-02,S01,Confectionery,6527.820000000001
2024-03-02,S01,Dairy,15583.670000000002
2024-03-02,S01,Edible Oils,20729.56
2024-03-02,S01,Frozen & Ready to Eat,11501.669999999998
2024-03-02,S01,Fruits & Vegetables,1886.52
2024-03-02,S01,Home Care,10111.02
2024-03-02,S01,Personal Care,10842.15
2024-03-02,S01,Spices & Masala,5413.9800000000005
2024-03-02,S01,Staples & Grains,20094.23
2024-03-02,S01,Stationery & General,9729.5
2024-03-02,S02,Baby Care,21818.82
2024-03-02,S02,Bakery,3774.909999999999
2024-03-02,S02,Beverages,5544.2699999999995
2024-03-02,S02,Bill-level adjustments,-1236.5900000000001
2024-03-02,S02,Biscuits & Snacks,2424.5000000000005
2024-03-02,S02,Confectionery,7377.379999999997
2024-03-02,S02,Dairy,13957.01
2024-03-02,S02,Edible Oils,23342.119999999995
2024-03-02,S02,Frozen & Ready to Eat,7529.149999999999
2024-03-02,S02,Fruits & Vegetables,3052.83
2024-03-02,S02,Home Care,7689.97
2024-03-02,S02,Personal Care,20166.899999999998
2024-03-02,S02,Spices & Masala,5879.990000000001
2024-03-02,S02,Staples & Grains,42238.30999999999
2024-03-02,S02,Stationery & General,8012.099999999999
2024-03-02,S03,Baby Care,30330.36999999999
2024-03-02,S03,Bakery,5371.45
2024-03-02,S03,Beverages,8340.31
2024-03-02,S03,Bill-level adjustments,-524.3
2024-03-02,S03,Biscuits & Snacks,3457.2399999999993
2024-03-02,S03,Confectionery,7013.299999999998
2024-03-02,S03,Dairy,15263.36
2024-03-02,S03,Edible Oils,30416.829999999998
2024-03-02,S03,Frozen & Ready to Eat,12049.630000000001
2024-03-02,S03,Fruits & Vegetables,8028.849999999999
2024-03-02,S03,Home Care,18012.08
2024-03-02,S03,Personal Care,22629.5
2024-03-02,S03,Spices & Masala,7916.380000000001
2024-03-02,S03,Staples & Grains,34194.15
2024-03-02,S03,Stationery & General,10128.619999999999
2024-03-02,S04,Baby Care,24203.030000000002
2024-03-02,S04,Bakery,4457.420000000001
2024-03-02,S04,Beverages,3961.99
2024-03-02,S04,Bill-level adjustments,-596.66
2024-03-02,S04,Biscuits & Snacks,1066.0900000000001
2024-03-02,S04,Confectionery,3714.2199999999993
2024-03-02,S04,Dairy,11348.249999999998
2024-03-02,S04,Edible Oils,24694.649999999998
2024-03-02,S04,Frozen & Ready to Eat,6006.1900000000005
2024-03-02,S04,Fruits & Vegetables,3353.3700000000003
2024-03-02,S04,Home Care,10133.210000000001
2024-03-02,S04,Personal Care,14424.310000000001
2024-03-02,S04,Spices & Masala,2855.5299999999997
2024-03-02,S04,Staples & Grains,17974.58
2024-03-02,S04,Stationery & General,5495.49
2024-03-02,S05,Baby Care,38228.13
2024-03-02,S05,Bakery,2619.4900000000002
2024-03-02,S05,Beverages,5547.610000000001
2024-03-02,S05,Bill-level adjustments,-949.75
2024-03-02,S05,Biscuits & Snacks,728.6700000000001
2024-03-02,S05,Confectionery,1737.2800000000002
2024-03-02,S05,Dairy,5470.919999999999
2024-03-02,S05,Edible Oils,14351.140000000001
2024-03-02,S05,Frozen & Ready to Eat,11452.090000000002
2024-03-02,S05,Fruits & Vegetables,3114.9399999999996
2024-03-02,S05,Home Care,6254.959999999999
2024-03-02,S05,Personal Care,11212.189999999997
2024-03-02,S05,Spices & Masala,3097.53
2024-03-02,S05,Staples & Grains,25383.460000000003
2024-03-02,S05,Stationery & General,6080.0700000000015
2024-03-02,S06,Baby Care,45991.850000000006
2024-03-02,S06,Bakery,5249.36
2024-03-02,S06,Beverages,10692.140000000001
2024-03-02,S06,Bill-level adjustments,-3675.16
2024-03-02,S06,Biscuits & Snacks,4190.82
2024-03-02,S06,Confectionery,5340.1900000000005
2024-03-02,S06,Dairy,12536.51
2024-03-02,S06,Edible Oils,42655.450000000004
2024-03-02,S06,Frozen & Ready to Eat,14312.62
2024-03-02,S06,Fruits & Vegetables,4863.29
2024-03-02,S06,Home Care,11589.84
2024-03-02,S06,Personal Care,11760.06
2024-03-02,S06,Spices & Masala,10406.06
2024-03-02,S06,Staples & Grains,38165.65
2024-03-02,S06,Stationery & General,10170.809999999998
2024-03-02,S07,Baby Care,31911.890000000003
2024-03-02,S07,Bakery,3509.3199999999997
2024-03-02,S07,Beverages,7170.8099999999995
2024-03-02,S07,Bill-level adjustments,-1162.08
2024-03-02,S07,Biscuits & Snacks,2162.5900000000006
2024-03-02,S07,Confectionery,7715.899999999999
2024-03-02,S07,Dairy,6338.709999999999
2024-03-02,S07,Edible Oils,20762.99
2024-03-02,S07,Frozen & Ready to Eat,10123.66
2024-03-02,S07,Fruits & Vegetables,4993.86
2024-03-02,S07,Home Care,11862.72
2024-03-02,S07,Personal Care,10069.109999999999
2024-03-02,S07,Spices & Masala,5075.99
2024-03-02,S07,Staples & Grains,38168.94
2024-03-02,S07,Stationery & General,6960.33
2024-03-02,S08,Baby Care,9900.009999999998
2024-03-02,S08,Bakery,3177.5000000000005
2024-03-02,S08,Beverages,3957.7400000000002
2024-03-02,S08,Bill-level adjustments,-274.0
2024-03-02,S08,Biscuits & Snacks,830.12
2024-03-02,S08,Confectionery,3998.18
2024-03-02,S08,Dairy,5864.59
2024-03-02,S08,Edible Oils,28208.629999999997
2024-03-02,S08,Frozen & Ready to Eat,4138.8099999999995
2024-03-02,S08,Fruits & Vegetables,1895.5
2024-03-02,S08,Home Care,4449.18
2024-03-02,S08,Personal Care,5785.73
2024-03-02,S08,Spices & Masala,3777.45
2024-03-02,S08,Staples & Grains,17390.350000000002
2024-03-02,S08,Stationery & General,3596.11
2024-03-02,S09,Baby Care,27491.92
2024-03-02,S09,Bakery,5085.870000000001
2024-03-02,S09,Beverages,7400.139999999999
2024-03-02,S09,Bill-level adjustments,-1433.1000000000001
2024-03-02,S09,Biscuits & Snacks,3245.48
2024-03-02,S09,Confectionery,3472.93
2024-03-02,S09,Dairy,3753.04
2024-03-02,S09,Edible Oils,12954.72
2024-03-02,S09,Frozen & Ready to Eat,6045.889999999999
2024-03-02,S09,Fruits & Vegetables,7779.200000000001
2024-03-02,S09,Home Care,5388.36
2024-03-02,S09,Personal Care,13581.550000000003
2024-03-02,S09,Spices & Masala,6264.64
2024-03-02,S09,Staples & Grains,31872.090000000004
2024-03-02,S09,Stationery & General,6662.77
2024-03-02,S10,Baby Care,27246.360000000004
2024-03-02,S10,Bakery,3929.1800000000003
2024-03-02,S10,Beverages,11428.490000000002
2024-03-02,S10,Bill-level adjustments,-1377.62
2024-03-02,S10,Biscuits & Snacks,4320.55
2024-03-02,S10,Confectionery,6042.139999999999
2024-03-02,S10,Dairy,10181.24
2024-03-02,S10,Edible Oils,24133.52
2024-03-02,S10,Frozen & Ready to Eat,10563.089999999998
2024-03-02,S10,Fruits & Vegetables,9703.039999999999
2024-03-02,S10,Home Care,14280.510000000002
2024-03-02,S10,Personal Care,25545.28
2024-03-02,S10,Spices & Masala,6790.970000000001
2024-03-02,S10,Staples & Grains,40121.030000000006
2024-03-02,S10,Stationery & General,9900.179999999998
2024-03-02,S11,Baby Care,12305.630000000001
2024-03-02,S11,Bakery,2270.09
2024-03-02,S11,Beverages,5946.439999999999
2024-03-02,S11,Bill-level adjustments,-636.55
2024-03-02,S11,Biscuits & Snacks,2410.1
2024-03-02,S11,Confectionery,1065.8500000000001
2024-03-02,S11,Dairy,6527.25
2024-03-02,S11,Edible Oils,18649.660000000003
2024-03-02,S11,Frozen & Ready to Eat,4262.7
2024-03-02,S11,Fruits & Vegetables,2037.18
2024-03-02,S11,Home Care,4788.179999999999
2024-03-02,S11,Personal Care,6984.159999999999
2024-03-02,S11,Spices & Masala,2334.09
2024-03-02,S11,Staples & Grains,8524.439999999999
2024-03-02,S11,Stationery & General,7212.619999999999
2024-03-02,S12,Baby Care,50393.48
2024-03-02,S12,Bakery,4517.19
2024-03-02,S12,Beverages,11303.300000000001
2024-03-02,S12,Bill-level adjustments,-2444.0299999999997
2024-03-02,S12,Biscuits & Snacks,2124.0
2024-03-02,S12,Confectionery,3711.5200000000004
2024-03-02,S12,Dairy,14064.460000000001
2024-03-02,S12,Edible Oils,27927.2
2024-03-02,S12,Frozen & Ready to Eat,5297.05
2024-03-02,S12,Fruits & Vegetables,6972.319999999999
2024-03-02,S12,Home Care,11859.609999999999
2024-03-02,S12,Personal Care,9863.52
2024-03-02,S12,Spices & Masala,4127.459999999999
2024-03-02,S12,Staples & Grains,29276.149999999998
2024-03-02,S12,Stationery & General,7899.74
2024-03-03,S01,Baby Care,29641.469999999998
2024-03-03,S01,Bakery,2402.31
2024-03-03,S01,Beverages,9868.029999999997
2024-03-03,S01,Bill-level adjustments,-1511.7599999999998
2024-03-03,S01,Biscuits & Snacks,974.19
2024-03-03,S01,Confectionery,3091.9499999999994
2024-03-03,S01,Dairy,7186.929999999999
2024-03-03,S01,Edible Oils,4397.57
2024-03-03,S01,Frozen & Ready to Eat,6873.3499999999985
2024-03-03,S01,Fruits & Vegetables,4500.12
2024-03-03,S01,Home Care,8744.92
2024-03-03,S01,Personal Care,6030.24
2024-03-03,S01,Spices & Masala,2212.52
2024-03-03,S01,Staples & Grains,28045.600000000006
2024-03-03,S01,Stationery & General,7890.2
2024-03-03,S02,Baby Care,29817.160000000003
2024-03-03,S02,Bakery,3189.08
2024-03-03,S02,Beverages,8415.74
2024-03-03,S02,Bill-level adjustments,-1632.78
2024-03-03,S02,Biscuits & Snacks,2498.06
2024-03-03,S02,Confectionery,5978.569999999999
2024-03-03,S02,Dairy,14384.41
2024-03-03,S02,Edible Oils,20400.04
2024-03-03,S02,Frozen & Ready to Eat,8860.48
2024-03-03,S02,Fruits & Vegetables,3145.64
2024-03-03,S02,Home Care,11093.779999999999
2024-03-03,S02,Personal Care,5646.230000000001
2024-03-03,S02,Spices & Masala,5370.469999999998
2024-03-03,S02,Staples & Grains,23745.460000000003
2024-03-03,S02,Stationery & General,14651.75
2024-03-03,S03,Baby Care,32542.339999999997
2024-03-03,S03,Bakery,4846.57
2024-03-03,S03,Beverages,11995.86
2024-03-03,S03,Bill-level adjustments,-2633.12
2024-03-03,S03,Biscuits & Snacks,2895.4400000000005
2024-03-03,S03,Confectionery,7432.000000000001
2024-03-03,S03,Dairy,20831.709999999995
2024-03-03,S03,Edible Oils,22492.26
2024-03-03,S03,Frozen & Ready to Eat,6553.819999999999
2024-03-03,S03,Fruits & Vegetables,6193.419999999999
2024-03-03,S03,Home Care,10290.92
2024-03-03,S03,Personal Care,13558.949999999999
2024-03-03,S03,Spices & Masala,12198.460000000001
2024-03-03,S03,Staples & Grains,30829.450000000004
2024-03-03,S03,Stationery & General,8096.85
2024-03-03,S04,Baby Care,22548.24
2024-03-03,S04,Bakery,1089.23
2024-03-03,S04,Beverages,7996.35
2024-03-03,S04,Bill-level adjustments,-1151.54
2024-03-03,S04,Biscuits & Snacks,88.21000000000006
2024-03-03,S04,Confectionery,4855.320000000001
2024-03-03,S04,Dairy,8073.18
2024-03-03,S04,Edible Oils,5196.750000000003
2024-03-03,S04,Frozen & Ready to Eat,2608.73
2024-03-03,S04,Fruits & Vegetables,2661.9799999999996
2024-03-03,S04,Home Care,3248.1100000000006
2024-03-03,S04,Personal Care,6353.33
2024-03-03,S04,Spices & Masala,4860.83
2024-03-03,S04,Staples & Grains,25843.98
2024-03-03,S04,Stationery & General,6925.61
2024-03-03,S05,Baby Care,27219.769999999997
2024-03-03,S05,Bakery,4139.959999999999
2024-03-03,S05,Beverages,6364.08
2024-03-03,S05,Bill-level adjustments,-1337.82
2024-03-03,S05,Biscuits & Snacks,1538.9199999999998
2024-03-03,S05,Confectionery,4167.7
2024-03-03,S05,Dairy,3636.4799999999996
2024-03-03,S05,Edible Oils,28510.72
2024-03-03,S05,Frozen & Ready to Eat,6550.299999999999
2024-03-03,S05,Fruits & Vegetables,938.5899999999999
2024-03-03,S05,Home Care,8809.199999999999
2024-03-03,S05,Personal Care,8810.89
2024-03-03,S05,Spices & Masala,5505.739999999999
2024-03-03,S05,Staples & Grains,10139.769999999999
2024-03-03,S05,Stationery & General,4230.83
2024-03-03,S06,Baby Care,36381.14000000001
2024-03-03,S06,Bakery,6168.4800000000005
2024-03-03,S06,Beverages,7015.489999999999
2024-03-03,S06,Bill-level adjustments,-1617.17
2024-03-03,S06,Biscuits & Snacks,1978.9200000000003
2024-03-03,S06,Confectionery,7791.67
2024-03-03,S06,Dairy,9134.14
2024-03-03,S06,Edible Oils,31864.53
2024-03-03,S06,Frozen & Ready to Eat,14389.719999999998
2024-03-03,S06,Fruits & Vegetables,3289.8399999999997
2024-03-03,S06,Home Care,8925.21
2024-03-03,S06,Personal Care,20699.75
2024-03-03,S06,Spices & Masala,7503.749999999999
2024-03-03,S06,Staples & Grains,40123.700000000004
2024-03-03,S06,Stationery & General,5481.369999999998
2024-03-03,S07,Baby Care,14186.180000000002
2024-03-03,S07,Bakery,2528.3999999999996
2024-03-03,S07,Beverages,7846.030000000001
2024-03-03,S07,Bill-level adjustments,-697.79
2024-03-03,S07,Biscuits & Snacks,1665.9399999999998
2024-03-03,S07,Confectionery,3722.0699999999997
2024-03-03,S07,Dairy,9402.16
2024-03-03,S07,Edible Oils,9346.89
2024-03-03,S07,Frozen & Ready to Eat,5870.889999999999
2024-03-03,S07,Fruits & Vegetables,3657.85
2024-03-03,S07,Home Care,6402.44
2024-03-03,S07,Personal Care,11631.14
2024-03-03,S07,Spices & Masala,2537.3899999999994
2024-03-03,S07,Staples & Grains,30527.659999999996
2024-03-03,S07,Stationery & General,4778.32
2024-03-03,S08,Baby Care,12227.480000000001
2024-03-03,S08,Bakery,4253.14
2024-03-03,S08,Beverages,5012.22
2024-03-03,S08,Bill-level adjustments,-439.19999999999993
2024-03-03,S08,Biscuits & Snacks,2060.76
2024-03-03,S08,Confectionery,2462.75
2024-03-03,S08,Dairy,7920.899999999999
2024-03-03,S08,Edible Oils,11105.059999999998
2024-03-03,S08,Frozen & Ready to Eat,12515.100000000002
2024-03-03,S08,Fruits & Vegetables,7850.439999999997
2024-03-03,S08,Home Care,2734.9900000000007
2024-03-03,S08,Personal Care,7037.219999999999
2024-03-03,S08,Spices & Masala,4124.380000000001
2024-03-03,S08,Staples & Grains,35233.369999999995
2024-03-03,S08,Stationery & General,4034.11
2024-03-03,S09,Baby Care,17039.920000000002
2024-03-03,S09,Bakery,790.9300000000001
2024-03-03,S09,Beverages,3969.5200000000004
2024-03-03,S09,Bill-level adjustments,-962.8399999999999
2024-03-03,S09,Biscuits & Snacks,1694.75
2024-03-03,S09,Confectionery,2586.41
2024-03-03,S09,Dairy,6268.41
2024-03-03,S09,Edible Oils,23942.400000000005
2024-03-03,S09,Frozen & Ready to Eat,8823.64
2024-03-03,S09,Fruits & Vegetables,2166.79
2024-03-03,S09,Home Care,6124.410000000001
2024-03-03,S09,Personal Care,4324.210000000001
2024-03-03,S09,Spices & Masala,4065.17
2024-03-03,S09,Staples & Grains,2996.59
2024-03-03,S09,Stationery & General,5466.5599999999995
2024-03-03,S10,Baby Care,37596.99
2024-03-03,S10,Bakery,3614.9800000000005
2024-03-03,S10,Beverages,8685.56
2024-03-03,S10,Bill-level adjustments,-1977.0200000000002
2024-03-03,S10,Biscuits & Snacks,4048.22
2024-03-03,S10,Confectionery,9363.100000000002
2024-03-03,S10,Dairy,18380.020000000004
2024-03-03,S10,Edible Oils,30651.579999999998
2024-03-03,S10,Frozen & Ready to Eat,14726.289999999999
2024-03-03,S10,Fruits & Vegetables,9855.45
2024-03-03,S10,Home Care,8015.460000000002
2024-03-03,S10,Personal Care,20050.129999999997
2024-03-03,S10,Spices & Masala,10320.470000000003
2024-03-03,S10,Staples & Grains,51012.00999999999
2024-03-03,S10,Stationery & General,10498.14
2024-03-03,S11,Baby Care,20243.789999999997
2024-03-03,S11,Bakery,1832.3899999999999
2024-03-03,S11,Beverages,2830.48
2024-03-03,S11,Bill-level adjustments,-1301.08
2024-03-03,S11,Biscuits & Snacks,1178.5700000000002
2024-03-03,S11,Confectionery,2725.2200000000003
2024-03-03,S11,Dairy,7989.549999999999
2024-03-03,S11,Edible Oils,9101.25
2024-03-03,S11,Frozen & Ready to Eat,5501.34
2024-03-03,S11,Fruits & Vegetables,3813.0900000000006
2024-03-03,S11,Home Care,4801.62
2024-03-03,S11,Personal Care,13253.100000000002
2024-03-03,S11,Spices & Masala,4682.009999999999
2024-03-03,S11,Staples & Grains,23391.779999999995
2024-03-03,S11,Stationery & General,4792.549999999999
2024-03-03,S12,Baby Care,28660.71
2024-03-03,S12,Bakery,2240.2299999999996
2024-03-03,S12,Beverages,2425.3299999999995
2024-03-03,S12,Bill-level adjustments,-1607.42
2024-03-03,S12,Biscuits & Snacks,2190.75
2024-03-03,S12,Confectionery,3241.95
2024-03-03,S12,Dairy,14169.74
2024-03-03,S12,Edible Oils,14553.21
2024-03-03,S12,Frozen & Ready to Eat,3509.52
2024-03-03,S12,Fruits & Vegetables,4335.179999999999
2024-03-03,S12,Home Care,6480.889999999999
2024-03-03,S12,Personal Care,7945.72
2024-03-03,S12,Spices & Masala,2568.17
2024-03-03,S12,Staples & Grains,22163.91
2024-03-03,S12,Stationery & General,6236.860000000001
2024-03-04,S01,Baby Care,21627.920000000002
2024-03-04,S01,Bakery,2295.6299999999997
2024-03-04,S01,Beverages,6752.69
2024-03-04,S01,Bill-level adjustments,-415.0
2024-03-04,S01,Biscuits & Snacks,893.19
2024-03-04,S01,Confectionery,3551.44
2024-03-04,S01,Dairy,7979.929999999999
2024-03-04,S01,Edible Oils,4924.139999999999
2024-03-04,S01,Frozen & Ready to Eat,3908.3099999999995
2024-03-04,S01,Fruits & Vegetables,4252.0
2024-03-04,S01,Home Care,7027.429999999999
2024-03-04,S01,Personal Care,6367.709999999999
2024-03-04,S01,Spices & Masala,6908.380000000001
2024-03-04,S01,Staples & Grains,34548.43000000001
2024-03-04,S01,Stationery & General,3083.4599999999996
2024-03-04,S02,Baby Care,15793.820000000003
2024-03-04,S02,Bakery,1926.19
2024-03-04,S02,Beverages,3358.12
2024-03-04,S02,Bill-level adjustments,-418.81
2024-03-04,S02,Biscuits & Snacks,736.51
2024-03-04,S02,Confectionery,4546.13
2024-03-04,S02,Dairy,6411.77
2024-03-04,S02,Edible Oils,14740.329999999998
2024-03-04,S02,Frozen & Ready to Eat,4925.400000000001
2024-03-04,S02,Fruits & Vegetables,2541.9900000000002
2024-03-04,S02,Home Care,575.65
2024-03-04,S02,Personal Care,8548.43
2024-03-04,S02,Spices & Masala,3729.93
2024-03-04,S02,Staples & Grains,11007.19
2024-03-04,S02,Stationery & General,5541.32
2024-03-04,S03,Baby Care,16735.71
2024-03-04,S03,Bakery,4390.06
2024-03-04,S03,Beverages,7152.419999999999
2024-03-04,S03,Bill-level adjustments,-650.55
2024-03-04,S03,Biscuits & Snacks,1162.84
2024-03-04,S03,Confectionery,1412.66
2024-03-04,S03,Dairy,11650.78
2024-03-04,S03,Edible Oils,12141.430000000002
2024-03-04,S03,Frozen & Ready to Eat,3083.73
2024-03-04,S03,Fruits & Vegetables,4404.870000000001
2024-03-04,S03,Home Care,4501.6
2024-03-04,S03,Personal Care,9933.080000000002
2024-03-04,S03,Spices & Masala,3395.8
2024-03-04,S03,Staples & Grains,27961.91
2024-03-04,S03,Stationery & General,3765.7000000000003
2024-03-04,S04,Baby Care,9498.92
2024-03-04,S04,Bakery,1651.71
2024-03-04,S04,Beverages,6242.150000000001
2024-03-04,S04,Bill-level adjustments,-1158.7
2024-03-04,S04,Biscuits & Snacks,1088.97
2024-03-04,S04,Confectionery,4383.52
2024-03-04,S04,Dairy,7058.140000000002
2024-03-04,S04,Edible Oils,24494.430000000004
2024-03-04,S04,Frozen & Ready to Eat,7742.4
2024-03-04,S04,Fruits & Vegetables,1189.66
2024-03-04,S04,Home Care,2222.4700000000003
2024-03-04,S04,Personal Care,5143.21
2024-03-04,S04,Spices & Masala,1520.57
2024-03-04,S04,Staples & Grains,18184.739999999998
2024-03-04,S04,Stationery & General,8090.920000000001
2024-03-04,S05,Baby Care,15939.030000000002
2024-03-04,S05,Bakery,841.98
2024-03-04,S05,Beverages,2591.33
2024-03-04,S05,Bill-level adjustments,-591.13
2024-03-04,S05,Biscuits & Snacks,1098.9299999999998
2024-03-04,S05,Confectionery,1399.29
2024-03-04,S05,Dairy,4320.71
2024-03-04,S05,Edible Oils,14885.090000000002
2024-03-04,S05,Frozen & Ready to Eat,4441.24
2024-03-04,S05,Fruits & Vegetables,4115.08
2024-03-04,S05,Home Care,2002.7399999999998
2024-03-04,S05,Personal Care,6159.46
2024-03-04,S05,Spices & Masala,972.85
2024-03-04,S05,Staples & Grains,12378.81
2024-03-04,S05,Stationery & General,3957.1899999999996
2024-03-04,S06,Baby Care,36213.520000000004
2024-03-04,S06,Bakery,3951.54
2024-03-04,S06,Beverages,2048.0899999999997
2024-03-04,S06,Bill-level adjustments,-691.5400000000001
2024-03-04,S06,Biscuits & Snacks,1299.42
2024-03-04,S06,Confectionery,5351.069999999999
2024-03-04,S06,Dairy,9025.130000000001
2024-03-04,S06,Edible Oils,40367.020000000004
2024-03-04,S06,Frozen & Ready to Eat,5494.320000000001
2024-03-04,S06,Fruits & Vegetables,1584.81
2024-03-04,S06,Home Care,4855.4
2024-03-04,S06,Personal Care,7080.629999999999
2024-03-04,S06,Spices & Masala,2393.4100000000003
2024-03-04,S06,Staples & Grains,26364.38
2024-03-04,S06,Stationery & General,2495.73
2024-03-04,S07,Baby Care,17968.719999999998
2024-03-04,S07,Bakery,1188.8600000000001
2024-03-04,S07,Beverages,1104.6100000000001
2024-03-04,S07,Bill-level adjustments,0.0
2024-03-04,S07,Biscuits & Snacks,1018.8000000000001
2024-03-04,S07,Confectionery,6014.349999999999
2024-03-04,S07,Dairy,309.78999999999996
2024-03-04,S07,Edible Oils,526.87
2024-03-04,S07,Frozen & Ready to Eat,4369.33
2024-03-04,S07,Fruits & Vegetables,556.36
2024-03-04,S07,Home Care,10153.03
2024-03-04,S07,Personal Care,5034.41
2024-03-04,S07,Spices & Masala,747.96
2024-03-04,S07,Staples & Grains,14345.300000000001
2024-03-04,S07,Stationery & General,4836.71
2024-03-04,S08,Baby Care,15995.240000000002
2024-03-04,S08,Bakery,863.0400000000001
2024-03-04,S08,Beverages,10129.949999999999
2024-03-04,S08,Bill-level adjustments,-906.38
2024-03-04,S08,Biscuits & Snacks,1736.7000000000003
2024-03-04,S08,Confectionery,4527.7
2024-03-04,S08,Dairy,7059.0599999999995
2024-03-04,S08,Edible Oils,8930.289999999999
2024-03-04,S08,Frozen & Ready to Eat,8220.570000000002
2024-03-04,S08,Fruits & Vegetables,4074.6699999999996
2024-03-04,S08,Home Care,7944.48
2024-03-04,S08,Personal Care,12272.37
2024-03-04,S08,Spices & Masala,4439.7699999999995
2024-03-04,S08,Staples & Grains,17718.59
2024-03-04,S08,Stationery & General,4253.43
2024-03-04,S09,Baby Care,9419.910000000002
2024-03-04,S09,Bakery,1662.44
2024-03-04,S09,Beverages,5407.470000000001
2024-03-04,S09,Bill-level adjustments,-100.52
2024-03-04,S09,Biscuits & Snacks,912.0600000000001
2024-03-04,S09,Confectionery,2134.02
2024-03-04,S09,Dairy,2813.56
2024-03-04,S09,Edible Oils,3537.8599999999997
2024-03-04,S09,Frozen & Ready to Eat,2370.89
2024-03-04,S09,Fruits & Vegetables,594.16
2024-03-04,S09,Home Care,1785.89
2024-03-04,S09,Personal Care,8080.38
2024-03-04,S09,Spices & Masala,2176.21
2024-03-04,S09,Staples & Grains,14306.95
2024-03-04,S09,Stationery & General,1808.16
2024-03-04,S10,Baby Care,36900.89
2024-03-04,S10,Bakery,1751.3200000000002
2024-03-04,S10,Beverages,6668.19
2024-03-04,S10,Bill-level adjustments,-1201.37
2024-03-04,S10,Biscuits & Snacks,1342.47
2024-03-04,S10,Confectionery,3003.8
2024-03-04,S10,Dairy,7179.9400000000005
2024-03-04,S10,Edible Oils,16539.31
2024-03-04,S10,Frozen & Ready to Eat,5139.379999999999
2024-03-04,S10,Fruits & Vegetables,3163.3199999999997
2024-03-04,S10,Home Care,6603.51
2024-03-04,S10,Personal Care,13926.66
2024-03-04,S10,Spices & Masala,9422.53
2024-03-04,S10,Staples & Grains,14777.309999999998
2024-03-04,S10,Stationery & General,4607.87
2024-03-04,S11,Baby Care,22325.25
2024-03-04,S11,Bakery,1845.0099999999998
2024-03-04,S11,Beverages,2779.2300000000005
2024-03-04,S11,Bill-level adjustments,-800.54
2024-03-04,S11,Biscuits & Snacks,857.7900000000001
2024-03-04,S11,Confectionery,2424.25
2024-03-04,S11,Dairy,9774.41
2024-03-04,S11,Edible Oils,12141.12
2024-03-04,S11,Frozen & Ready to Eat,2682.54
2024-03-04,S11,Fruits & Vegetables,1204.68
2024-03-04,S11,Home Care,632.8900000000001
2024-03-04,S11,Personal Care,8728.68
2024-03-04,S11,Spices & Masala,2311.67
2024-03-04,S11,Staples & Grains,10028.58
2024-03-04,S11,Stationery & General,2746.11
2024-03-04,S12,Baby Care,12460.75
2024-03-04,S12,Bakery,2548.16
2024-03-04,S12,Beverages,5497.870000000001
2024-03-04,S12,Bill-level adjustments,-1396.52
2024-03-04,S12,Biscuits & Snacks,1859.77
2024-03-04,S12,Confectionery,1428.75
2024-03-04,S12,Dairy,15626.529999999999
2024-03-04,S12,Edible Oils,20275.989999999998
2024-03-04,S12,Frozen & Ready to Eat,7198.2300000000005
2024-03-04,S12,Fruits & Vegetables,2405.8599999999997
2024-03-04,S12,Home Care,4079.7299999999996
2024-03-04,S12,Personal Care,10565.380000000001
2024-03-04,S12,Spices & Masala,3400.45
2024-03-04,S12,Staples & Grains,16302.070000000005
2024-03-04,S12,Stationery & General,5025.819999999999
2024-03-05,S01,Baby Care,12075.41
2024-03-05,S01,Bakery,2018.18
2024-03-05,S01,Beverages,1578.0500000000002
2024-03-05,S01,Bill-level adjustments,-1420.2700000000002
2024-03-05,S01,Biscuits & Snacks,570.47
2024-03-05,S01,Confectionery,4441.32
2024-03-05,S01,Dairy,11445.090000000002
2024-03-05,S01,Edible Oils,18393.379999999997
2024-03-05,S01,Frozen & Ready to Eat,8288.49
2024-03-05,S01,Fruits & Vegetables,3016.86
2024-03-05,S01,Home Care,3630.39
2024-03-05,S01,Personal Care,7849.1399999999985
2024-03-05,S01,Spices & Masala,1542.7
2024-03-05,S01,Staples & Grains,21708.480000000003
2024-03-05,S01,Stationery & General,6028.129999999999
2024-03-05,S02,Baby Care,15829.78
2024-03-05,S02,Bakery,2806.91
2024-03-05,S02,Beverages,1877.21
2024-03-05,S02,Bill-level adjustments,-691.9399999999999
2024-03-05,S02,Biscuits & Snacks,2133.0499999999997
2024-03-05,S02,Confectionery,1819.68
2024-03-05,S02,Dairy,9311.83
2024-03-05,S02,Edible Oils,12242.18
2024-03-05,S02,Frozen & Ready to Eat,5631.7300000000005
2024-03-05,S02,Fruits & Vegetables,2421.57
2024-03-05,S02,Home Care,4264.05
2024-03-05,S02,Personal Care,7863.9800000000005
2024-03-05,S02,Spices & Masala,4649.64
2024-03-05,S02,Staples & Grains,14773.97
2024-03-05,S02,Stationery & General,3653.1499999999996
2024-03-05,S03,Baby Care,20943.749999999996
2024-03-05,S03,Bakery,3398.6500000000005
2024-03-05,S03,Beverages,3837.2
2024-03-05,S03,Bill-level adjustments,-2631.2600000000007
2024-03-05,S03,Biscuits & Snacks,992.7
2024-03-05,S03,Confectionery,5230.71
2024-03-05,S03,Dairy,14081.130000000003
2024-03-05,S03,Edible Oils,27162.770000000004
2024-03-05,S03,Frozen & Ready to Eat,9702.65
2024-03-05,S03,Fruits & Vegetables,6278.11
2024-03-05,S03,Home Care,7494.909999999998
2024-03-05,S03,Personal Care,15748.99
2024-03-05,S03,Spices & Masala,8092.260000000001
2024-03-05,S03,Staples & Grains,19631.649999999998
2024-03-05,S03,Stationery & General,3762.7400000000002
2024-03-05,S04,Baby Care,13707.16
2024-03-05,S04,Bakery,1540.7900000000002
2024-03-05,S04,Beverages,6481.63
2024-03-05,S04,Bill-level adjustments,-885.01
2024-03-05,S04,Biscuits & Snacks,1253.83
2024-03-05,S04,Confectionery,4200.26
2024-03-05,S04,Dairy,4510.36
2024-03-05,S04,Edible Oils,13390.7
2024-03-05,S04,Frozen & Ready to Eat,5976.8
2024-03-05,S04,Fruits & Vegetables,2044.1
2024-03-05,S04,Home Care,8651.8
2024-03-05,S04,Personal Care,10309.550000000001
2024-03-05,S04,Spices & Masala,9570.92
2024-03-05,S04,Staples & Grains,17821.71
2024-03-05,S04,Stationery & General,1331.1
2024-03-05,S05,Baby Care,26046.59
2024-03-05,S05,Bakery,3358.0600000000004
2024-03-05,S05,Beverages,5196.160000000001
2024-03-05,S05,Bill-level adjustments,-1846.22
2024-03-05,S05,Biscuits & Snacks,242.39
2024-03-05,S05,Confectionery,4610.139999999999
2024-03-05,S05,Dairy,11505.42
2024-03-05,S05,Edible Oils,11083.73
2024-03-05,S05,Frozen & Ready to Eat,4299.57
2024-03-05,S05,Fruits & Vegetables,5362.060000000001
2024-03-05,S05,Home Care,7674.619999999999
2024-03-05,S05,Personal Care,8775.86
2024-03-05,S05,Spices & Masala,424.47
2024-03-05,S05,Staples & Grains,8338.46
2024-03-05,S05,Stationery & General,4420.580000000001
2024-03-05,S06,Baby Care,2731.43
2024-03-05,S06,Bakery,3768.13
2024-03-05,S06,Beverages,4603.04
2024-03-05,S06,Bill-level adjustments,-1743.8200000000002
2024-03-05,S06,Biscuits & Snacks,1197.62
2024-03-05,S06,Confectionery,4362.44
2024-03-05,S06,Dairy,5420.919999999998
2024-03-05,S06,Edible Oils,11319.480000000001
2024-03-05,S06,Frozen & Ready to Eat,3901.63
2024-03-05,S06,Fruits & Vegetables,1784.17
2024-03-05,S06,Home Care,4110.99
2024-03-05,S06,Personal Care,7289.389999999999
2024-03-05,S06,Spices & Masala,2446.0800000000004
2024-03-05,S06,Staples & Grains,24665.820000000003
2024-03-05,S06,Stationery & General,3305.0799999999995
2024-03-05,S07,Baby Care,17681.81
2024-03-05,S07,Bakery,950.38
2024-03-05,S07,Beverages,2484.65
2024-03-05,S07,Bill-level adjustments,-1143.05
2024-03-05,S07,Biscuits & Snacks,1112.02
2024-03-05,S07,Confectionery,2713.7
2024-03-05,S07,Dairy,5390.31
2024-03-05,S07,Edible Oils,21250.469999999998
2024-03-05,S07,Frozen & Ready to Eat,9559.949999999999
2024-03-05,S07,Fruits & Vegetables,1659.07
2024-03-05,S07,Home Care,4251.349999999999
2024-03-05,S07,Personal Care,-155.96000000000015
2024-03-05,S07,Spices & Masala,2887.84
2024-03-05,S07,Staples & Grains,14264.99
2024-03-05,S07,Stationery & General,6232.800000000001
2024-03-05,S08,Baby Care,6110.369999999999
2024-03-05,S08,Bakery,1681.9400000000005
2024-03-05,S08,Beverages,1704.8899999999999
2024-03-05,S08,Bill-level adjustments,-162.06
2024-03-05,S08,Biscuits & Snacks,1113.7900000000002
2024-03-05,S08,Confectionery,2977.92
2024-03-05,S08,Dairy,4802.13
2024-03-05,S08,Edible Oils,6212.93
2024-03-05,S08,Frozen & Ready to Eat,1464.48
2024-03-05,S08,Fruits & Vegetables,776.56
2024-03-05,S08,Home Care,2184.85
2024-03-05,S08,Spices & Masala,620.85
2024-03-05,S08,Staples & Grains,8293.93
2024-03-05,S08,Stationery & General,4173.32
2024-03-05,S09,Baby Care,6239.369999999999
2024-03-05,S09,Bakery,293.35
2024-03-05,S09,Beverages,2550.59
2024-03-05,S09,Bill-level adjustments,-108.91
2024-03-05,S09,Biscuits & Snacks,45.43000000000002
2024-03-05,S09,Confectionery,1744.36
2024-03-05,S09,Dairy,1954.46
2024-03-05,S09,Edible Oils,5667.0599999999995
2024-03-05,S09,Frozen & Ready to Eat,1575.49
2024-03-05,S09,Fruits & Vegetables,1633.0500000000002
2024-03-05,S09,Home Care,1989.08
2024-03-05,S09,Personal Care,3284.94
2024-03-05,S09,Spices & Masala,2157.92
2024-03-05,S09,Staples & Grains,3869.34
2024-03-05,S09,Stationery & General,373.95
2024-03-05,S10,Baby Care,14280.86
2024-03-05,S10,Bakery,3552.31
2024-03-05,S10,Beverages,3414.9900000000002
2024-03-05,S10,Bill-level adjustments,-711.6300000000001
2024-03-05,S10,Biscuits & Snacks,1256.78
2024-03-05,S10,Confectionery,4351.400000000001
2024-03-05,S10,Dairy,6298.61
2024-03-05,S10,Edible Oils,12610.1
2024-03-05,S10,Frozen & Ready to Eat,6298.149999999999
2024-03-05,S10,Fruits & Vegetables,3645.9000000000005
2024-03-05,S10,Home Care,4792.650000000001
2024-03-05,S10,Personal Care,9203.25
2024-03-05,S10,Spices & Masala,2395.95
2024-03-05,S10,Staples & Grains,17974.690000000002
2024-03-05,S10,Stationery & General,5372.5
2024-03-05,S11,Baby Care,8007.429999999999
2024-03-05,S11,Bakery,1112.15
2024-03-05,S11,Beverages,2680.98
2024-03-05,S11,Bill-level adjustments,-1267.33
2024-03-05,S11,Biscuits & Snacks,1253.64
2024-03-05,S11,Confectionery,1884.5500000000002
2024-03-05,S11,Dairy,1450.6
2024-03-05,S11,Edible Oils,7647.82
2024-03-05,S11,Frozen & Ready to Eat,2923.2700000000004
2024-03-05,S11,Fruits & Vegetables,844.2599999999999
2024-03-05,S11,Home Care,3309.2099999999996
2024-03-05,S11,Personal Care,5314.25
2024-03-05,S11,Spices & Masala,1152.99
2024-03-05,S11,Staples & Grains,15134.210000000001
2024-03-05,S11,Stationery & General,4181.86
2024-03-05,S12,Baby Care,13595.47
2024-03-05,S12,Bakery,2120.75
2024-03-05,S12,Beverages,7080.26
2024-03-05,S12,Bill-level adjustments,-767.7900000000001
2024-03-05,S12,Biscuits & Snacks,1425.9899999999998
2024-03-05,S12,Confectionery,2587.88
2024-03-05,S12,Dairy,11365.67
2024-03-05,S12,Edible Oils,5542.259999999999
2024-03-05,S12,Frozen & Ready to Eat,2789.59
2024-03-05,S12,Fruits & Vegetables,4343.469999999999
2024-03-05,S12,Home Care,5473.14
2024-03-05,S12,Personal Care,2670.2300000000005
2024-03-05,S12,Spices & Masala,3543.9299999999994
2024-03-05,S12,Staples & Grains,13317.849999999999
2024-03-05,S12,Stationery & General,7396.57
2024-03-06,S01,Baby Care,29673.760000000002
2024-03-06,S01,Bakery,2207.86
2024-03-06,S01,Beverages,4042.3700000000003
2024-03-06,S01,Bill-level adjustments,-1555.2
2024-03-06,S01,Biscuits & Snacks,625.5
2024-03-06,S01,Confectionery,3658.75
2024-03-06,S01,Dairy,5683.46
2024-03-06,S01,Edible Oils,19477.350000000002
2024-03-06,S01,Frozen & Ready to Eat,8626.509999999998
2024-03-06,S01,Fruits & Vegetables,5231.769999999999
2024-03-06,S01,Home Care,3640.29
2024-03-06,S01,Personal Care,11968.43
2024-03-06,S01,Spices & Masala,2955.1
2024-03-06,S01,Staples & Grains,15851.87
2024-03-06,S01,Stationery & General,4748.140000000001
2024-03-06,S02,Baby Care,14602.019999999999
2024-03-06,S02,Bakery,2262.4700000000003
2024-03-06,S02,Beverages,8823.939999999999
2024-03-06,S02,Bill-level adjustments,-879.51
2024-03-06,S02,Biscuits & Snacks,2354.45
2024-03-06,S02,Confectionery,2798.4700000000003
2024-03-06,S02,Dairy,6325.6900000000005
2024-03-06,S02,Edible Oils,35569.11
2024-03-06,S02,Frozen & Ready to Eat,3534.51
2024-03-06,S02,Fruits & Vegetables,3182.2200000000003
2024-03-06,S02,Home Care,6212.15
2024-03-06,S02,Personal Care,4794.63
2024-03-06,S02,Spices & Masala,2066.01
2024-03-06,S02,Staples & Grains,23994.079999999998
2024-03-06,S02,Stationery & General,8142.489999999999
2024-03-06,S03,Baby Care,21890.429999999997
2024-03-06,S03,Bakery,2762.66
2024-03-06,S03,Beverages,8754.66
2024-03-06,S03,Bill-level adjustments,-1568.9599999999998
2024-03-06,S03,Biscuits & Snacks,1617.2
2024-03-06,S03,Confectionery,4740.250000000001
2024-03-06,S03,Dairy,13082.390000000003
2024-03-06,S03,Edible Oils,10150.439999999999
2024-03-06,S03,Frozen & Ready to Eat,3879.5799999999995
2024-03-06,S03,Fruits & Vegetables,5749.5
2024-03-06,S03,Home Care,8586.68
2024-03-06,S03,Personal Care,11902.000000000002
2024-03-06,S03,Spices & Masala,4997.05
2024-03-06,S03,Staples & Grains,19790.97
2024-03-06,S03,Stationery & General,6218.1
2024-03-06,S04,Baby Care,6973.540000000001
2024-03-06,S04,Bakery,3204.8100000000004
2024-03-06,S04,Beverages,3081.4
2024-03-06,S04,Bill-level adjustments,-387.03000000000003
2024-03-06,S04,Biscuits & Snacks,1687.8500000000004
2024-03-06,S04,Confectionery,3851.5199999999995
2024-03-06,S04,Dairy,10751.86
2024-03-06,S04,Edible Oils,10118.24
2024-03-06,S04,Frozen & Ready to Eat,1371.32
2024-03-06,S04,Fruits & Vegetables,3050.35
2024-03-06,S04,Home Care,2811.72
2024-03-06,S04,Personal Care,5888.530000000001
2024-03-06,S04,Spices & Masala,3821.6
2024-03-06,S04,Staples & Grains,14363.870000000003
2024-03-06,S04,Stationery & General,5748.159999999999
2024-03-06,S05,Baby Care,28220.870000000006
2024-03-06,S05,Bakery,3436.5599999999995
2024-03-06,S05,Beverages,3449.7900000000004
2024-03-06,S05,Bill-level adjustments,-936.7199999999998
2024-03-06,S05,Biscuits & Snacks,1931.7300000000002
2024-03-06,S05,Confectionery,2977.82
2024-03-06,S05,Dairy,9266.38
2024-03-06,S05,Edible Oils,8088.15
2024-03-06,S05,Frozen & Ready to Eat,1809.46
2024-03-06,S05,Fruits & Vegetables,2805.87
2024-03-06,S05,Home Care,3514.11
2024-03-06,S05,Personal Care,5278.91
2024-03-06,S05,Spices & Masala,3114.3199999999997
2024-03-06,S05,Staples & Grains,14838.48
2024-03-06,S05,Stationery & General,4086.229999999999
2024-03-06,S06,Baby Care,14272.2
2024-03-06,S06,Bakery,2756.4900000000002
2024-03-06,S06,Beverages,3218.54
2024-03-06,S06,Bill-level adjustments,-240.33
2024-03-06,S06,Biscuits & Snacks,814.1199999999999
2024-03-06,S06,Confectionery,2755.49
2024-03-06,S06,Dairy,7788.33
2024-03-06,S06,Edible Oils,14237.160000000002
2024-03-06,S06,Frozen & Ready to Eat,5587.68
2024-03-06,S06,Fruits & Vegetables,3317.4099999999994
2024-03-06,S06,Home Care,3764.06
2024-03-06,S06,Personal Care,7049.330000000001
2024-03-06,S06,Spices & Masala,2115.28
2024-03-06,S06,Staples & Grains,16306.33
2024-03-06,S06,Stationery & General,6358.809999999999
2024-03-06,S07,Baby Care,11702.49
2024-03-06,S07,Bakery,1655.3000000000004
2024-03-06,S07,Beverages,10885.699999999999
2024-03-06,S07,Bill-level adjustments,-928.3
2024-03-06,S07,Biscuits & Snacks,2318.3999999999996
2024-03-06,S07,Confectionery,1764.3799999999999
2024-03-06,S07,Dairy,2608.51
2024-03-06,S07,Edible Oils,27466.17
2024-03-06,S07,Frozen & Ready to Eat,7576.8099999999995
2024-03-06,S07,Fruits & Vegetables,2880.2200000000003
2024-03-06,S07,Home Care,2815.79
2024-03-06,S07,Personal Care,8819.14
2024-03-06,S07,Spices & Masala,6397.5999999999985
2024-03-06,S07,Staples & Grains,30883.86
2024-03-06,S07,Stationery & General,4358.49
2024-03-06,S08,Baby Care,11128.05
2024-03-06,S08,Bakery,1823.69
2024-03-06,S08,Beverages,5017.959999999999
2024-03-06,S08,Bill-level adjustments,-297.45
2024-03-06,S08,Biscuits & Snacks,686.09
2024-03-06,S08,Confectionery,1885.13
2024-03-06,S08,Dairy,7731.010000000001
2024-03-06,S08,Edible Oils,19382.97
2024-03-06,S08,Frozen & Ready to Eat,3920.74
2024-03-06,S08,Fruits & Vegetables,2976.1899999999996
2024-03-06,S08,Home Care,2024.4600000000003
2024-03-06,S08,Personal Care,10681.54
2024-03-06,S08,Spices & Masala,3969.6000000000004
2024-03-06,S08,Staples & Grains,11113.47
2024-03-06,S08,Stationery & General,5182.200000000001
2024-03-06,S09,Baby Care,18915.530000000002
2024-03-06,S09,Bakery,846.62
2024-03-06,S09,Beverages,1678.44
2024-03-06,S09,Bill-level adjustments,-1168.23
2024-03-06,S09,Biscuits & Snacks,1038.72
2024-03-06,S09,Confectionery,1702.32
2024-03-06,S09,Dairy,5195.22
2024-03-06,S09,Edible Oils,4522.99
2024-03-06,S09,Frozen & Ready to Eat,2177.21
2024-03-06,S09,Fruits & Vegetables,1110.92
2024-03-06,S09,Home Care,2887.37
2024-03-06,S09,Personal Care,4017.56
2024-03-06,S09,Spices & Masala,1458.04
2024-03-06,S09,Staples & Grains,23198.79
2024-03-06,S09,Stationery & General,2564.64
2024-03-06,S10,Baby Care,27777.99
2024-03-06,S10,Bakery,3158.7899999999995
2024-03-06,S10,Beverages,5201.95
2024-03-06,S10,Bill-level adjustments,-1972.22
2024-03-06,S10,Biscuits & Snacks,1582.4099999999999
2024-03-06,S10,Confectionery,4363.33
2024-03-06,S10,Dairy,18111.710000000003
2024-03-06,S10,Edible Oils,48469.92999999999
2024-03-06,S10,Frozen & Ready to Eat,6612.29
2024-03-06,S10,Fruits & Vegetables,4029.6199999999994
2024-03-06,S10,Home Care,8992.22
2024-03-06,S10,Personal Care,12872.580000000002
2024-03-06,S10,Spices & Masala,4920.58
2024-03-06,S10,Staples & Grains,8320.21
2024-03-06,S10,Stationery & General,4934.509999999999
2024-03-06,S11,Baby Care,9294.96
2024-03-06,S11,Bakery,1281.31
2024-03-06,S11,Beverages,466.61
2024-03-06,S11,Bill-level adjustments,-1038.1399999999999
2024-03-06,S11,Biscuits & Snacks,315.83
2024-03-06,S11,Confectionery,3578.34
2024-03-06,S11,Dairy,4764.75
2024-03-06,S11,Edible Oils,12939.31
2024-03-06,S11,Frozen & Ready to Eat,1492.62
2024-03-06,S11,Fruits & Vegetables,504.3
2024-03-06,S11,Home Care,3097.42
2024-03-06,S11,Personal Care,4599.530000000001
2024-03-06,S11,Spices & Masala,525.16
2024-03-06,S11,Staples & Grains,6833.130000000001
2024-03-06,S11,Stationery & General,2954.62
2024-03-06,S12,Baby Care,6225.150000000001
2024-03-06,S12,Bakery,2161.61
2024-03-06,S12,Beverages,7146.160000000001
2024-03-06,S12,Bill-level adjustments,-854.63
2024-03-06,S12,Biscuits & Snacks,1653.6299999999999
2024-03-06,S12,Confectionery,1779.8
2024-03-06,S12,Dairy,4872.66
2024-03-06,S12,Edible Oils,4797.6
2024-03-06,S12,Frozen & Ready to Eat,2699.6000000000004
2024-03-06,S12,Fruits & Vegetables,3635.42
2024-03-06,S12,Home Care,4298.96
2024-03-06,S12,Personal Care,7818.22
2024-03-06,S12,Spices & Masala,1136.58
2024-03-06,S12,Staples & Grains,20641.47
2024-03-06,S12,Stationery & General,3008.9300000000003
2024-03-07,S01,Baby Care,37001.98
2024-03-07,S01,Bakery,4945.250000000001
2024-03-07,S01,Beverages,12667.42
2024-03-07,S01,Bill-level adjustments,-2276.38
2024-03-07,S01,Biscuits & Snacks,3557.9900000000002
2024-03-07,S01,Confectionery,5281.12
2024-03-07,S01,Dairy,11428.769999999999
2024-03-07,S01,Edible Oils,32357.440000000002
2024-03-07,S01,Frozen & Ready to Eat,7941.9
2024-03-07,S01,Fruits & Vegetables,1990.0400000000002
2024-03-07,S01,Home Care,6967.9
2024-03-07,S01,Personal Care,11421.880000000001
2024-03-07,S01,Spices & Masala,9933.81
2024-03-07,S01,Staples & Grains,24694.94
2024-03-07,S01,Stationery & General,7446.910000000001
2024-03-07,S02,Baby Care,19233.579999999998
2024-03-07,S02,Bakery,2021.2399999999998
2024-03-07,S02,Beverages,2721.2
2024-03-07,S02,Bill-level adjustments,-677.91
2024-03-07,S02,Biscuits & Snacks,663.97
2024-03-07,S02,Confectionery,3566.3399999999992
2024-03-07,S02,Dairy,5368.270000000001
2024-03-07,S02,Edible Oils,18851.22
2024-03-07,S02,Frozen & Ready to Eat,8541.720000000001
2024-03-07,S02,Fruits & Vegetables,980.0899999999999
2024-03-07,S02,Home Care,6065.25
2024-03-07,S02,Personal Care,4409.71
2024-03-07,S02,Spices & Masala,6850.759999999998
2024-03-07,S02,Staples & Grains,17426.82
2024-03-07,S02,Stationery & General,4084.04
2024-03-07,S03,Baby Care,8442.95
2024-03-07,S03,Bakery,3784.28
2024-03-07,S03,Beverages,3821.75
2024-03-07,S03,Bill-level adjustments,-659.4300000000001
2024-03-07,S03,Biscuits & Snacks,1198.95
2024-03-07,S03,Confectionery,3790.2000000000003
2024-03-07,S03,Dairy,9239.45
2024-03-07,S03,Edible Oils,19810.440000000002
2024-03-07,S03,Frozen & Ready to Eat,12856.929999999998
2024-03-07,S03,Fruits & Vegetables,1540.3500000000004
2024-03-07,S03,Home Care,3967.4699999999993
2024-03-07,S03,Personal Care,16224.49
2024-03-07,S03,Spices & Masala,3966.3099999999995
2024-03-07,S03,Staples & Grains,22405.91
2024-03-07,S03,Stationery & General,7980.16
2024-03-07,S04,Baby Care,23894.28
2024-03-07,S04,Bakery,1745.68
2024-03-07,S04,Beverages,6337.140000000001
2024-03-07,S04,Bill-level adjustments,-1608.34
2024-03-07,S04,Biscuits & Snacks,1463.17
2024-03-07,S04,Confectionery,3086.6199999999994
2024-03-07,S04,Dairy,4122.36
2024-03-07,S04,Edible Oils,16071.609999999999
2024-03-07,S04,Frozen & Ready to Eat,3125.67
2024-03-07,S04,Fruits & Vegetables,2983.8599999999997
2024-03-07,S04,Home Care,8210.419999999998
2024-03-07,S04,Personal Care,3413.3399999999997
2024-03-07,S04,Spices & Masala,3793.3199999999997
2024-03-07,S04,Staples & Grains,19799.969999999998
2024-03-07,S04,Stationery & General,2913.8
2024-03-07,S05,Baby Care,5078.92
2024-03-07,S05,Bakery,1494.92
2024-03-07,S05,Beverages,2306.02
2024-03-07,S05,Bill-level adjustments,-509.5
2024-03-07,S05,Biscuits & Snacks,1024.81
2024-03-07,S05,Confectionery,2675.09
2024-03-07,S05,Dairy,4577.34
2024-03-07,S05,Edible Oils,19834.03
2024-03-07,S05,Frozen & Ready to Eat,4053.96
2024-03-07,S05,Fruits & Vegetables,3223.26
2024-03-07,S05,Home Care,1769.9
2024-03-07,S05,Personal Care,6617.199999999999
2024-03-07,S05,Spices & Masala,1447.44
2024-03-07,S05,Staples & Grains,7896.389999999999
2024-03-07,S05,Stationery & General,4424.75
2024-03-07,S06,Baby Care,13761.470000000001
2024-03-07,S06,Bakery,2418.49
2024-03-07,S06,Beverages,6778.48
2024-03-07,S06,Bill-level adjustments,-969.8299999999999
2024-03-07,S06,Biscuits & Snacks,1394.3799999999999
2024-03-07,S06,Confectionery,5680.65
2024-03-07,S06,Dairy,6187.240000000002
2024-03-07,S06,Edible Oils,11401.050000000001
2024-03-07,S06,Frozen & Ready to Eat,3607.9699999999993
2024-03-07,S06,Fruits & Vegetables,3934.2999999999997
2024-03-07,S06,Home Care,9274.76
2024-03-07,S06,Personal Care,8647.25
2024-03-07,S06,Spices & Masala,6588.239999999999
2024-03-07,S06,Staples & Grains,19591.06
2024-03-07,S06,Stationery & General,5360.110000000001
2024-03-07,S07,Baby Care,17381.14
2024-03-07,S07,Bakery,2075.21
2024-03-07,S07,Beverages,3632.2400000000002
2024-03-07,S07,Bill-level adjustments,-614.27
2024-03-07,S07,Biscuits & Snacks,2477.7999999999997
2024-03-07,S07,Confectionery,1291.91
2024-03-07,S07,Dairy,4938.169999999999
2024-03-07,S07,Edible Oils,8631.119999999999
2024-03-07,S07,Frozen & Ready to Eat,2944.1800000000003
2024-03-07,S07,Fruits & Vegetables,2487.7599999999993
2024-03-07,S07,Home Care,3255.6799999999994
2024-03-07,S07,Personal Care,7443.279999999999
2024-03-07,S07,Spices & Masala,2633.95
2024-03-07,S07,Staples & Grains,18709.93
2024-03-07,S07,Stationery & General,2075.41
2024-03-07,S08,Baby Care,2753.95
2024-03-07,S08,Bakery,2702.1900000000005
2024-03-07,S08,Beverages,4908.6
2024-03-07,S08,Bill-level adjustments,-157.97
2024-03-07,S08,Biscuits & Snacks,980.21
2024-03-07,S08,Confectionery,3147.82
2024-03-07,S08,Dairy,6733.500000000001
2024-03-07,S08,Edible Oils,12752.05
2024-03-07,S08,Frozen & Ready to Eat,1277.94
2024-03-07,S08,Fruits & Vegetables,3250.99
2024-03-07,S08,Home Care,3361.36
2024-03-07,S08,Personal Care,3773.74
2024-03-07,S08,Spices & Masala,1896.67
2024-03-07,S08,Staples & Grains,12425.76
2024-03-07,S08,Stationery & General,2678.8599999999997
2024-03-07,S09,Baby Care,12093.749999999998
2024-03-07,S09,Bakery,1241.19
2024-03-07,S09,Beverages,1257.75
2024-03-07,S09,Bill-level adjustments,-38.58
2024-03-07,S09,Biscuits & Snacks,422.78999999999996
2024-03-07,S09,Confectionery,2570.67
2024-03-07,S09,Dairy,2601.37
2024-03-07,S09,Edible Oils,18131.31
2024-03-07,S09,Frozen & Ready to Eat,2933.39
2024-03-07,S09,Fruits & Vegetables,3542.12
2024-03-07,S09,Home Care,3872.25
2024-03-07,S09,Personal Care,8353.759999999998
2024-03-07,S09,Spices & Masala,3330.03
2024-03-07,S09,Staples & Grains,11700.31
2024-03-07,S09,Stationery & General,4819.789999999999
2024-03-07,S10,Baby Care,27716.769999999997
2024-03-07,S10,Bakery,2482.73
2024-03-07,S10,Beverages,5926.089999999999
2024-03-07,S10,Bill-level adjustments,-928.49
2024-03-07,S10,Biscuits & Snacks,1177.7
2024-03-07,S10,Confectionery,2567.7299999999996
2024-03-07,S10,Dairy,8158.930000000001
2024-03-07,S10,Edible Oils,15617.029999999999
2024-03-07,S10,Frozen & Ready to Eat,6018.259999999998
2024-03-07,S10,Fruits & Vegetables,3408.24
2024-03-07,S10,Home Care,6156.8
2024-03-07,S10,Personal Care,2879.67
2024-03-07,S10,Spices & Masala,3315.0200000000004
2024-03-07,S10,Staples & Grains,10877.75
2024-03-07,S10,Stationery & General,6121.77
2024-03-07,S11,Baby Care,15162.439999999999
2024-03-07,S11,Bakery,2219.68
2024-03-07,S11,Beverages,1681.72
2024-03-07,S11,Bill-level adjustments,-142.2
2024-03-07,S11,Biscuits & Snacks,950.7199999999999
2024-03-07,S11,Confectionery,2202.4699999999993
2024-03-07,S11,Dairy,2785.15
2024-03-07,S11,Edible Oils,13111.85
2024-03-07,S11,Frozen & Ready to Eat,1924.7
2024-03-07,S11,Fruits & Vegetables,2948.36
2024-03-07,S11,Home Care,2223.25
2024-03-07,S11,Personal Care,7253.420000000001
2024-03-07,S11,Spices & Masala,3953.22
2024-03-07,S11,Staples & Grains,5711.87
2024-03-07,S11,Stationery & General,4871.830000000001
2024-03-07,S12,Baby Care,19352.16
2024-03-07,S12,Bakery,4227.04
2024-03-07,S12,Beverages,4198.650000000001
2024-03-07,S12,Bill-level adjustments,-1639.9900000000002
2024-03-07,S12,Biscuits & Snacks,1533.0600000000002
2024-03-07,S12,Confectionery,4505.7
2024-03-07,S12,Dairy,6900.9800000000005
2024-03-07,S12,Edible Oils,10814.03
2024-03-07,S12,Frozen & Ready to Eat,8172.739999999999
2024-03-07,S12,Fruits & Vegetables,3136.54
2024-03-07,S12,Home Care,4583.26
2024-03-07,S12,Personal Care,10428.78
2024-03-07,S12,Spices & Masala,3628.7200000000003
2024-03-07,S12,Staples & Grains,13949.769999999997
2024-03-07,S12,Stationery & General,3451.14
2024-03-08,S01,Baby Care,19014.83
2024-03-08,S01,Bakery,4155.42
2024-03-08,S01,Beverages,6011.81
2024-03-08,S01,Bill-level adjustments,-1997.75
2024-03-08,S01,Biscuits & Snacks,2498.3900000000003
2024-03-08,S01,Confectionery,5150.400000000001
2024-03-08,S01,Dairy,14198.9
2024-03-08,S01,Edible Oils,24125.73
2024-03-08,S01,Frozen & Ready to Eat,14541.119999999997
2024-03-08,S01,Fruits & Vegetables,3290.7599999999998
2024-03-08,S01,Home Care,8502.19
2024-03-08,S01,Personal Care,8580.85
2024-03-08,S01,Spices & Masala,4817.51
2024-03-08,S01,Staples & Grains,35021.530000000006
2024-03-08,S01,Stationery & General,4574.459999999999
2024-03-08,S02,Baby Care,18524.34
2024-03-08,S02,Bakery,2400.71
2024-03-08,S02,Beverages,10606.490000000002
2024-03-08,S02,Bill-level adjustments,-536.03
2024-03-08,S02,Biscuits & Snacks,1304.4699999999998
2024-03-08,S02,Confectionery,2993.7
2024-03-08,S02,Dairy,4195.5
2024-03-08,S02,Edible Oils,14506.72
2024-03-08,S02,Frozen & Ready to Eat,4905.039999999999
2024-03-08,S02,Fruits & Vegetables,1586.48
2024-03-08,S02,Home Care,4468.19
2024-03-08,S02,Personal Care,8091.180000000001
2024-03-08,S02,Spices & Masala,5722.819999999998
2024-03-08,S02,Staples & Grains,22781.239999999994
2024-03-08,S02,Stationery & General,6426.63
2024-03-08,S03,Baby Care,30881.550000000003
2024-03-08,S03,Bakery,6470.919999999998
2024-03-08,S03,Beverages,7744.130000000001
2024-03-08,S03,Bill-level adjustments,-1861.71
2024-03-08,S03,Biscuits & Snacks,1922.0100000000002
2024-03-08,S03,Confectionery,4279.989999999999
2024-03-08,S03,Dairy,16485.910000000003
2024-03-08,S03,Edible Oils,9630.28
2024-03-08,S03,Frozen & Ready to Eat,11832.900000000001
2024-03-08,S03,Fruits & Vegetables,2093.3500000000004
2024-03-08,S03,Home Care,10825.880000000001
2024-03-08,S03,Personal Care,14628.429999999998
2024-03-08,S03,Spices & Masala,5595.07
2024-03-08,S03,Staples & Grains,33677.32
2024-03-08,S03,Stationery & General,8459.699999999999
2024-03-08,S04,Baby Care,9962.519999999999
2024-03-08,S04,Bakery,2286.63
2024-03-08,S04,Beverages,5545.370000000001
2024-03-08,S04,Bill-level adjustments,-727.34
2024-03-08,S04,Biscuits & Snacks,1241.1800000000003
2024-03-08,S04,Confectionery,978.9699999999999
2024-03-08,S04,Dairy,10294.470000000001
2024-03-08,S04,Edible Oils,28729.96
2024-03-08,S04,Frozen & Ready to Eat,5823.83
2024-03-08,S04,Fruits & Vegetables,4008.1999999999994
2024-03-08,S04,Home Care,9810.200000000003
2024-03-08,S04,Personal Care,8383.989999999998
2024-03-08,S04,Spices & Masala,4896.11
2024-03-08,S04,Staples & Grains,8791.879999999996
2024-03-08,S04,Stationery & General,5959.099999999999
2024-03-08,S05,Baby Care,11464.720000000001
2024-03-08,S05,Bakery,2073.6899999999996
2024-03-08,S05,Beverages,3119.4700000000003
2024-03-08,S05,Bill-level adjustments,-377.49
2024-03-08,S05,Biscuits & Snacks,1056.31
2024-03-08,S05,Confectionery,1101.02
2024-03-08,S05,Dairy,2686.38
2024-03-08,S05,Edible Oils,11403.560000000001
2024-03-08,S05,Frozen & Ready to Eat,6829.91
2024-03-08,S05,Fruits & Vegetables,3411.7300000000005
2024-03-08,S05,Home Care,4031.3500000000004
2024-03-08,S05,Personal Care,7123.14
2024-03-08,S05,Spices & Masala,5383.52
2024-03-08,S05,Staples & Grains,12920.770000000002
2024-03-08,S05,Stationery & General,4347.57
2024-03-08,S06,Baby Care,18730.710000000003
2024-03-08,S06,Bakery,2603.15
2024-03-08,S06,Beverages,6973.1
2024-03-08,S06,Bill-level adjustments,-677.66
2024-03-08,S06,Biscuits & Snacks,1733.61
2024-03-08,S06,Confectionery,4274.6900000000005
2024-03-08,S06,Dairy,11378.97
2024-03-08,S06,Edible Oils,11218.75
2024-03-08,S06,Frozen & Ready to Eat,5013.179999999999
2024-03-08,S06,Fruits & Vegetables,3143.8899999999994
2024-03-08,S06,Home Care,3918.16
2024-03-08,S06,Personal Care,7963.920000000001
2024-03-08,S06,Spices & Masala,2243.68
2024-03-08,S06,Staples & Grains,9030.34
2024-03-08,S06,Stationery & General,3147.99
2024-03-08,S07,Baby Care,23836.370000000006
2024-03-08,S07,Bakery,1077.1499999999999
2024-03-08,S07,Beverages,3891.2699999999995
2024-03-08,S07,Bill-level adjustments,-946.3399999999999
2024-03-08,S07,Biscuits & Snacks,1136.66
2024-03-08,S07,Confectionery,2880.87
2024-03-08,S07,Dairy,4696.0
2024-03-08,S07,Edible Oils,4637.860000000001
2024-03-08,S07,Frozen & Ready to Eat,2332.3799999999997
2024-03-08,S07,Fruits & Vegetables,5301.56
2024-03-08,S07,Home Care,4260.83
2024-03-08,S07,Personal Care,7218.17
2024-03-08,S07,Spices & Masala,3472.6499999999996
2024-03-08,S07,Staples & Grains,6613.61
2024-03-08,S07,Stationery & General,2734.2099999999996
2024-03-08,S08,Baby Care,9500.759999999998
2024-03-08,S08,Bakery,1735.2299999999998
2024-03-08,S08,Beverages,5099.79
2024-03-08,S08,Bill-level adjustments,-2288.49
2024-03-08,S08,Biscuits & Snacks,1636.5900000000001
2024-03-08,S08,Confectionery,3973.1999999999994
2024-03-08,S08,Dairy,10258.05
2024-03-08,S08,Edible Oils,19069.57
2024-03-08,S08,Frozen & Ready to Eat,6134.809999999999
2024-03-08,S08,Fruits & Vegetables,4607.85
2024-03-08,S08,Home Care,3899.43
2024-03-08,S08,Personal Care,4343.599999999999
2024-03-08,S08,Spices & Masala,2355.22
2024-03-08,S08,Staples & Grains,19980.350000000002
2024-03-08,S08,Stationery & General,3080.6699999999996
2024-03-08,S09,Baby Care,8900.47
2024-03-08,S09,Bakery,1394.41
2024-03-08,S09,Beverages,2911.96
2024-03-08,S09,Bill-level adjustments,-1246.91
2024-03-08,S09,Biscuits & Snacks,743.01
2024-03-08,S09,Confectionery,1912.92
2024-03-08,S09,Dairy,1806.1800000000003
2024-03-08,S09,Edible Oils,6436.570000000001
2024-03-08,S09,Frozen & Ready to Eat,5688.460000000001
2024-03-08,S09,Fruits & Vegetables,916.48
2024-03-08,S09,Home Care,3811.3199999999997
2024-03-08,S09,Personal Care,7621.88
2024-03-08,S09,Spices & Masala,3797.21
2024-03-08,S09,Staples & Grains,10384.839999999998
2024-03-08,S09,Stationery & General,1443.52
2024-03-08,S10,Baby Care,30230.600000000002
2024-03-08,S10,Bakery,5816.239999999999
2024-03-08,S10,Beverages,9019.619999999999
2024-03-08,S10,Bill-level adjustments,-795.3800000000001
2024-03-08,S10,Biscuits & Snacks,3561.96
2024-03-08,S10,Confectionery,7148.719999999998
2024-03-08,S10,Dairy,13926.910000000002
2024-03-08,S10,Edible Oils,29593.89
2024-03-08,S10,Frozen & Ready to Eat,11523.470000000003
2024-03-08,S10,Fruits & Vegetables,3886.71
2024-03-08,S10,Home Care,12219.06
2024-03-08,S10,Personal Care,14267.88
2024-03-08,S10,Spices & Masala,5569.389999999999
2024-03-08,S10,Staples & Grains,34578.98
2024-03-08,S10,Stationery & General,12443.609999999997
2024-03-08,S11,Baby Care,11177.960000000001
2024-03-08,S11,Bakery,1405.1
2024-03-08,S11,Beverages,2343.27
2024-03-08,S11,Bill-level adjustments,-822.09
2024-03-08,S11,Biscuits & Snacks,599.4000000000001
2024-03-08,S11,Confectionery,1420.04
2024-03-08,S11,Dairy,5783.370000000001
2024-03-08,S11,Edible Oils,5999.280000000001
2024-03-08,S11,Frozen & Ready to Eat,2417.33
2024-03-08,S11,Fruits & Vegetables,1064.25
2024-03-08,S11,Home Care,1605.64
2024-03-08,S11,Personal Care,1317.28
2024-03-08,S11,Spices & Masala,2087.96
2024-03-08,S11,Staples & Grains,19962.980000000003
2024-03-08,S11,Stationery & General,2292.7
2024-03-08,S12,Baby Care,23308.839999999997
2024-03-08,S12,Bakery,2706.5800000000004
2024-03-08,S12,Beverages,9900.12
2024-03-08,S12,Bill-level adjustments,-927.89
2024-03-08,S12,Biscuits & Snacks,1062.32
2024-03-08,S12,Confectionery,6601.6
2024-03-08,S12,Dairy,8377.899999999998
2024-03-08,S12,Edible Oils,14289.460000000001
2024-03-08,S12,Frozen & Ready to Eat,11148.949999999999
2024-03-08,S12,Fruits & Vegetables,5449.570000000001
2024-03-08,S12,Home Care,8918.68
2024-03-08,S12,Personal Care,12875.800000000003
2024-03-08,S12,Spices & Masala,3415.51
2024-03-08,S12,Staples & Grains,11983.88
2024-03-08,S12,Stationery & General,11006.489999999998
2024-03-09,S01,Baby Care,29345.170000000006
2024-03-09,S01,Bakery,4146.78
2024-03-09,S01,Beverages,8027.869999999999
2024-03-09,S01,Bill-level adjustments,-3027.8400000000006
2024-03-09,S01,Biscuits & Snacks,3146.8300000000004
2024-03-09,S01,Confectionery,5351.129999999998
2024-03-09,S01,Dairy,12063.009999999998
2024-03-09,S01,Edible Oils,36379.57
2024-03-09,S01,Frozen & Ready to Eat,8930.14
2024-03-09,S01,Fruits & Vegetables,8334.109999999999
2024-03-09,S01,Home Care,12868.56
2024-03-09,S01,Personal Care,18244.129999999997
2024-03-09,S01,Spices & Masala,10621.590000000002
2024-03-09,S01,Staples & Grains,28644.58
2024-03-09,S01,Stationery & General,11386.740000000002
2024-03-09,S02,Baby Care,25667.67
2024-03-09,S02,Bakery,3443.0099999999998
2024-03-09,S02,Beverages,13273.599999999999
2024-03-09,S02,Bill-level adjustments,-3049.8100000000004
2024-03-09,S02,Biscuits & Snacks,1925.6799999999998
2024-03-09,S02,Confectionery,2529.4299999999994
2024-03-09,S02,Dairy,15433.130000000001
2024-03-09,S02,Edible Oils,31941.419999999995
2024-03-09,S02,Frozen & Ready to Eat,6654.279999999999
2024-03-09,S02,Fruits & Vegetables,4219.54
2024-03-09,S02,Home Care,6491.94
2024-03-09,S02,Personal Care,12921.54
2024-03-09,S02,Spices & Masala,6496.08
2024-03-09,S02,Staples & Grains,29969.65
2024-03-09,S02,Stationery & General,4758.54
2024-03-09,S03,Baby Care,65056.4
2024-03-09,S03,Bakery,7488.5099999999975
2024-03-09,S03,Beverages,9049.3
2024-03-09,S03,Bill-level adjustments,-3872.59
2024-03-09,S03,Biscuits & Snacks,2450.9200000000005
2024-03-09,S03,Confectionery,12138.660000000002
2024-03-09,S03,Dairy,19841.06
2024-03-09,S03,Edible Oils,55358.44
2024-03-09,S03,Frozen & Ready to Eat,11176.01
2024-03-09,S03,Fruits & Vegetables,9069.949999999997
2024-03-09,S03,Home Care,15746.34
2024-03-09,S03,Personal Care,26028.460000000006
2024-03-09,S03,Spices & Masala,4666.01
2024-03-09,S03,Staples & Grains,54281.15
2024-03-09,S03,Stationery & General,8472.15
2024-03-09,S04,Baby Care,13044.97
2024-03-09,S04,Bakery,2788.54
2024-03-09,S04,Beverages,2026.9700000000005
2024-03-09,S04,Bill-level adjustments,-1652.1100000000001
2024-03-09,S04,Biscuits & Snacks,1294.2
2024-03-09,S04,Confectionery,2923.7300000000005
2024-03-09,S04,Dairy,10628.4
2024-03-09,S04,Edible Oils,30496.23
2024-03-09,S04,Frozen & Ready to Eat,4707.35
2024-03-09,S04,Fruits & Vegetables,4198.949999999999
2024-03-09,S04,Home Care,3619.16
2024-03-09,S04,Personal Care,10150.009999999998
2024-03-09,S04,Spices & Masala,6629.73
2024-03-09,S04,Staples & Grains,36814.68
2024-03-09,S04,Stationery & General,3573.52
2024-03-09,S05,Baby Care,18177.210000000003
2024-03-09,S05,Bakery,2458.8599999999997
2024-03-09,S05,Beverages,5369.16
2024-03-09,S05,Bill-level adjustments,-216.42000000000002
2024-03-09,S05,Biscuits & Snacks,1295.92
2024-03-09,S05,Confectionery,2203.1
2024-03-09,S05,Dairy,1758.71
2024-03-09,S05,Edible Oils,11677.39
2024-03-09,S05,Frozen & Ready to Eat,4033.84
2024-03-09,S05,Fruits & Vegetables,1661.0700000000002
2024-03-09,S05,Home Care,1236.19
2024-03-09,S05,Personal Care,4811.5
2024-03-09,S05,Spices & Masala,2789.71
2024-03-09,S05,Staples & Grains,13070.42
2024-03-09,S05,Stationery & General,5617.88
2024-03-09,S06,Baby Care,49393.72
2024-03-09,S06,Bakery,6324.15
2024-03-09,S06,Beverages,8964.970000000001
2024-03-09,S06,Bill-level adjustments,-269.5
2024-03-09,S06,Biscuits & Snacks,3492.6999999999994
2024-03-09,S06,Confectionery,6422.69
2024-03-09,S06,Dairy,11651.480000000003
2024-03-09,S06,Edible Oils,26172.120000000003
2024-03-09,S06,Frozen & Ready to Eat,14519.890000000001
2024-03-09,S06,Fruits & Vegetables,2500.3199999999997
2024-03-09,S06,Home Care,16197.330000000002
2024-03-09,S06,Personal Care,7170.16
2024-03-09,S06,Spices & Masala,11153.970000000003
2024-03-09,S06,Staples & Grains,33332.060000000005
2024-03-09,S06,Stationery & General,4417.16
2024-03-09,S07,Baby Care,8868.83
2024-03-09,S07,Bakery,3441.100000000001
2024-03-09,S07,Beverages,4050.1799999999994
2024-03-09,S07,Bill-level adjustments,-577.01
2024-03-09,S07,Biscuits & Snacks,1062.8899999999999
2024-03-09,S07,Confectionery,3245.54
2024-03-09,S07,Dairy,9306.9
2024-03-09,S07,Edible Oils,12752.92
2024-03-09,S07,Frozen & Ready to Eat,4647.570000000001
2024-03-09,S07,Fruits & Vegetables,3368.91
2024-03-09,S07,Home Care,5669.530000000001
2024-03-09,S07,Personal Care,8446.800000000001
2024-03-09,S07,Spices & Masala,1947.6000000000001
2024-03-09,S07,Staples & Grains,23333.98
2024-03-09,S07,Stationery & General,9549.710000000001
2024-03-09,S08,Baby Care,36890.810000000005
2024-03-09,S08,Bakery,3370.41
2024-03-09,S08,Beverages,6750.03
2024-03-09,S08,Bill-level adjustments,-817.6700000000001
2024-03-09,S08,Biscuits & Snacks,2413.2400000000007
2024-03-09,S08,Confectionery,3962.4300000000003
2024-03-09,S08,Dairy,10325.800000000001
2024-03-09,S08,Edible Oils,21146.260000000002
2024-03-09,S08,Frozen & Ready to Eat,8127.62
2024-03-09,S08,Fruits & Vegetables,4657.19
2024-03-09,S08,Home Care,9908.56
2024-03-09,S08,Personal Care,11766.51
2024-03-09,S08,Spices & Masala,6864.469999999999
2024-03-09,S08,Staples & Grains,18262.229999999996
2024-03-09,S08,Stationery & General,4606.109999999999
2024-03-09,S09,Baby Care,14903.020000000002
2024-03-09,S09,Bakery,1651.88
2024-03-09,S09,Beverages,1447.47
2024-03-09,S09,Bill-level adjustments,-492.27
2024-03-09,S09,Biscuits & Snacks,1138.26
2024-03-09,S09,Confectionery,3048.2900000000004
2024-03-09,S09,Dairy,7435.210000000001
2024-03-09,S09,Edible Oils,10129.039999999999
2024-03-09,S09,Frozen & Ready to Eat,6312.71
2024-03-09,S09,Fruits & Vegetables,3103.5000000000005
2024-03-09,S09,Home Care,980.78
2024-03-09,S09,Personal Care,3264.3199999999997
2024-03-09,S09,Spices & Masala,3762.39
2024-03-09,S09,Staples & Grains,7439.89
2024-03-09,S09,Stationery & General,5094.99
2024-03-09,S10,Baby Care,31858.880000000005
2024-03-09,S10,Bakery,2446.6200000000003
2024-03-09,S10,Beverages,7192.929999999999
2024-03-09,S10,Bill-level adjustments,-1396.6799999999998
2024-03-09,S10,Biscuits & Snacks,3003.48
2024-03-09,S10,Confectionery,5454.159999999999
2024-03-09,S10,Dairy,7089.89
2024-03-09,S10,Edible Oils,25351.78
2024-03-09,S10,Frozen & Ready to Eat,8340.649999999998
2024-03-09,S10,Fruits & Vegetables,4197.18
2024-03-09,S10,Home Care,7882.43
2024-03-09,S10,Personal Care,11996.769999999999
2024-03-09,S10,Spices & Masala,5431.119999999999
2024-03-09,S10,Staples & Grains,22634.88000000001
2024-03-09,S10,Stationery & General,8609.65
2024-03-09,S11,Baby Care,14562.79
2024-03-09,S11,Bakery,1369.92
2024-03-09,S11,Beverages,7007.28
2024-03-09,S11,Bill-level adjustments,-702.15
2024-03-09,S11,Biscuits & Snacks,2672.3300000000004
2024-03-09,S11,Confectionery,4631.43
2024-03-09,S11,Dairy,2981.54
2024-03-09,S11,Edible Oils,29274.660000000003
2024-03-09,S11,Frozen & Ready to Eat,3996.5099999999998
2024-03-09,S11,Fruits & Vegetables,1317.6
2024-03-09,S11,Home Care,6280.520000000001
2024-03-09,S11,Personal Care,3667.32
2024-03-09,S11,Spices & Masala,3026.8799999999997
2024-03-09,S11,Staples & Grains,24781.86
2024-03-09,S11,Stationery & General,8398.589999999998
2024-03-09,S12,Baby Care,27706.93
2024-03-09,S12,Bakery,3156.7
2024-03-09,S12,Beverages,7101.719999999998
2024-03-09,S12,Bill-level adjustments,-835.3
2024-03-09,S12,Biscuits & Snacks,2095.4000000000005
2024-03-09,S12,Confectionery,2103.23
2024-03-09,S12,Dairy,8692.449999999999
2024-03-09,S12,Edible Oils,23615.72
2024-03-09,S12,Frozen & Ready to Eat,8738.130000000001
2024-03-09,S12,Fruits & Vegetables,2780.14
2024-03-09,S12,Home Care,6091.829999999999
2024-03-09,S12,Personal Care,13730.58
2024-03-09,S12,Spices & Masala,9360.220000000001
2024-03-09,S12,Staples & Grains,34202.840000000004
2024-03-09,S12,Stationery & General,4955.8099999999995
2024-03-10,S01,Baby Care,22022.38
2024-03-10,S01,Bakery,5332.210000000001
2024-03-10,S01,Beverages,6280.6399999999985
2024-03-10,S01,Bill-level adjustments,-541.86
2024-03-10,S01,Biscuits & Snacks,1500.15
2024-03-10,S01,Confectionery,4548.83
2024-03-10,S01,Dairy,7741.9
2024-03-10,S01,Edible Oils,36911.84
2024-03-10,S01,Frozen & Ready to Eat,13147.209999999997
2024-03-10,S01,Fruits & Vegetables,2397.94
2024-03-10,S01,Home Care,14039.689999999999
2024-03-10,S01,Personal Care,9840.119999999999
2024-03-10,S01,Spices & Masala,5139.46
2024-03-10,S01,Staples & Grains,39135.520000000004
2024-03-10,S01,Stationery & General,7832.19
2024-03-10,S02,Baby Care,39259.92
2024-03-10,S02,Bakery,5095.4800000000005
2024-03-10,S02,Beverages,4897.209999999999
2024-03-10,S02,Bill-level adjustments,-1121.4099999999999
2024-03-10,S02,Biscuits & Snacks,2441.9300000000003
2024-03-10,S02,Confectionery,4849.31
2024-03-10,S02,Dairy,11965.09
2024-03-10,S02,Edible Oils,18616.24
2024-03-10,S02,Frozen & Ready to Eat,7835.339999999999
2024-03-10,S02,Fruits & Vegetables,3460.7699999999995
2024-03-10,S02,Home Care,5026.47
2024-03-10,S02,Personal Care,1775.5
2024-03-10,S02,Spices & Masala,3750.0300000000007
2024-03-10,S02,Staples & Grains,31749.250000000007
2024-03-10,S02,Stationery & General,7974.08
2024-03-10,S03,Baby Care,41308.05
2024-03-10,S03,Bakery,7699.289999999998
2024-03-10,S03,Beverages,8658.84
2024-03-10,S03,Bill-level adjustments,-2515.2200000000003
2024-03-10,S03,Biscuits & Snacks,3243.98
2024-03-10,S03,Confectionery,7182.23
2024-03-10,S03,Dairy,12803.960000000001
2024-03-10,S03,Edible Oils,23347.570000000003
2024-03-10,S03,Frozen & Ready to Eat,6334.639999999999
2024-03-10,S03,Fruits & Vegetables,5154.5
2024-03-10,S03,Home Care,13041.169999999998
2024-03-10,S03,Personal Care,16099.380000000001
2024-03-10,S03,Spices & Masala,4998.629999999999
2024-03-10,S03,Staples & Grains,45555.92
2024-03-10,S03,Stationery & General,11962.949999999999
2024-03-10,S04,Baby Care,23537.39
2024-03-10,S04,Bakery,1858.9499999999998
2024-03-10,S04,Beverages,11233.630000000001
2024-03-10,S04,Bill-level adjustments,-1720.6599999999999
2024-03-10,S04,Biscuits & Snacks,933.48
2024-03-10,S04,Confectionery,2558.25
2024-03-10,S04,Dairy,8754.230000000001
2024-03-10,S04,Edible Oils,23344.28
2024-03-10,S04,Frozen & Ready to Eat,8797.68
2024-03-10,S04,Fruits & Vegetables,4067.7200000000003
2024-03-10,S04,Home Care,8505.769999999999
2024-03-10,S04,Personal Care,9373.82
2024-03-10,S04,Spices & Masala,6477.76
2024-03-10,S04,Staples & Grains,14284.570000000002
2024-03-10,S04,Stationery & General,8484.7
2024-03-10,S05,Baby Care,14618.060000000001
2024-03-10,S05,Bakery,1053.3600000000001
2024-03-10,S05,Beverages,6913.7300000000005
2024-03-10,S05,Bill-level adjustments,-737.49
2024-03-10,S05,Biscuits & Snacks,1515.6899999999998
2024-03-10,S05,Confectionery,3231.9300000000003
2024-03-10,S05,Dairy,3890.87
2024-03-10,S05,Edible Oils,11526.29
2024-03-10,S05,Frozen & Ready to Eat,5207.240000000001
2024-03-10,S05,Fruits & Vegetables,3053.7599999999998
2024-03-10,S05,Home Care,12637.71
2024-03-10,S05,Personal Care,8801.599999999999
2024-03-10,S05,Spices & Masala,3384.37
2024-03-10,S05,Staples & Grains,13325.5
2024-03-10,S05,Stationery & General,5057.69
2024-03-10,S06,Baby Care,22483.949999999997
2024-03-10,S06,Bakery,2013.17
2024-03-10,S06,Beverages,7650.049999999999
2024-03-10,S06,Bill-level adjustments,-746.92
2024-03-10,S06,Biscuits & Snacks,1026.8300000000002
2024-03-10,S06,Confectionery,4518.220000000001
2024-03-10,S06,Dairy,9809.68
2024-03-10,S06,Edible Oils,15034.309999999998
2024-03-10,S06,Frozen & Ready to Eat,7324.969999999999
2024-03-10,S06,Fruits & Vegetables,4736.950000000001
2024-03-10,S06,Home Care,4274.5599999999995
2024-03-10,S06,Personal Care,8106.48
2024-03-10,S06,Spices & Masala,8528.91
2024-03-10,S06,Staples & Grains,25975.5
2024-03-10,S06,Stationery & General,7518.589999999998
2024-03-10,S07,Baby Care,10696.09
2024-03-10,S07,Bakery,3063.38
2024-03-10,S07,Beverages,4425.93
2024-03-10,S07,Bill-level adjustments,-1151.6299999999999
2024-03-10,S07,Biscuits & Snacks,1107.1200000000001
2024-03-10,S07,Confectionery,1448.68
2024-03-10,S07,Dairy,5470.589999999998
2024-03-10,S07,Edible Oils,17979.219999999998
2024-03-10,S07,Frozen & Ready to Eat,3662.1400000000003
2024-03-10,S07,Fruits & Vegetables,845.25
2024-03-10,S07,Home Care,2417.04
2024-03-10,S07,Personal Care,3568.2299999999996
2024-03-10,S07,Spices & Masala,1687.8799999999999
2024-03-10,S07,Staples & Grains,27548.61
2024-03-10,S07,Stationery & General,4407.5
2024-03-10,S08,Baby Care,20035.480000000003
2024-03-10,S08,Bakery,3009.4099999999994
2024-03-10,S08,Beverages,1967.77
2024-03-10,S08,Bill-level adjustments,-926.9100000000001
2024-03-10,S08,Biscuits & Snacks,2614.93
2024-03-10,S08,Confectionery,3736.19
2024-03-10,S08,Dairy,9565.679999999998
2024-03-10,S08,Edible Oils,15795.499999999998
2024-03-10,S08,Frozen & Ready to Eat,8515.11
2024-03-10,S08,Fruits & Vegetables,2943.94
2024-03-10,S08,Home Care,3288.14
2024-03-10,S08,Personal Care,9686.87
2024-03-10,S08,Spices & Masala,6779.26
2024-03-10,S08,Staples & Grains,8553.46
2024-03-10,S08,Stationery & General,6055.1
2024-03-10,S09,Baby Care,23299.99
2024-03-10,S09,Bakery,1944.3300000000002
2024-03-10,S09,Beverages,6531.3099999999995
2024-03-10,S09,Bill-level adjustments,-355.98
2024-03-10,S09,Biscuits & Snacks,2465.2299999999996
2024-03-10,S09,Confectionery,1212.44
2024-03-10,S09,Dairy,13160.100000000002
2024-03-10,S09,Edible Oils,19846.52
2024-03-10,S09,Frozen & Ready to Eat,5612.669999999999
2024-03-10,S09,Fruits & Vegetables,3882.0399999999995
2024-03-10,S09,Home Care,5335.68
2024-03-10,S09,Personal Care,7191.5
2024-03-10,S09,Spices & Masala,4330.59
2024-03-10,S09,Staples & Grains,19072.47
2024-03-10,S09,Stationery & General,5984.69
2024-03-10,S10,Baby Care,43624.14000000001
2024-03-10,S10,Bakery,4629.79
2024-03-10,S10,Beverages,8473.33
2024-03-10,S10,Bill-level adjustments,-1881.0800000000002
2024-03-10,S10,Biscuits & Snacks,4074.8400000000006
2024-03-10,S10,Confectionery,4861.330000000001
2024-03-10,S10,Dairy,11629.439999999999
2024-03-10,S10,Edible Oils,38782.4
2024-03-10,S10,Frozen & Ready to Eat,15226.77
2024-03-10,S10,Fruits & Vegetables,7515.549999999997
2024-03-10,S10,Home Care,9752.630000000001
2024-03-10,S10,Personal Care,15348.99
2024-03-10,S10,Spices & Masala,5949.919999999999
2024-03-10,S10,Staples & Grains,29369.09
2024-03-10,S10,Stationery & General,8724.050000000001
2024-03-10,S11,Baby Care,18398.97
2024-03-10,S11,Bakery,2754.33
2024-03-10,S11,Beverages,7652.699999999999
2024-03-10,S11,Bill-level adjustments,-1357.6
2024-03-10,S11,Biscuits & Snacks,862.0
2024-03-10,S11,Confectionery,3941.9
2024-03-10,S11,Dairy,5703.83
2024-03-10,S11,Edible Oils,10379.64
2024-03-10,S11,Frozen & Ready to Eat,9284.84
2024-03-10,S11,Fruits & Vegetables,3328.13
2024-03-10,S11,Home Care,8080.379999999999
2024-03-10,S11,Personal Care,11896.05
2024-03-10,S11,Spices & Masala,3641.9500000000003
2024-03-10,S11,Staples & Grains,45137.020000000004
2024-03-10,S11,Stationery & General,4250.46
2024-03-10,S12,Baby Care,27205.899999999998
2024-03-10,S12,Bakery,3258.51
2024-03-10,S12,Beverages,7494.57
2024-03-10,S12,Bill-level adjustments,-1908.05
2024-03-10,S12,Biscuits & Snacks,2551.7499999999995
2024-03-10,S12,Confectionery,3615.3099999999995
2024-03-10,S12,Dairy,6205.1900000000005
2024-03-10,S12,Edible Oils,23428.020000000004
2024-03-10,S12,Frozen & Ready to Eat,2224.17
2024-03-10,S12,Fruits & Vegetables,1679.1899999999998
2024-03-10,S12,Home Care,8073.17
2024-03-10,S12,Personal Care,6781.929999999999
2024-03-10,S12,Spices & Masala,2864.5799999999995
2024-03-10,S12,Staples & Grains,33993.79
2024-03-10,S12,Stationery & General,8169.3
2024-03-11,S01,Baby Care,21489.95
2024-03-11,S01,Bakery,2045.12
2024-03-11,S01,Beverages,5224.73
2024-03-11,S01,Bill-level adjustments,-881.1999999999999
2024-03-11,S01,Biscuits & Snacks,1612.71
2024-03-11,S01,Confectionery,2525.56
2024-03-11,S01,Dairy,8688.74
2024-03-11,S01,Edible Oils,14449.48
2024-03-11,S01,Frozen & Ready to Eat,8626.42
2024-03-11,S01,Fruits & Vegetables,3061.01
2024-03-11,S01,Home Care,2018.0299999999997
2024-03-11,S01,Personal Care,4992.469999999999
2024-03-11,S01,Spices & Masala,5983.240000000001
2024-03-11,S01,Staples & Grains,31532.8
2024-03-11,S01,Stationery & General,6404.83
2024-03-11,S02,Baby Care,5791.41
2024-03-11,S02,Bakery,2347.28
2024-03-11,S02,Beverages,3302.44
2024-03-11,S02,Bill-level adjustments,-568.23
2024-03-11,S02,Biscuits & Snacks,608.48
2024-03-11,S02,Confectionery,919.0600000000001
2024-03-11,S02,Dairy,5850.93
2024-03-11,S02,Edible Oils,3607.0699999999997
2024-03-11,S02,Frozen & Ready to Eat,3363.59
2024-03-11,S02,Fruits & Vegetables,2065.17
2024-03-11,S02,Home Care,3058.62
2024-03-11,S02,Personal Care,4969.36
2024-03-11,S02,Spices & Masala,1076.82
2024-03-11,S02,Staples & Grains,11391.110000000002
2024-03-11,S02,Stationery & General,5018.37
2024-03-11,S03,Baby Care,25951.180000000004
2024-03-11,S03,Bakery,3836.6199999999994
2024-03-11,S03,Beverages,6590.27
2024-03-11,S03,Bill-level adjustments,-2490.29
2024-03-11,S03,Biscuits & Snacks,2468.6
2024-03-11,S03,Confectionery,4658.47
2024-03-11,S03,Dairy,15444.54
2024-03-11,S03,Edible Oils,15047.339999999998
2024-03-11,S03,Frozen & Ready to Eat,5723.08
2024-03-11,S03,Fruits & Vegetables,1987.74
2024-03-11,S03,Home Care,8855.239999999998
2024-03-11,S03,Personal Care,16470.49
2024-03-11,S03,Spices & Masala,5294.0
2024-03-11,S03,Staples & Grains,19357.5
2024-03-11,S03,Stationery & General,6459.34
2024-03-11,S04,Baby Care,16164.080000000002
2024-03-11,S04,Bakery,3923.2100000000005
2024-03-11,S04,Beverages,5308.950000000001
2024-03-11,S04,Bill-level adjustments,-868.8299999999999
2024-03-11,S04,Biscuits & Snacks,1398.4000000000003
2024-03-11,S04,Confectionery,2172.3100000000004
2024-03-11,S04,Dairy,8055.389999999999
2024-03-11,S04,Edible Oils,17501.87
2024-03-11,S04,Frozen & Ready to Eat,7155.399999999999
2024-03-11,S04,Fruits & Vegetables,4155.299999999999
2024-03-11,S04,Home Care,4531.22
2024-03-11,S04,Personal Care,11811.32
2024-03-11,S04,Spices & Masala,4027.56
2024-03-11,S04,Staples & Grains,14195.03
2024-03-11,S04,Stationery & General,6094.829999999999
2024-03-11,S05,Baby Care,8902.390000000001
2024-03-11,S05,Bakery,293.03000000000003
2024-03-11,S05,Beverages,3942.22
2024-03-11,S05,Bill-level adjustments,-844.04
2024-03-11,S05,Biscuits & Snacks,703.58
2024-03-11,S05,Confectionery,2042.6599999999999
2024-03-11,S05,Dairy,2475.0
2024-03-11,S05,Edible Oils,2459.7700000000004
2024-03-11,S05,Frozen & Ready to Eat,1112.41
2024-03-11,S05,Fruits & Vegetables,576.27
2024-03-11,S05,Home Care,2839.0199999999995
2024-03-11,S05,Personal Care,210.17
2024-03-11,S05,Spices & Masala,436.63
2024-03-11,S05,Staples & Grains,3054.2
2024-03-11,S05,Stationery & General,4726.71
2024-03-11,S06,Baby Care,7846.5
2024-03-11,S06,Bakery,3803.21
2024-03-11,S06,Beverages,3146.6099999999997
2024-03-11,S06,Bill-level adjustments,-1892.8600000000001
2024-03-11,S06,Biscuits & Snacks,1396.3199999999997
2024-03-11,S06,Confectionery,2461.7599999999998
2024-03-11,S06,Dairy,9149.900000000001
2024-03-11,S06,Edible Oils,32358.790000000005
2024-03-11,S06,Frozen & Ready to Eat,7765.45
2024-03-11,S06,Fruits & Vegetables,4438.84
2024-03-11,S06,Home Care,4840.85
2024-03-11,S06,Personal Care,4974.37
2024-03-11,S06,Spices & Masala,6136.7
2024-03-11,S06,Staples & Grains,26704.55
2024-03-11,S06,Stationery & General,1808.73
2024-03-11,S07,Baby Care,17386.1
2024-03-11,S07,Bakery,1752.25
2024-03-11,S07,Beverages,2939.52
2024-03-11,S07,Bill-level adjustments,-1589.9499999999998
2024-03-11,S07,Biscuits & Snacks,1084.78
2024-03-11,S07,Confectionery,2997.8500000000004
2024-03-11,S07,Dairy,5649.68
2024-03-11,S07,Edible Oils,3399.37
2024-03-11,S07,Frozen & Ready to Eat,7812.57
2024-03-11,S07,Fruits & Vegetables,1976.43
2024-03-11,S07,Home Care,4759.99
2024-03-11,S07,Personal Care,6001.629999999999
2024-03-11,S07,Spices & Masala,1832.45
2024-03-11,S07,Staples & Grains,13261.930000000002
2024-03-11,S07,Stationery & General,3688.7000000000007
2024-03-11,S08,Baby Care,10646.93
2024-03-11,S08,Bakery,1932.8600000000001
2024-03-11,S08,Beverages,3875.89
2024-03-11,S08,Bill-level adjustments,-1024.95
2024-03-11,S08,Biscuits & Snacks,1452.28
2024-03-11,S08,Confectionery,1110.71
2024-03-11,S08,Dairy,11746.69
2024-03-11,S08,Edible Oils,7205.74
2024-03-11,S08,Frozen & Ready to Eat,3364.9400000000005
2024-03-11,S08,Fruits & Vegetables,2414.37
2024-03-11,S08,Home Care,2179.68
2024-03-11,S08,Personal Care,6748.099999999999
2024-03-11,S08,Spices & Masala,2618.52
2024-03-11,S08,Staples & Grains,14518.97
2024-03-11,S08,Stationery & General,2275.4399999999996
2024-03-11,S09,Baby Care,6003.860000000001
2024-03-11,S09,Bakery,812.4299999999998
2024-03-11,S09,Beverages,897.67
2024-03-11,S09,Bill-level adjustments,-86.53
2024-03-11,S09,Biscuits & Snacks,517.73
2024-03-11,S09,Confectionery,2942.41
2024-03-11,S09,Dairy,2904.6800000000003
2024-03-11,S09,Edible Oils,3949.46
2024-03-11,S09,Frozen & Ready to Eat,1496.73
2024-03-11,S09,Fruits & Vegetables,1382.35
2024-03-11,S09,Home Care,0.0
2024-03-11,S09,Personal Care,4832.25
2024-03-11,S09,Spices & Masala,1891.6699999999998
2024-03-11,S09,Staples & Grains,11616.58
2024-03-11,S09,Stationery & General,1298.04
2024-03-11,S10,Baby Care,14188.4
2024-03-11,S10,Bakery,4250.17
2024-03-11,S10,Beverages,5824.68
2024-03-11,S10,Bill-level adjustments,-849.96
2024-03-11,S10,Biscuits & Snacks,1675.19
2024-03-11,S10,Confectionery,2274.17
2024-03-11,S10,Dairy,4069.4899999999993
2024-03-11,S10,Edible Oils,8118.339999999998
2024-03-11,S10,Frozen & Ready to Eat,10499.84
2024-03-11,S10,Fruits & Vegetables,5130.67
2024-03-11,S10,Home Care,4011.3999999999996
2024-03-11,S10,Personal Care,5171.29
2024-03-11,S10,Spices & Masala,6928.67
2024-03-11,S10,Staples & Grains,21308.89
2024-03-11,S10,Stationery & General,3554.25
2024-03-11,S11,Baby Care,4720.46
2024-03-11,S11,Bakery,875.36
2024-03-11,S11,Beverages,2793.39
2024-03-11,S11,Bill-level adjustments,-446.82
2024-03-11,S11,Biscuits & Snacks,587.6
2024-03-11,S11,Confectionery,1120.4
2024-03-11,S11,Dairy,2368.46
2024-03-11,S11,Edible Oils,5002.67
2024-03-11,S11,Frozen & Ready to Eat,1918.5
2024-03-11,S11,Fruits & Vegetables,504.57000000000005
2024-03-11,S11,Home Care,2233.0299999999997
2024-03-11,S11,Personal Care,2791.58
2024-03-11,S11,Spices & Masala,1232.36
2024-03-11,S11,Staples & Grains,4406.09
2024-03-11,S11,Stationery & General,1085.3899999999999
2024-03-11,S12,Baby Care,8441.41
2024-03-11,S12,Bakery,2378.3300000000004
2024-03-11,S12,Beverages,6125.56
2024-03-11,S12,Bill-level adjustments,-73.3
2024-03-11,S12,Biscuits & Snacks,1350.9500000000003
2024-03-11,S12,Confectionery,2174.7499999999995
2024-03-11,S12,Dairy,4682.88
2024-03-11,S12,Edible Oils,10445.539999999999
2024-03-11,S12,Frozen & Ready to Eat,7038.629999999999
2024-03-11,S12,Fruits & Vegetables,1854.1300000000003
2024-03-11,S12,Home Care,9541.76
2024-03-11,S12,Personal Care,7777.34
2024-03-11,S12,Spices & Masala,4967.049999999999
2024-03-11,S12,Staples & Grains,31459.34999999999
2024-03-11,S12,Stationery & General,3750.4
2024-03-12,S01,Baby Care,23842.35
2024-03-12,S01,Bakery,2188.82
2024-03-12,S01,Beverages,6100.01
2024-03-12,S01,Bill-level adjustments,-1327.7099999999998
2024-03-12,S01,Biscuits & Snacks,1909.6700000000003
2024-03-12,S01,Confectionery,3392.6899999999996
2024-03-12,S01,Dairy,10899.209999999997
2024-03-12,S01,Edible Oils,20885.99
2024-03-12,S01,Frozen & Ready to Eat,7300.029999999999
2024-03-12,S01,Fruits & Vegetables,3000.02
2024-03-12,S01,Home Care,8111.19
2024-03-12,S01,Personal Care,7143.89
2024-03-12,S01,Spices & Masala,4206.07
2024-03-12,S01,Staples & Grains,17567.170000000002
2024-03-12,S01,Stationery & General,6273.71
2024-03-12,S02,Baby Care,19942.000000000004
2024-03-12,S02,Bakery,1697.46
2024-03-12,S02,Beverages,2011.7299999999998
2024-03-12,S02,Bill-level adjustments,-388.03
2024-03-12,S02,Biscuits & Snacks,434.57
2024-03-12,S02,Confectionery,3482.560000000001
2024-03-12,S02,Dairy,2787.76
2024-03-12,S02,Edible Oils,12238.98
2024-03-12,S02,Frozen & Ready to Eat,6084.86
2024-03-12,S02,Fruits & Vegetables,1275.73
2024-03-12,S02,Home Care,3614.1000000000004
2024-03-12,S02,Personal Care,4825.780000000001
2024-03-12,S02,Spices & Masala,1405.0700000000002
2024-03-12,S02,Staples & Grains,23357.56
2024-03-12,S02,Stationery & General,3890.71
2024-03-12,S03,Baby Care,27761.85
2024-03-12,S03,Bakery,2734.07
2024-03-12,S03,Beverages,8168.750000000001
2024-03-12,S03,Bill-level adjustments,-1098.31
2024-03-12,S03,Biscuits & Snacks,1066.95
2024-03-12,S03,Confectionery,5369.15
2024-03-12,S03,Dairy,12328.569999999998
2024-03-12,S03,Edible Oils,19905.539999999997
2024-03-12,S03,Frozen & Ready to Eat,7048.89
2024-03-12,S03,Fruits & Vegetables,2370.86
2024-03-12,S03,Home Care,9767.189999999999
2024-03-12,S03,Personal Care,7572.49
2024-03-12,S03,Spices & Masala,5105.4400000000005
2024-03-12,S03,Staples & Grains,16611.890000000003
2024-03-12,S03,Stationery & General,5185.14
2024-03-12,S04,Baby Care,1385.38
2024-03-12,S04,Bakery,1615.0900000000001
2024-03-12,S04,Beverages,1748.44
2024-03-12,S04,Bill-level adjustments,-101.98
2024-03-12,S04,Biscuits & Snacks,719.5799999999999
2024-03-12,S04,Confectionery,2083.65
2024-03-12,S04,Dairy,3566.37
2024-03-12,S04,Edible Oils,5603.37
2024-03-12,S04,Frozen & Ready to Eat,1342.4499999999998
2024-03-12,S04,Fruits & Vegetables,1962.6799999999998
2024-03-12,S04,Home Care,5291.03
2024-03-12,S04,Personal Care,3156.38
2024-03-12,S04,Spices & Masala,-313.7499999999999
2024-03-12,S04,Staples & Grains,8283.93
2024-03-12,S04,Stationery & General,1089.69
2024-03-12,S05,Baby Care,4229.49
2024-03-12,S05,Bakery,1050.0200000000002
2024-03-12,S05,Beverages,2595.6099999999997
2024-03-12,S05,Bill-level adjustments,-126.78
2024-03-12,S05,Biscuits & Snacks,454.19999999999993
2024-03-12,S05,Confectionery,1544.71
2024-03-12,S05,Dairy,7376.490000000001
2024-03-12,S05,Edible Oils,9712.57
2024-03-12,S05,Frozen & Ready to Eat,147.9
2024-03-12,S05,Fruits & Vegetables,2356.45
2024-03-12,S05,Home Care,1910.1399999999999
2024-03-12,S05,Personal Care,5208.9800000000005
2024-03-12,S05,Spices & Masala,1140.74
2024-03-12,S05,Staples & Grains,10675.54
2024-03-12,S05,Stationery & General,1473.08
2024-03-12,S06,Baby Care,9264.32
2024-03-12,S06,Bakery,962.3199999999999
2024-03-12,S06,Beverages,6832.49
2024-03-12,S06,Bill-level adjustments,-973.3
2024-03-12,S06,Biscuits & Snacks,1335.0300000000002
2024-03-12,S06,Confectionery,3937.3500000000004
2024-03-12,S06,Dairy,10319.0
2024-03-12,S06,Edible Oils,20130.739999999998
2024-03-12,S06,Frozen & Ready to Eat,4924.32
2024-03-12,S06,Fruits & Vegetables,3876.7599999999993
2024-03-12,S06,Home Care,2050.8199999999997
2024-03-12,S06,Personal Care,5057.469999999999
2024-03-12,S06,Spices & Masala,2293.27
2024-03-12,S06,Staples & Grains,28155.57
2024-03-12,S06,Stationery & General,1507.12
2024-03-12,S07,Baby Care,5772.579999999999
2024-03-12,S07,Bakery,1342.3100000000002
2024-03-12,S07,Beverages,2610.62
2024-03-12,S07,Bill-level adjustments,-261.22
2024-03-12,S07,Biscuits & Snacks,723.5600000000001
2024-03-12,S07,Confectionery,1827.2
2024-03-12,S07,Dairy,4497.08
2024-03-12,S07,Edible Oils,5281.75
2024-03-12,S07,Frozen & Ready to Eat,3794.4699999999993
2024-03-12,S07,Fruits & Vegetables,556.94
2024-03-12,S07,Home Care,2231.33
2024-03-12,S07,Personal Care,1852.24
2024-03-12,S07,Spices & Masala,257.15
2024-03-12,S07,Staples & Grains,9710.46
2024-03-12,S07,Stationery & General,1804.2
2024-03-12,S08,Baby Care,17180.6
2024-03-12,S08,Bakery,1954.7400000000002
2024-03-12,S08,Beverages,4733.01
2024-03-12,S08,Bill-level adjustments,-1249.41
2024-03-12,S08,Biscuits & Snacks,1629.0899999999997
2024-03-12,S08,Confectionery,1207.53
2024-03-12,S08,Dairy,2976.13
2024-03-12,S08,Edible Oils,15968.71
2024-03-12,S08,Frozen & Ready to Eat,2581.48
2024-03-12,S08,Fruits & Vegetables,3184.3299999999995
2024-03-12,S08,Home Care,7348.42
2024-03-12,S08,Personal Care,3296.3799999999997
2024-03-12,S08,Spices & Masala,1384.83
2024-03-12,S08,Staples & Grains,12526.89
2024-03-12,S09,Baby Care,12099.22
2024-03-12,S09,Bakery,2262.86
2024-03-12,S09,Beverages,5240.0
2024-03-12,S09,Bill-level adjustments,-650.9300000000001
2024-03-12,S09,Biscuits & Snacks,884.3299999999999
2024-03-12,S09,Confectionery,2743.83
2024-03-12,S09,Dairy,6049.51
2024-03-12,S09,Edible Oils,3224.78
2024-03-12,S09,Frozen & Ready to Eat,5895.0
2024-03-12,S09,Fruits & Vegetables,2249.71
2024-03-12,S09,Home Care,951.1500000000001
2024-03-12,S09,Personal Care,2557.6099999999997
2024-03-12,S09,Spices & Masala,3277.61
2024-03-12,S09,Staples & Grains,9387.390000000001
2024-03-12,S09,Stationery & General,3027.6000000000004
2024-03-12,S10,Baby Care,18761.239999999998
2024-03-12,S10,Bakery,2380.83
2024-03-12,S10,Beverages,3705.32
2024-03-12,S10,Bill-level adjustments,-558.9499999999999
2024-03-12,S10,Biscuits & Snacks,2398.1800000000003
2024-03-12,S10,Confectionery,2876.38
2024-03-12,S10,Dairy,9016.03
2024-03-12,S10,Edible Oils,14417.63
2024-03-12,S10,Frozen & Ready to Eat,3929.8399999999992
2024-03-12,S10,Fruits & Vegetables,2752.2700000000004
2024-03-12,S10,Home Care,7551.87
2024-03-12,S10,Personal Care,7342.929999999999
2024-03-12,S10,Spices & Masala,2311.0099999999998
2024-03-12,S10,Staples & Grains,16504.47
2024-03-12,S10,Stationery & General,4255.380000000001
2024-03-12,S11,Baby Care,12673.14
2024-03-12,S11,Bakery,593.13
2024-03-12,S11,Beverages,3206.29
2024-03-12,S11,Bill-level adjustments,-1306.35
2024-03-12,S11,Biscuits & Snacks,837.4300000000001
2024-03-12,S11,Confectionery,3197.3
2024-03-12,S11,Dairy,3955.31
2024-03-12,S11,Edible Oils,4921.79
2024-03-12,S11,Frozen & Ready to Eat,2321.1099999999997
2024-03-12,S11,Fruits & Vegetables,784.8100000000001
2024-03-12,S11,Home Care,5760.32
2024-03-12,S11,Personal Care,2448.4700000000003
2024-03-12,S11,Spices & Masala,1533.1100000000001
2024-03-12,S11,Staples & Grains,14959.279999999999
2024-03-12,S11,Stationery & General,6325.11
2024-03-12,S12,Baby Care,24118.63
2024-03-12,S12,Bakery,1783.6299999999999
2024-03-12,S12,Beverages,4145.42
2024-03-12,S12,Bill-level adjustments,-1444.02
2024-03-12,S12,Biscuits & Snacks,1435.7300000000002
2024-03-12,S12,Confectionery,3783.51
2024-03-12,S12,Dairy,3175.3599999999997
2024-03-12,S12,Edible Oils,17924.15
2024-03-12,S12,Frozen & Ready to Eat,8246.869999999997
2024-03-12,S12,Fruits & Vegetables,2992.9100000000003
2024-03-12,S12,Home Care,7451.22
2024-03-12,S12,Personal Care,10318.949999999997
2024-03-12,S12,Spices & Masala,3136.5200000000004
2024-03-12,S12,Staples & Grains,16352.300000000001
2024-03-12,S12,Stationery & General,5164.05
2024-03-13,S01,Baby Care,24360.459999999995
2024-03-13,S01,Bakery,2876.8500000000004
2024-03-13,S01,Beverages,4336.65
2024-03-13,S01,Bill-level adjustments,0.0
2024-03-13,S01,Biscuits & Snacks,812.64
2024-03-13,S01,Confectionery,4386.7300000000005
2024-03-13,S01,Dairy,6909.760000000001
2024-03-13,S01,Edible Oils,19186.77
2024-03-13,S01,Frozen & Ready to Eat,5786.599999999999
2024-03-13,S01,Fruits & Vegetables,3250.1199999999994
2024-03-13,S01,Home Care,2516.8900000000003
2024-03-13,S01,Personal Care,12313.040000000003
2024-03-13,S01,Spices & Masala,1284.1000000000001
2024-03-13,S01,Staples & Grains,13677.240000000002
2024-03-13,S01,Stationery & General,3872.6099999999997
2024-03-13,S02,Baby Care,10807.87
2024-03-13,S02,Bakery,286.84999999999997
2024-03-13,S02,Beverages,4259.98
2024-03-13,S02,Bill-level adjustments,-345.09
2024-03-13,S02,Biscuits & Snacks,1880.16
2024-03-13,S02,Confectionery,3403.32
2024-03-13,S02,Dairy,7554.049999999999
2024-03-13,S02,Edible Oils,8732.93
2024-03-13,S02,Frozen & Ready to Eat,4354.79
2024-03-13,S02,Fruits & Vegetables,2420.0299999999997
2024-03-13,S02,Home Care,5617.76
2024-03-13,S02,Personal Care,5117.21
2024-03-13,S02,Spices & Masala,6557.42
2024-03-13,S02,Staples & Grains,19222.19
2024-03-13,S02,Stationery & General,2361.86
2024-03-13,S03,Baby Care,22724.03
2024-03-13,S03,Bakery,2851.5099999999998
2024-03-13,S03,Beverages,6639.469999999999
2024-03-13,S03,Bill-level adjustments,-1155.22
2024-03-13,S03,Biscuits & Snacks,1049.06
2024-03-13,S03,Confectionery,2645.69
2024-03-13,S03,Dairy,6549.389999999999
2024-03-13,S03,Edible Oils,14149.97
2024-03-13,S03,Frozen & Ready to Eat,5982.150000000001
2024-03-13,S03,Fruits & Vegetables,1700.11
2024-03-13,S03,Home Care,8670.14
2024-03-13,S03,Personal Care,2337.56
2024-03-13,S03,Spices & Masala,2615.83
2024-03-13,S03,Staples & Grains,15479.680000000002
2024-03-13,S03,Stationery & General,6115.98
2024-03-13,S04,Baby Care,14874.230000000001
2024-03-13,S04,Bakery,1332.7
2024-03-13,S04,Beverages,4887.7699999999995
2024-03-13,S04,Bill-level adjustments,-1151.45
2024-03-13,S04,Biscuits & Snacks,1086.71
2024-03-13,S04,Confectionery,2699.37
2024-03-13,S04,Dairy,8989.42
2024-03-13,S04,Edible Oils,19619.61
2024-03-13,S04,Frozen & Ready to Eat,5486.789999999998
2024-03-13,S04,Fruits & Vegetables,3149.2799999999997
2024-03-13,S04,Home Care,3832.4399999999996
2024-03-13,S04,Personal Care,10177.73
2024-03-13,S04,Spices & Masala,4887.28
2024-03-13,S04,Staples & Grains,19430.969999999998
2024-03-13,S04,Stationery & General,2202.97
2024-03-13,S05,Baby Care,14599.0
2024-03-13,S05,Bakery,1456.06
2024-03-13,S05,Beverages,7102.530000000001
2024-03-13,S05,Bill-level adjustments,-206.60000000000002
2024-03-13,S05,Biscuits & Snacks,1041.92
2024-03-13,S05,Confectionery,1992.42
2024-03-13,S05,Dairy,6251.69
2024-03-13,S05,Edible Oils,10951.74
2024-03-13,S05,Frozen & Ready to Eat,1942.66
2024-03-13,S05,Fruits & Vegetables,1090.1599999999999
2024-03-13,S05,Home Care,2127.62
2024-03-13,S05,Personal Care,4461.58
2024-03-13,S05,Spices & Masala,2970.2300000000005
2024-03-13,S05,Staples & Grains,12439.45
2024-03-13,S05,Stationery & General,3916.73
2024-03-13,S06,Baby Care,20112.600000000002
2024-03-13,S06,Bakery,2839.6400000000003
2024-03-13,S06,Beverages,3345.01
2024-03-13,S06,Bill-level adjustments,-2058.8999999999996
2024-03-13,S06,Biscuits & Snacks,1391.4
2024-03-13,S06,Confectionery,2688.1600000000003
2024-03-13,S06,Dairy,10848.81
2024-03-13,S06,Edible Oils,21598.449999999997
2024-03-13,S06,Frozen & Ready to Eat,3485.3
2024-03-13,S06,Fruits & Vegetables,4303.139999999999
2024-03-13,S06,Home Care,8221.929999999998
2024-03-13,S06,Personal Care,4410.95
2024-03-13,S06,Spices & Masala,5370.33
2024-03-13,S06,Staples & Grains,27545.19
2024-03-13,S06,Stationery & General,2319.15
2024-03-13,S07,Baby Care,3932.9000000000005
2024-03-13,S07,Bakery,1809.25
2024-03-13,S07,Beverages,4259.4800000000005
2024-03-13,S07,Bill-level adjustments,-560.83
2024-03-13,S07,Biscuits & Snacks,927.81
2024-03-13,S07,Confectionery,1826.2199999999998
2024-03-13,S07,Dairy,10277.88
2024-03-13,S07,Edible Oils,7381.33
2024-03-13,S07,Frozen & Ready to Eat,3392.18
2024-03-13,S07,Fruits & Vegetables,2266.3999999999996
2024-03-13,S07,Home Care,3081.37
2024-03-13,S07,Personal Care,3733.05
2024-03-13,S07,Spices & Masala,1227.7
2024-03-13,S07,Staples & Grains,8973.58
2024-03-13,S07,Stationery & General,3100.49
2024-03-13,S08,Baby Care,15851.070000000002
2024-03-13,S08,Bakery,288.11
2024-03-13,S08,Beverages,3886.8900000000003
2024-03-13,S08,Bill-level adjustments,-1742.12
2024-03-13,S08,Biscuits & Snacks,614.54
2024-03-13,S08,Confectionery,1689.81
2024-03-13,S08,Dairy,7891.949999999999
2024-03-13,S08,Edible Oils,17031.29
2024-03-13,S08,Frozen & Ready to Eat,4685.500000000001
2024-03-13,S08,Fruits & Vegetables,2326.94
2024-03-13,S08,Home Care,4083.49
2024-03-13,S08,Personal Care,4969.949999999999
2024-03-13,S08,Spices & Masala,2937.3
2024-03-13,S08,Staples & Grains,9832.269999999999
2024-03-13,S08,Stationery & General,3042.8700000000003
2024-03-13,S09,Baby Care,17372.489999999998
2024-03-13,S09,Bakery,585.81
2024-03-13,S09,Beverages,6114.57
2024-03-13,S09,Bill-level adjustments,-119.28
2024-03-13,S09,Biscuits & Snacks,1836.9
2024-03-13,S09,Confectionery,3437.2200000000003
2024-03-13,S09,Dairy,4362.099999999999
2024-03-13,S09,Edible Oils,19192.27
2024-03-13,S09,Frozen & Ready to Eat,2201.39
2024-03-13,S09,Fruits & Vegetables,1423.45
2024-03-13,S09,Home Care,6835.719999999999
2024-03-13,S09,Personal Care,5754.34
2024-03-13,S09,Spices & Masala,1619.8100000000002
2024-03-13,S09,Staples & Grains,19014.2
2024-03-13,S09,Stationery & General,3814.3599999999997
2024-03-13,S10,Baby Care,30172.61
2024-03-13,S10,Bakery,5042.99
2024-03-13,S10,Beverages,4303.04
2024-03-13,S10,Bill-level adjustments,-1597.78
2024-03-13,S10,Biscuits & Snacks,1652.2700000000002
2024-03-13,S10,Confectionery,1871.09
2024-03-13,S10,Dairy,4513.43
2024-03-13,S10,Edible Oils,33642.92999999999
2024-03-13,S10,Frozen & Ready to Eat,7953.96
2024-03-13,S10,Fruits & Vegetables,4711.85
2024-03-13,S10,Home Care,5102.07
2024-03-13,S10,Personal Care,4361.150000000001
2024-03-13,S10,Spices & Masala,1775.2800000000002
2024-03-13,S10,Staples & Grains,15313.44
2024-03-13,S10,Stationery & General,2409.0000000000005
2024-03-13,S11,Baby Care,9931.990000000002
2024-03-13,S11,Bakery,414.0799999999999
2024-03-13,S11,Beverages,2082.3799999999997
2024-03-13,S11,Bill-level adjustments,-686.31
2024-03-13,S11,Biscuits & Snacks,811.5
2024-03-13,S11,Confectionery,2830.44
2024-03-13,S11,Dairy,4162.58
2024-03-13,S11,Edible Oils,10617.77
2024-03-13,S11,Frozen & Ready to Eat,5034.87
2024-03-13,S11,Fruits & Vegetables,273.57
2024-03-13,S11,Home Care,468.06
2024-03-13,S11,Personal Care,7842.6399999999985
2024-03-13,S11,Spices & Masala,2942.78
2024-03-13,S11,Staples & Grains,3213.0
2024-03-13,S11,Stationery & General,2091.91
2024-03-13,S12,Baby Care,20578.29
2024-03-13,S12,Bakery,2693.7200000000003
2024-03-13,S12,Beverages,4929.01
2024-03-13,S12,Bill-level adjustments,-1029.63
2024-03-13,S12,Biscuits & Snacks,1393.0700000000002
2024-03-13,S12,Confectionery,3092.23
2024-03-13,S12,Dairy,4566.5199999999995
2024-03-13,S12,Edible Oils,14644.79
2024-03-13,S12,Frozen & Ready to Eat,8160.91
2024-03-13,S12,Fruits & Vegetables,2287.3799999999997
2024-03-13,S12,Home Care,9567.24
2024-03-13,S12,Personal Care,3878.4
2024-03-13,S12,Spices & Masala,4139.12
2024-03-13,S12,Staples & Grains,15439.6
2024-03-13,S12,Stationery & General,5602.960000000001
2024-03-14,S01,Baby Care,15375.42
2024-03-14,S01,Bakery,1725.3400000000001
2024-03-14,S01,Beverages,8065.619999999999
2024-03-14,S01,Bill-level adjustments,-386.83000000000004
2024-03-14,S01,Biscuits & Snacks,3212.39
2024-03-14,S01,Confectionery,6286.299999999999
2024-03-14,S01,Dairy,7860.039999999999
2024-03-14,S01,Edible Oils,18038.070000000003
2024-03-14,S01,Frozen & Ready to Eat,7750.160000000001
2024-03-14,S01,Fruits & Vegetables,3647.3399999999992
2024-03-14,S01,Home Care,6138.089999999999
2024-03-14,S01,Personal Care,6526.759999999999
2024-03-14,S01,Spices & Masala,5382.18
2024-03-14,S01,Staples & Grains,26021.100000000002
2024-03-14,S01,Stationery & General,6132.48
2024-03-14,S02,Baby Care,18519.25
2024-03-14,S02,Bakery,2645.7000000000007
2024-03-14,S02,Beverages,2762.4700000000003
2024-03-14,S02,Bill-level adjustments,-2128.99
2024-03-14,S02,Biscuits & Snacks,1695.8499999999997
2024-03-14,S02,Confectionery,4542.509999999999
2024-03-14,S02,Dairy,7367.33
2024-03-14,S02,Edible Oils,15276.95
2024-03-14,S02,Frozen & Ready to Eat,5750.8099999999995
2024-03-14,S02,Fruits & Vegetables,2204.74
2024-03-14,S02,Home Care,3965.9500000000003
2024-03-14,S02,Personal Care,3676.77
2024-03-14,S02,Spices & Masala,2642.65
2024-03-14,S02,Staples & Grains,9751.01
2024-03-14,S02,Stationery & General,4189.0
2024-03-14,S03,Baby Care,11517.19
2024-03-14,S03,Bakery,2236.7599999999998
2024-03-14,S03,Beverages,8432.65
2024-03-14,S03,Bill-level adjustments,-1836.6499999999999
2024-03-14,S03,Biscuits & Snacks,1510.33
2024-03-14,S03,Confectionery,5194.64
2024-03-14,S03,Dairy,10445.050000000001
2024-03-14,S03,Edible Oils,21911.16
2024-03-14,S03,Frozen & Ready to Eat,8217.089999999998
2024-03-14,S03,Fruits & Vegetables,5435.919999999999
2024-03-14,S03,Home Care,7571.9800000000005
2024-03-14,S03,Personal Care,10580.22
2024-03-14,S03,Spices & Masala,2375.18
2024-03-14,S03,Staples & Grains,22742.520000000004
2024-03-14,S03,Stationery & General,4743.669999999999
2024-03-14,S04,Baby Care,10284.679999999998
2024-03-14,S04,Bakery,1190.27
2024-03-14,S04,Beverages,9586.240000000002
2024-03-14,S04,Bill-level adjustments,-1594.4599999999998
2024-03-14,S04,Biscuits & Snacks,827.02
2024-03-14,S04,Confectionery,2325.09
2024-03-14,S04,Dairy,5403.53
2024-03-14,S04,Edible Oils,19963.22
2024-03-14,S04,Frozen & Ready to Eat,2274.09
2024-03-14,S04,Fruits & Vegetables,1877.88
2024-03-14,S04,Home Care,3877.0899999999997
2024-03-14,S04,Personal Care,3875.67
2024-03-14,S04,Spices & Masala,2102.61
2024-03-14,S04,Staples & Grains,18124.66
2024-03-14,S04,Stationery & General,3865.3999999999996
2024-03-14,S05,Baby Care,21970.04
2024-03-14,S05,Bakery,1033.38
2024-03-14,S05,Beverages,4326.34
2024-03-14,S05,Bill-level adjustments,-276.9
2024-03-14,S05,Biscuits & Snacks,1341.36
2024-03-14,S05,Confectionery,2441.06
2024-03-14,S05,Dairy,9567.029999999999
2024-03-14,S05,Edible Oils,23129.989999999998
2024-03-14,S05,Frozen & Ready to Eat,6146.36
2024-03-14,S05,Fruits & Vegetables,3178.73
2024-03-14,S05,Home Care,4244.81
2024-03-14,S05,Personal Care,15553.470000000001
2024-03-14,S05,Spices & Masala,4891.320000000001
2024-03-14,S05,Staples & Grains,21385.500000000004
2024-03-14,S05,Stationery & General,4429.91
2024-03-14,S06,Baby Care,17688.940000000002
2024-03-14,S06,Bakery,2992.9500000000003
2024-03-14,S06,Beverages,8915.93
2024-03-14,S06,Bill-level adjustments,-409.35999999999996
2024-03-14,S06,Biscuits & Snacks,1461.9099999999999
2024-03-14,S06,Confectionery,3317.5999999999995
2024-03-14,S06,Dairy,13941.21
2024-03-14,S06,Edible Oils,15118.02
2024-03-14,S06,Frozen & Ready to Eat,6541.98
2024-03-14,S06,Fruits & Vegetables,3301.0699999999997
2024-03-14,S06,Home Care,7954.329999999998
2024-03-14,S06,Personal Care,5905.23
2024-03-14,S06,Spices & Masala,5296.459999999998
2024-03-14,S06,Staples & Grains,31386.090000000004
2024-03-14,S06,Stationery & General,3693.1600000000003
2024-03-14,S07,Baby Care,17817.02
2024-03-14,S07,Bakery,1981.48
2024-03-14,S07,Beverages,559.8
2024-03-14,S07,Bill-level adjustments,-1553.37
2024-03-14,S07,Biscuits & Snacks,1416.0500000000002
2024-03-14,S07,Confectionery,3319.78
2024-03-14,S07,Dairy,7787.34
2024-03-14,S07,Edible Oils,10350.47
2024-03-14,S07,Frozen & Ready to Eat,4344.04
2024-03-14,S07,Fruits & Vegetables,769.63
2024-03-14,S07,Home Care,5756.08
2024-03-14,S07,Personal Care,5464.32
2024-03-14,S07,Spices & Masala,1605.63
2024-03-14,S07,Staples & Grains,10636.890000000001
2024-03-14,S07,Stationery & General,5854.489999999999
2024-03-14,S08,Baby Care,4647.07
2024-03-14,S08,Bakery,1097.9399999999998
2024-03-14,S08,Beverages,4234.51
2024-03-14,S08,Bill-level adjustments,0.0
2024-03-14,S08,Biscuits & Snacks,412.17
2024-03-14,S08,Confectionery,4572.81
2024-03-14,S08,Dairy,1947.7599999999998
2024-03-14,S08,Edible Oils,16834.219999999998
2024-03-14,S08,Frozen & Ready to Eat,4649.67
2024-03-14,S08,Fruits & Vegetables,3169.99
2024-03-14,S08,Home Care,3752.8500000000004
2024-03-14,S08,Personal Care,7681.259999999999
2024-03-14,S08,Spices & Masala,2905.9700000000003
2024-03-14,S08,Staples & Grains,9367.82
2024-03-14,S08,Stationery & General,3983.35
2024-03-14,S09,Baby Care,13362.87
2024-03-14,S09,Bakery,1183.6399999999999
2024-03-14,S09,Beverages,3152.6800000000003
2024-03-14,S09,Bill-level adjustments,-1423.27
2024-03-14,S09,Biscuits & Snacks,1096.6100000000001
2024-03-14,S09,Confectionery,3204.96
2024-03-14,S09,Dairy,6537.08
2024-03-14,S09,Edible Oils,9882.580000000002
2024-03-14,S09,Frozen & Ready to Eat,2964.44
2024-03-14,S09,Fruits & Vegetables,1893.64
2024-03-14,S09,Home Care,9246.039999999999
2024-03-14,S09,Personal Care,5623.12
2024-03-14,S09,Spices & Masala,5465.71
2024-03-14,S09,Staples & Grains,17847.350000000002
2024-03-14,S09,Stationery & General,2975.6599999999994
2024-03-14,S10,Baby Care,25413.440000000002
2024-03-14,S10,Bakery,1603.29
2024-03-14,S10,Beverages,12916.45
2024-03-14,S10,Bill-level adjustments,-1663.2400000000002
2024-03-14,S10,Biscuits & Snacks,776.6800000000002
2024-03-14,S10,Confectionery,1960.63
2024-03-14,S10,Dairy,10331.720000000001
2024-03-14,S10,Edible Oils,8394.3
2024-03-14,S10,Frozen & Ready to Eat,5051.669999999999
2024-03-14,S10,Fruits & Vegetables,2209.88
2024-03-14,S10,Home Care,8700.599999999999
2024-03-14,S10,Personal Care,7152.54
2024-03-14,S10,Spices & Masala,8188.509999999998
2024-03-14,S10,Staples & Grains,17908.85
2024-03-14,S10,Stationery & General,3347.17
2024-03-14,S11,Baby Care,9163.61
2024-03-14,S11,Bakery,1434.63
2024-03-14,S11,Beverages,3247.69
2024-03-14,S11,Bill-level adjustments,-554.18
2024-03-14,S11,Biscuits & Snacks,827.6
2024-03-14,S11,Confectionery,3028.1000000000004
2024-03-14,S11,Dairy,8322.59
2024-03-14,S11,Edible Oils,845.9100000000002
2024-03-14,S11,Frozen & Ready to Eat,1819.29
2024-03-14,S11,Fruits & Vegetables,4245.94
2024-03-14,S11,Home Care,10606.73
2024-03-14,S11,Personal Care,7376.25
2024-03-14,S11,Spices & Masala,1064.41
2024-03-14,S11,Staples & Grains,7785.510000000001
2024-03-14,S11,Stationery & General,6989.72
2024-03-14,S12,Baby Care,18560.64
2024-03-14,S12,Bakery,2400.86
2024-03-14,S12,Beverages,3955.37
2024-03-14,S12,Bill-level adjustments,-452.24
2024-03-14,S12,Biscuits & Snacks,149.53
2024-03-14,S12,Confectionery,1919.88
2024-03-14,S12,Dairy,5999.459999999999
2024-03-14,S12,Edible Oils,9864.9
2024-03-14,S12,Frozen & Ready to Eat,3419.93
2024-03-14,S12,Fruits & Vegetables,3408.63
2024-03-14,S12,Home Care,3180.3599999999997
2024-03-14,S12,Personal Care,6317.89
2024-03-14,S12,Spices & Masala,5087.370000000001
2024-03-14,S12,Staples & Grains,12552.519999999999
2024-03-14,S12,Stationery & General,4773.259999999999
2024-03-15,S01,Baby Care,26460.829999999998
2024-03-15,S01,Bakery,3169.7000000000003
2024-03-15,S01,Beverages,8517.81
2024-03-15,S01,Bill-level adjustments,-1125.33
2024-03-15,S01,Biscuits & Snacks,1313.1000000000001
2024-03-15,S01,Confectionery,4303.28
2024-03-15,S01,Dairy,12910.96
2024-03-15,S01,Edible Oils,24683.66
2024-03-15,S01,Frozen & Ready to Eat,5542.63
2024-03-15,S01,Fruits & Vegetables,5279.479999999999
2024-03-15,S01,Home Care,8821.81
2024-03-15,S01,Personal Care,7529.579999999999
2024-03-15,S01,Spices & Masala,6708.03
2024-03-15,S01,Staples & Grains,31369.690000000002
2024-03-15,S01,Stationery & General,10703.27
2024-03-15,S02,Baby Care,16692.63
2024-03-15,S02,Bakery,4620.51
2024-03-15,S02,Beverages,2468.9
2024-03-15,S02,Bill-level adjustments,-751.34
2024-03-15,S02,Biscuits & Snacks,1851.1
2024-03-15,S02,Confectionery,5530.46
2024-03-15,S02,Dairy,7795.3099999999995
2024-03-15,S02,Edible Oils,21636.05
2024-03-15,S02,Frozen & Ready to Eat,3726.06
2024-03-15,S02,Fruits & Vegetables,4593.120000000001
2024-03-15,S02,Home Care,14863.28
2024-03-15,S02,Personal Care,11070.22
2024-03-15,S02,Spices & Masala,4967.94
2024-03-15,S02,Staples & Grains,27854.7
2024-03-15,S02,Stationery & General,6244.199999999999
2024-03-15,S03,Baby Care,20464.68
2024-03-15,S03,Bakery,6230.989999999997
2024-03-15,S03,Beverages,6444.08
2024-03-15,S03,Bill-level adjustments,-2811.5499999999997
2024-03-15,S03,Biscuits & Snacks,1546.3399999999997
2024-03-15,S03,Confectionery,4682.98
2024-03-15,S03,Dairy,13576.410000000003
2024-03-15,S03,Edible Oils,27228.49
2024-03-15,S03,Frozen & Ready to Eat,5518.339999999999
2024-03-15,S03,Fruits & Vegetables,2479.53
2024-03-15,S03,Home Care,10295.529999999997
2024-03-15,S03,Personal Care,8856.26
2024-03-15,S03,Spices & Masala,5692.26
2024-03-15,S03,Staples & Grains,41252.799999999996
2024-03-15,S03,Stationery & General,7551.220000000001
2024-03-15,S04,Baby Care,6599.549999999999
2024-03-15,S04,Bakery,2953.32
2024-03-15,S04,Beverages,2562.9399999999996
2024-03-15,S04,Bill-level adjustments,-634.4
2024-03-15,S04,Biscuits & Snacks,1176.74
2024-03-15,S04,Confectionery,2577.05
2024-03-15,S04,Dairy,5400.969999999999
2024-03-15,S04,Edible Oils,20609.620000000003
2024-03-15,S04,Frozen & Ready to Eat,6892.069999999999
2024-03-15,S04,Fruits & Vegetables,2770.69
2024-03-15,S04,Home Care,5231.15
2024-03-15,S04,Personal Care,3211.8300000000004
2024-03-15,S04,Spices & Masala,3706.32
2024-03-15,S04,Staples & Grains,11117.410000000002
2024-03-15,S04,Stationery & General,3500.19
2024-03-15,S05,Baby Care,1630.1400000000008
2024-03-15,S05,Bakery,1091.23
2024-03-15,S05,Beverages,3980.75
2024-03-15,S05,Bill-level adjustments,-533.2900000000001
2024-03-15,S05,Biscuits & Snacks,1493.41
2024-03-15,S05,Confectionery,3539.9799999999996
2024-03-15,S05,Dairy,6935.710000000001
2024-03-15,S05,Edible Oils,12265.829999999998
2024-03-15,S05,Frozen & Ready to Eat,4688.5
2024-03-15,S05,Fruits & Vegetables,2443.23
2024-03-15,S05,Home Care,7217.4800000000005
2024-03-15,S05,Personal Care,5820.299999999999
2024-03-15,S05,Spices & Masala,1478.21
2024-03-15,S05,Staples & Grains,8822.16
2024-03-15,S05,Stationery & General,6176.3099999999995
2024-03-15,S06,Baby Care,25643.460000000006
2024-03-15,S06,Bakery,2840.07
2024-03-15,S06,Beverages,7184.030000000001
2024-03-15,S06,Bill-level adjustments,-3308.46
2024-03-15,S06,Biscuits & Snacks,1567.6200000000001
2024-03-15,S06,Confectionery,7017.789999999999
2024-03-15,S06,Dairy,14426.180000000002
2024-03-15,S06,Edible Oils,22512.9
2024-03-15,S06,Frozen & Ready to Eat,11839.839999999998
2024-03-15,S06,Fruits & Vegetables,3935.4
2024-03-15,S06,Home Care,12118.95
2024-03-15,S06,Personal Care,22519.8
2024-03-15,S06,Spices & Masala,2500.0
2024-03-15,S06,Staples & Grains,25626.57
2024-03-15,S06,Stationery & General,4626.740000000001
2024-03-15,S07,Baby Care,6637.169999999999
2024-03-15,S07,Bakery,1340.0900000000001
2024-03-15,S07,Beverages,4837.280000000001
2024-03-15,S07,Bill-level adjustments,-833.37
2024-03-15,S07,Biscuits & Snacks,2855.6799999999994
2024-03-15,S07,Confectionery,2305.9400000000005
2024-03-15,S07,Dairy,7602.69
2024-03-15,S07,Edible Oils,17522.02
2024-03-15,S07,Frozen & Ready to Eat,5453.42
2024-03-15,S07,Fruits & Vegetables,1319.92
2024-03-15,S07,Home Care,7781.04
2024-03-15,S07,Personal Care,4864.389999999999
2024-03-15,S07,Spices & Masala,876.46
2024-03-15,S07,Staples & Grains,24337.28
2024-03-15,S07,Stationery & General,3221.6299999999997
2024-03-15,S08,Baby Care,12896.96
2024-03-15,S08,Bakery,4195.34
2024-03-15,S08,Beverages,8722.01
2024-03-15,S08,Bill-level adjustments,-895.27
2024-03-15,S08,Biscuits & Snacks,894.23
2024-03-15,S08,Confectionery,8459.41
2024-03-15,S08,Dairy,3519.09
2024-03-15,S08,Edible Oils,7399.419999999999
2024-03-15,S08,Frozen & Ready to Eat,6583.09
2024-03-15,S08,Fruits & Vegetables,4894.5
2024-03-15,S08,Home Care,6152.799999999999
2024-03-15,S08,Personal Care,7192.830000000001
2024-03-15,S08,Spices & Masala,5400.64
2024-03-15,S08,Staples & Grains,20446.36
2024-03-15,S08,Stationery & General,2793.6500000000005
2024-03-15,S09,Baby Care,32188.940000000002
2024-03-15,S09,Bakery,4917.639999999999
2024-03-15,S09,Beverages,9243.1
2024-03-15,S09,Bill-level adjustments,-1817.1800000000003
2024-03-15,S09,Biscuits & Snacks,2991.4100000000003
2024-03-15,S09,Confectionery,5545.77
2024-03-15,S09,Dairy,8594.22
2024-03-15,S09,Edible Oils,28716.589999999997
2024-03-15,S09,Frozen & Ready to Eat,10118.99
2024-03-15,S09,Fruits & Vegetables,1538.5
2024-03-15,S09,Home Care,5982.24
2024-03-15,S09,Personal Care,9600.5
2024-03-15,S09,Spices & Masala,4689.099999999999
2024-03-15,S09,Staples & Grains,28751.170000000002
2024-03-15,S09,Stationery & General,6436.120000000001
2024-03-15,S10,Baby Care,9285.730000000001
2024-03-15,S10,Bakery,4722.549999999999
2024-03-15,S10,Beverages,10681.439999999999
2024-03-15,S10,Bill-level adjustments,-431.22999999999996
2024-03-15,S10,Biscuits & Snacks,1180.1999999999998
2024-03-15,S10,Confectionery,3101.7500000000005
2024-03-15,S10,Dairy,7754.370000000002
2024-03-15,S10,Edible Oils,20257.3
2024-03-15,S10,Frozen & Ready to Eat,6361.74
2024-03-15,S10,Fruits & Vegetables,3517.75
2024-03-15,S10,Home Care,7613.489999999999
2024-03-15,S10,Personal Care,14020.779999999999
2024-03-15,S10,Spices & Masala,5580.49
2024-03-15,S10,Staples & Grains,52614.619999999995
2024-03-15,S10,Stationery & General,10852.99
2024-03-15,S11,Baby Care,10346.59
2024-03-15,S11,Bakery,1791.5900000000001
2024-03-15,S11,Beverages,6152.3099999999995
2024-03-15,S11,Bill-level adjustments,-1878.98
2024-03-15,S11,Biscuits & Snacks,971.98
2024-03-15,S11,Confectionery,1946.71
2024-03-15,S11,Dairy,7388.41
2024-03-15,S11,Edible Oils,10094.599999999999
2024-03-15,S11,Frozen & Ready to Eat,3966.67
2024-03-15,S11,Fruits & Vegetables,2242.9900000000002
2024-03-15,S11,Home Care,8330.14
2024-03-15,S11,Personal Care,4571.08
2024-03-15,S11,Spices & Masala,4572.639999999999
2024-03-15,S11,Staples & Grains,5053.84
2024-03-15,S11,Stationery & General,6795.899999999998
2024-03-15,S12,Baby Care,18236.489999999998
2024-03-15,S12,Bakery,1983.6100000000001
2024-03-15,S12,Beverages,6523.53
2024-03-15,S12,Bill-level adjustments,-667.83
2024-03-15,S12,Biscuits & Snacks,1405.0500000000002
2024-03-15,S12,Confectionery,3199.2
2024-03-15,S12,Dairy,10521.500000000002
2024-03-15,S12,Edible Oils,13692.689999999999
2024-03-15,S12,Frozen & Ready to Eat,3846.49
2024-03-15,S12,Fruits & Vegetables,3208.08
2024-03-15,S12,Home Care,4168.63
2024-03-15,S12,Personal Care,2945.0299999999997
2024-03-15,S12,Spices & Masala,2652.0899999999997
2024-03-15,S12,Staples & Grains,18396.859999999997
2024-03-15,S12,Stationery & General,3912.7099999999996
2024-03-16,S01,Baby Care,40009.87
2024-03-16,S01,Bakery,4690.879999999999
2024-03-16,S01,Beverages,12474.550000000003
2024-03-16,S01,Bill-level adjustments,-2153.45
2024-03-16,S01,Biscuits & Snacks,2543.6699999999996
2024-03-16,S01,Confectionery,11420.669999999998
2024-03-16,S01,Dairy,12743.500000000002
2024-03-16,S01,Edible Oils,32119.83
2024-03-16,S01,Frozen & Ready to Eat,13076.640000000001
2024-03-16,S01,Fruits & Vegetables,6074.86
2024-03-16,S01,Home Care,10817.05
2024-03-16,S01,Personal Care,10483.859999999999
2024-03-16,S01,Spices & Masala,8668.680000000002
2024-03-16,S01,Staples & Grains,46395.85000000001
2024-03-16,S01,Stationery & General,13385.440000000002
2024-03-16,S02,Baby Care,14608.79
2024-03-16,S02,Bakery,3707.79
2024-03-16,S02,Beverages,3076.0500000000006
2024-03-16,S02,Bill-level adjustments,-1336.19
2024-03-16,S02,Biscuits & Snacks,3468.6899999999996
2024-03-16,S02,Confectionery,6208.96
2024-03-16,S02,Dairy,11019.710000000001
2024-03-16,S02,Edible Oils,26263.910000000003
2024-03-16,S02,Frozen & Ready to Eat,9263.58
2024-03-16,S02,Fruits & Vegetables,5115.040000000001
2024-03-16,S02,Home Care,9900.8
2024-03-16,S02,Personal Care,5527.07
2024-03-16,S02,Spices & Masala,9513.850000000002
2024-03-16,S02,Staples & Grains,30422.020000000004
2024-03-16,S02,Stationery & General,6503.239999999999
2024-03-16,S03,Baby Care,30409.950000000004
2024-03-16,S03,Bakery,5620.9
2024-03-16,S03,Beverages,14023.550000000003
2024-03-16,S03,Bill-level adjustments,-3604.98
2024-03-16,S03,Biscuits & Snacks,3458.589999999999
2024-03-16,S03,Confectionery,9404.92
2024-03-16,S03,Dairy,14827.210000000001
2024-03-16,S03,Edible Oils,35510.259999999995
2024-03-16,S03,Frozen & Ready to Eat,10079.310000000001
2024-03-16,S03,Fruits & Vegetables,8414.910000000002
2024-03-16,S03,Home Care,14957.710000000003
2024-03-16,S03,Personal Care,17606.63
2024-03-16,S03,Spices & Masala,9805.9
2024-03-16,S03,Staples & Grains,51558.11
2024-03-16,S03,Stationery & General,5603.49
2024-03-16,S04,Baby Care,27957.320000000003
2024-03-16,S04,Bakery,6276.8600000000015
2024-03-16,S04,Beverages,15120.46
2024-03-16,S04,Bill-level adjustments,-1969.1100000000001
2024-03-16,S04,Biscuits & Snacks,2298.42
2024-03-16,S04,Confectionery,8364.779999999999
2024-03-16,S04,Dairy,14356.62
2024-03-16,S04,Edible Oils,31467.68
2024-03-16,S04,Frozen & Ready to Eat,10342.359999999999
2024-03-16,S04,Fruits & Vegetables,4680.7300000000005
2024-03-16,S04,Home Care,11343.199999999999
2024-03-16,S04,Personal Care,5741.410000000001
2024-03-16,S04,Spices & Masala,5016.750000000001
2024-03-16,S04,Staples & Grains,30223.010000000006
2024-03-16,S04,Stationery & General,10927.0
2024-03-16,S05,Baby Care,17706.63
2024-03-16,S05,Bakery,3762.120000000001
2024-03-16,S05,Beverages,9202.7
2024-03-16,S05,Bill-level adjustments,-1577.22
2024-03-16,S05,Biscuits & Snacks,1630.5300000000002
2024-03-16,S05,Confectionery,2724.29
2024-03-16,S05,Dairy,7961.5
2024-03-16,S05,Edible Oils,15545.46
2024-03-16,S05,Frozen & Ready to Eat,7543.0599999999995
2024-03-16,S05,Fruits & Vegetables,3837.7299999999996
2024-03-16,S05,Home Care,5087.4800000000005
2024-03-16,S05,Personal Care,7474.099999999999
2024-03-16,S05,Spices & Masala,3135.3900000000003
2024-03-16,S05,Staples & Grains,25940.979999999996
2024-03-16,S05,Stationery & General,4452.48
2024-03-16,S06,Baby Care,36594.64
2024-03-16,S06,Bakery,4125.58
2024-03-16,S06,Beverages,8447.759999999998
2024-03-16,S06,Bill-level adjustments,-3015.8600000000006
2024-03-16,S06,Biscuits & Snacks,3561.500000000001
2024-03-16,S06,Confectionery,5366.379999999999
2024-03-16,S06,Dairy,17314.77
2024-03-16,S06,Edible Oils,30627.309999999998
2024-03-16,S06,Frozen & Ready to Eat,9878.310000000001
2024-03-16,S06,Fruits & Vegetables,3779.82
2024-03-16,S06,Home Care,11195.180000000002
2024-03-16,S06,Personal Care,11034.300000000001
2024-03-16,S06,Spices & Masala,8888.15
2024-03-16,S06,Staples & Grains,35359.48
2024-03-16,S06,Stationery & General,10369.650000000001
2024-03-16,S07,Baby Care,37921.68000000001
2024-03-16,S07,Bakery,4314.130000000001
2024-03-16,S07,Beverages,6380.500000000001
2024-03-16,S07,Bill-level adjustments,-2231.4
2024-03-16,S07,Biscuits & Snacks,1458.6400000000003
2024-03-16,S07,Confectionery,5590.5
2024-03-16,S07,Dairy,12491.35
2024-03-16,S07,Edible Oils,33939.37
2024-03-16,S07,Frozen & Ready to Eat,10775.530000000002
2024-03-16,S07,Fruits & Vegetables,3366.88
2024-03-16,S07,Home Care,7967.039999999999
2024-03-16,S07,Personal Care,11467.199999999997
2024-03-16,S07,Spices & Masala,5566.86
2024-03-16,S07,Staples & Grains,31521.140000000003
2024-03-16,S07,Stationery & General,4803.150000000001
2024-03-16,S08,Baby Care,14270.07
2024-03-16,S08,Bakery,3093.5099999999998
2024-03-16,S08,Beverages,5294.25
2024-03-16,S08,Bill-level adjustments,-884.63
2024-03-16,S08,Biscuits & Snacks,2370.000000000001
2024-03-16,S08,Confectionery,3934.1900000000005
2024-03-16,S08,Dairy,4234.370000000001
2024-03-16,S08,Edible Oils,22762.6
2024-03-16,S08,Frozen & Ready to Eat,9173.089999999998
2024-03-16,S08,Fruits & Vegetables,5077.93
2024-03-16,S08,Home Care,8258.13
2024-03-16,S08,Personal Care,10632.230000000003
2024-03-16,S08,Spices & Masala,5795.139999999999
2024-03-16,S08,Staples & Grains,28970.210000000003
2024-03-16,S08,Stationery & General,3045.1099999999997
2024-03-16,S09,Baby Care,23811.08
2024-03-16,S09,Bakery,3327.6600000000003
2024-03-16,S09,Beverages,3132.54
2024-03-16,S09,Bill-level adjustments,-995.0199999999999
2024-03-16,S09,Biscuits & Snacks,2499.98
2024-03-16,S09,Confectionery,2545.2599999999998
2024-03-16,S09,Dairy,8039.98
2024-03-16,S09,Edible Oils,14847.69
2024-03-16,S09,Frozen & Ready to Eat,7187.89
2024-03-16,S09,Fruits & Vegetables,437.54999999999995
2024-03-16,S09,Home Care,5682.469999999999
2024-03-16,S09,Personal Care,1922.9299999999998
2024-03-16,S09,Spices & Masala,3399.4599999999996
2024-03-16,S09,Staples & Grains,5166.33
2024-03-16,S09,Stationery & General,2910.75
2024-03-16,S10,Baby Care,33354.14
2024-03-16,S10,Bakery,5403.1
2024-03-16,S10,Beverages,11793.98
2024-03-16,S10,Bill-level adjustments,-2528.1
2024-03-16,S10,Biscuits & Snacks,4403.91
2024-03-16,S10,Confectionery,9875.470000000001
2024-03-16,S10,Dairy,17059.48
2024-03-16,S10,Edible Oils,39414.33
2024-03-16,S10,Frozen & Ready to Eat,14305.959999999997
2024-03-16,S10,Fruits & Vegetables,6778.23
2024-03-16,S10,Home Care,8101.349999999999
2024-03-16,S10,Personal Care,20690.979999999996
2024-03-16,S10,Spices & Masala,11068.039999999995
2024-03-16,S10,Staples & Grains,53049.12
2024-03-16,S10,Stationery & General,14120.96
2024-03-16,S11,Baby Care,25056.649999999994
2024-03-16,S11,Bakery,1498.3299999999997
2024-03-16,S11,Beverages,4699.539999999999
2024-03-16,S11,Bill-level adjustments,-1128.45
2024-03-16,S11,Biscuits & Snacks,1038.6899999999998
2024-03-16,S11,Confectionery,3113.2200000000003
2024-03-16,S11,Dairy,4361.200000000001
2024-03-16,S11,Edible Oils,16055.19
2024-03-16,S11,Frozen & Ready to Eat,6605.63
2024-03-16,S11,Fruits & Vegetables,3755.98
2024-03-16,S11,Home Care,5433.26
2024-03-16,S11,Personal Care,9187.39
2024-03-16,S11,Spices & Masala,3354.8099999999995
2024-03-16,S11,Staples & Grains,24429.14
2024-03-16,S11,Stationery & General,5074.660000000001
2024-03-16,S12,Baby Care,22512.11
2024-03-16,S12,Bakery,3133.87
2024-03-16,S12,Beverages,4918.69
2024-03-16,S12,Bill-level adjustments,-172.69
2024-03-16,S12,Biscuits & Snacks,3363.7999999999997
2024-03-16,S12,Confectionery,2072.49
2024-03-16,S12,Dairy,12094.16
2024-03-16,S12,Edible Oils,24336.789999999997
2024-03-16,S12,Frozen & Ready to Eat,9441.489999999998
2024-03-16,S12,Fruits & Vegetables,7164.340000000001
2024-03-16,S12,Home Care,6904.569999999999
2024-03-16,S12,Personal Care,18117.670000000002
2024-03-16,S12,Spices & Masala,5524.9
2024-03-16,S12,Staples & Grains,27038.79
2024-03-16,S12,Stationery & General,7226.54
2024-03-17,S01,Baby Care,27465.89
2024-03-17,S01,Bakery,4302.93
2024-03-17,S01,Beverages,9338.42
2024-03-17,S01,Bill-level adjustments,-4931.83
2024-03-17,S01,Biscuits & Snacks,2171.1299999999997
2024-03-17,S01,Confectionery,4792.629999999999
2024-03-17,S01,Dairy,14544.75
2024-03-17,S01,Edible Oils,42791.92999999999
2024-03-17,S01,Frozen & Ready to Eat,10524.69
2024-03-17,S01,Fruits & Vegetables,6575.329999999999
2024-03-17,S01,Home Care,13745.910000000002
2024-03-17,S01,Personal Care,17219.75
2024-03-17,S01,Spices & Masala,4866.59
2024-03-17,S01,Staples & Grains,35624.119999999995
2024-03-17,S01,Stationery & General,13906.210000000001
2024-03-17,S02,Baby Care,32648.71
2024-03-17,S02,Bakery,3157.92
2024-03-17,S02,Beverages,9145.710000000001
2024-03-17,S02,Bill-level adjustments,-905.5
2024-03-17,S02,Biscuits & Snacks,1831.0200000000004
2024-03-17,S02,Confectionery,5251.96
2024-03-17,S02,Dairy,7692.049999999999
2024-03-17,S02,Edible Oils,23890.369999999995
2024-03-17,S02,Frozen & Ready to Eat,12377.05
2024-03-17,S02,Fruits & Vegetables,3923.94
2024-03-17,S02,Home Care,11663.990000000002
2024-03-17,S02,Personal Care,8707.39
2024-03-17,S02,Spices & Masala,2879.0499999999997
2024-03-17,S02,Staples & Grains,25968.409999999996
2024-03-17,S02,Stationery & General,6956.43
2024-03-17,S03,Baby Care,27966.42000000001
2024-03-17,S03,Bakery,3981.38
2024-03-17,S03,Beverages,7375.79
2024-03-17,S03,Bill-level adjustments,-2834.56
2024-03-17,S03,Biscuits & Snacks,2059.3499999999995
2024-03-17,S03,Confectionery,6366.709999999999
2024-03-17,S03,Dairy,12353.57
2024-03-17,S03,Edible Oils,32882.850000000006
2024-03-17,S03,Frozen & Ready to Eat,11124.609999999999
2024-03-17,S03,Fruits & Vegetables,6016.849999999999
2024-03-17,S03,Home Care,11916.35
2024-03-17,S03,Personal Care,11585.650000000001
2024-03-17,S03,Spices & Masala,8541.339999999998
2024-03-17,S03,Staples & Grains,24454.050000000003
2024-03-17,S03,Stationery & General,7588.89
2024-03-17,S04,Baby Care,23176.58000000001
2024-03-17,S04,Bakery,3298.81
2024-03-17,S04,Beverages,8718.73
2024-03-17,S04,Bill-level adjustments,-1418.07
2024-03-17,S04,Biscuits & Snacks,3060.6199999999994
2024-03-17,S04,Confectionery,7921.19
2024-03-17,S04,Dairy,9664.480000000001
2024-03-17,S04,Edible Oils,23658.660000000003
2024-03-17,S04,Frozen & Ready to Eat,9462.68
2024-03-17,S04,Fruits & Vegetables,5215.629999999999
2024-03-17,S04,Home Care,10534.259999999998
2024-03-17,S04,Personal Care,11536.789999999999
2024-03-17,S04,Spices & Masala,5747.9
2024-03-17,S04,Staples & Grains,23623.770000000004
2024-03-17,S04,Stationery & General,8141.519999999998
2024-03-17,S05,Baby Care,20103.719999999998
2024-03-17,S05,Bakery,2475.25
2024-03-17,S05,Beverages,5700.580000000001
2024-03-17,S05,Bill-level adjustments,-2316.1099999999997
2024-03-17,S05,Biscuits & Snacks,1832.4099999999999
2024-03-17,S05,Confectionery,4873.089999999999
2024-03-17,S05,Dairy,7206.15
2024-03-17,S05,Edible Oils,19657.399999999994
2024-03-17,S05,Frozen & Ready to Eat,8411.640000000001
2024-03-17,S05,Fruits & Vegetables,3126.0099999999998
2024-03-17,S05,Home Care,6397.740000000001
2024-03-17,S05,Personal Care,5777.179999999999
2024-03-17,S05,Spices & Masala,1514.4999999999998
2024-03-17,S05,Staples & Grains,26107.509999999995
2024-03-17,S05,Stationery & General,10353.919999999998
2024-03-17,S06,Baby Care,25830.140000000003
2024-03-17,S06,Bakery,2666.9099999999994
2024-03-17,S06,Beverages,12357.96
2024-03-17,S06,Bill-level adjustments,-2187.7300000000005
2024-03-17,S06,Biscuits & Snacks,2850.01
2024-03-17,S06,Confectionery,2679.8900000000003
2024-03-17,S06,Dairy,14827.130000000001
2024-03-17,S06,Edible Oils,25615.189999999988
2024-03-17,S06,Frozen & Ready to Eat,10049.600000000002
2024-03-17,S06,Fruits & Vegetables,7049.120000000002
2024-03-17,S06,Home Care,11019.979999999998
2024-03-17,S06,Personal Care,12111.98
2024-03-17,S06,Spices & Masala,6893.33
2024-03-17,S06,Staples & Grains,40175.85000000001
2024-03-17,S06,Stationery & General,8219.779999999999
2024-03-17,S07,Baby Care,4666.700000000001
2024-03-17,S07,Bakery,3463.2900000000004
2024-03-17,S07,Beverages,8272.179999999998
2024-03-17,S07,Bill-level adjustments,-1465.64
2024-03-17,S07,Biscuits & Snacks,1382.41
2024-03-17,S07,Confectionery,3910.13
2024-03-17,S07,Dairy,4508.71
2024-03-17,S07,Edible Oils,23773.64
2024-03-17,S07,Frozen & Ready to Eat,4560.27
2024-03-17,S07,Fruits & Vegetables,3288.81
2024-03-17,S07,Home Care,4922.580000000001
2024-03-17,S07,Personal Care,8541.72
2024-03-17,S07,Spices & Masala,5337.36
2024-03-17,S07,Staples & Grains,18227.480000000003
2024-03-17,S07,Stationery & General,6621.969999999999
2024-03-17,S08,Baby Care,13171.600000000002
2024-03-17,S08,Bakery,1592.0
2024-03-17,S08,Beverages,3904.519999999999
2024-03-17,S08,Bill-level adjustments,-505.43999999999994
2024-03-17,S08,Biscuits & Snacks,1312.58
2024-03-17,S08,Confectionery,2237.4900000000002
2024-03-17,S08,Dairy,9053.92
2024-03-17,S08,Edible Oils,18989.96
2024-03-17,S08,Frozen & Ready to Eat,8464.009999999998
2024-03-17,S08,Fruits & Vegetables,4081.47
2024-03-17,S08,Home Care,1562.53
2024-03-17,S08,Personal Care,3415.55
2024-03-17,S08,Spices & Masala,4319.33
2024-03-17,S08,Staples & Grains,22841.09
2024-03-17,S08,Stationery & General,5477.67
2024-03-17,S09,Baby Care,32331.890000000003
2024-03-17,S09,Bakery,3648.1199999999994
2024-03-17,S09,Beverages,3020.8
2024-03-17,S09,Bill-level adjustments,-1606.54
2024-03-17,S09,Biscuits & Snacks,1965.7900000000002
2024-03-17,S09,Confectionery,3220.98
2024-03-17,S09,Dairy,9662.9
2024-03-17,S09,Edible Oils,16920.57
2024-03-17,S09,Frozen & Ready to Eat,9481.19
2024-03-17,S09,Fruits & Vegetables,4766.85
2024-03-17,S09,Home Care,9631.51
2024-03-17,S09,Personal Care,14264.57
2024-03-17,S09,Spices & Masala,6366.2699999999995
2024-03-17,S09,Staples & Grains,26711.940000000006
2024-03-17,S09,Stationery & General,6323.4400000000005
2024-03-17,S10,Baby Care,31998.100000000017
2024-03-17,S10,Bakery,5026.749999999999
2024-03-17,S10,Beverages,8749.45
2024-03-17,S10,Bill-level adjustments,-1453.53
2024-03-17,S10,Biscuits & Snacks,2236.6200000000003
2024-03-17,S10,Confectionery,5319.14
2024-03-17,S10,Dairy,11935.470000000001
2024-03-17,S10,Edible Oils,22631.01
2024-03-17,S10,Frozen & Ready to Eat,10687.779999999999
2024-03-17,S10,Fruits & Vegetables,5716.819999999999
2024-03-17,S10,Home Care,13846.549999999997
2024-03-17,S10,Personal Care,6158.7
2024-03-17,S10,Spices & Masala,9484.58
2024-03-17,S10,Staples & Grains,39931.35
2024-03-17,S10,Stationery & General,11264.59
2024-03-17,S11,Baby Care,12435.759999999998
2024-03-17,S11,Bakery,2025.5900000000004
2024-03-17,S11,Beverages,8876.189999999999
2024-03-17,S11,Bill-level adjustments,-892.9200000000001
2024-03-17,S11,Biscuits & Snacks,1370.9599999999998
2024-03-17,S11,Confectionery,3097.22
2024-03-17,S11,Dairy,14686.49
2024-03-17,S11,Edible Oils,17393.65
2024-03-17,S11,Frozen & Ready to Eat,4544.679999999999
2024-03-17,S11,Fruits & Vegetables,2889.18
2024-03-17,S11,Home Care,5371.009999999999
2024-03-17,S11,Personal Care,11840.310000000001
2024-03-17,S11,Spices & Masala,3435.4400000000005
2024-03-17,S11,Staples & Grains,24130.960000000003
2024-03-17,S11,Stationery & General,7902.209999999998
2024-03-17,S12,Baby Care,32042.620000000003
2024-03-17,S12,Bakery,3978.03
2024-03-17,S12,Beverages,11038.89
2024-03-17,S12,Bill-level adjustments,-1215.87
2024-03-17,S12,Biscuits & Snacks,1833.3500000000001
2024-03-17,S12,Confectionery,7582.149999999999
2024-03-17,S12,Dairy,10254.150000000001
2024-03-17,S12,Edible Oils,19012.789999999997
2024-03-17,S12,Frozen & Ready to Eat,8689.249999999998
2024-03-17,S12,Fruits & Vegetables,7960.969999999999
2024-03-17,S12,Home Care,5184.35
2024-03-17,S12,Personal Care,14034.009999999998
2024-03-17,S12,Spices & Masala,10984.930000000002
2024-03-17,S12,Staples & Grains,26066.870000000003
2024-03-17,S12,Stationery & General,8668.05
2024-03-18,S01,Baby Care,23561.59
2024-03-18,S01,Bakery,3293.2799999999997
2024-03-18,S01,Beverages,1749.85
2024-03-18,S01,Bill-level adjustments,-131.51
2024-03-18,S01,Biscuits & Snacks,1211.55
2024-03-18,S01,Confectionery,3889.12
2024-03-18,S01,Dairy,6782.37
2024-03-18,S01,Edible Oils,10661.34
2024-03-18,S01,Frozen & Ready to Eat,4464.76
2024-03-18,S01,Fruits & Vegetables,1334.1799999999998
2024-03-18,S01,Home Care,7677.6399999999985
2024-03-18,S01,Personal Care,4812.97
2024-03-18,S01,Spices & Masala,5653.5
2024-03-18,S01,Staples & Grains,6975.05
2024-03-18,S01,Stationery & General,4375.33
2024-03-18,S02,Baby Care,8587.58
2024-03-18,S02,Bakery,1825.17
2024-03-18,S02,Beverages,2143.35
2024-03-18,S02,Bill-level adjustments,-346.12
2024-03-18,S02,Biscuits & Snacks,1332.29
2024-03-18,S02,Confectionery,1251.71
2024-03-18,S02,Dairy,1500.81
2024-03-18,S02,Edible Oils,2945.1
2024-03-18,S02,Frozen & Ready to Eat,1434.27
2024-03-18,S02,Fruits & Vegetables,1234.0
2024-03-18,S02,Home Care,604.0
2024-03-18,S02,Personal Care,710.67
2024-03-18,S02,Spices & Masala,2244.13
2024-03-18,S02,Staples & Grains,14447.5
2024-03-18,S02,Stationery & General,2951.2299999999996
2024-03-18,S03,Baby Care,10172.22
2024-03-18,S03,Bakery,1950.79
2024-03-18,S03,Beverages,2947.3500000000004
2024-03-18,S03,Bill-level adjustments,-173.59
2024-03-18,S03,Biscuits & Snacks,639.4399999999999
2024-03-18,S03,Confectionery,2698.0699999999997
2024-03-18,S03,Dairy,5299.889999999999
2024-03-18,S03,Edible Oils,13170.66
2024-03-18,S03,Frozen & Ready to Eat,3991.1999999999994
2024-03-18,S03,Fruits & Vegetables,4442.77
2024-03-18,S03,Home Care,6605.320000000001
2024-03-18,S03,Personal Care,4136.75
2024-03-18,S03,Spices & Masala,5071.1
2024-03-18,S03,Staples & Grains,24655.700000000004
2024-03-18,S03,Stationery & General,1248.09
2024-03-18,S04,Baby Care,28282.300000000003
2024-03-18,S04,Bakery,927.5500000000001
2024-03-18,S04,Beverages,4841.9
2024-03-18,S04,Bill-level adjustments,-1544.8100000000002
2024-03-18,S04,Biscuits & Snacks,1409.1099999999997
2024-03-18,S04,Confectionery,317.32
2024-03-18,S04,Dairy,2375.57
2024-03-18,S04,Edible Oils,11954.83
2024-03-18,S04,Frozen & Ready to Eat,1662.54
2024-03-18,S04,Fruits & Vegetables,2068.1099999999997
2024-03-18,S04,Home Care,3824.8299999999995
2024-03-18,S04,Personal Care,4825.489999999999
2024-03-18,S04,Spices & Masala,537.75
2024-03-18,S04,Staples & Grains,22497.690000000002
2024-03-18,S04,Stationery & General,4783.789999999999
2024-03-18,S05,Baby Care,16527.16
2024-03-18,S05,Bakery,1519.6
2024-03-18,S05,Beverages,1198.32
2024-03-18,S05,Bill-level adjustments,-242.42
2024-03-18,S05,Biscuits & Snacks,1359.55
2024-03-18,S05,Confectionery,1139.22
2024-03-18,S05,Dairy,2195.07
2024-03-18,S05,Edible Oils,6842.539999999999
2024-03-18,S05,Frozen & Ready to Eat,3274.21
2024-03-18,S05,Fruits & Vegetables,910.84
2024-03-18,S05,Home Care,3839.9700000000003
2024-03-18,S05,Personal Care,3901.92
2024-03-18,S05,Spices & Masala,2286.7599999999998
2024-03-18,S05,Staples & Grains,10326.06
2024-03-18,S05,Stationery & General,2462.41
2024-03-18,S06,Baby Care,27395.100000000006
2024-03-18,S06,Bakery,3293.4600000000005
2024-03-18,S06,Beverages,3509.8999999999996
2024-03-18,S06,Bill-level adjustments,-378.4
2024-03-18,S06,Biscuits & Snacks,1621.64
2024-03-18,S06,Confectionery,8330.16
2024-03-18,S06,Dairy,8332.97
2024-03-18,S06,Edible Oils,18873.08
2024-03-18,S06,Frozen & Ready to Eat,11107.699999999999
2024-03-18,S06,Fruits & Vegetables,4791.259999999999
2024-03-18,S06,Home Care,6266.88
2024-03-18,S06,Personal Care,13526.53
2024-03-18,S06,Spices & Masala,3960.8499999999995
2024-03-18,S06,Staples & Grains,49046.41
2024-03-18,S06,Stationery & General,5241.71
2024-03-18,S07,Baby Care,11271.12
2024-03-18,S07,Bakery,2318.6000000000004
2024-03-18,S07,Beverages,721.38
2024-03-18,S07,Bill-level adjustments,-1304.13
2024-03-18,S07,Biscuits & Snacks,747.01
2024-03-18,S07,Confectionery,1753.2599999999998
2024-03-18,S07,Dairy,1315.63
2024-03-18,S07,Edible Oils,22529.14
2024-03-18,S07,Frozen & Ready to Eat,7325.430000000001
2024-03-18,S07,Fruits & Vegetables,3074.51
2024-03-18,S07,Home Care,6826.179999999999
2024-03-18,S07,Personal Care,6521.87
2024-03-18,S07,Spices & Masala,1244.09
2024-03-18,S07,Staples & Grains,4076.7
2024-03-18,S07,Stationery & General,4899.5
2024-03-18,S08,Baby Care,11088.739999999998
2024-03-18,S08,Bakery,1431.97
2024-03-18,S08,Beverages,6918.71
2024-03-18,S08,Bill-level adjustments,-153.84
2024-03-18,S08,Biscuits & Snacks,1584.5200000000004
2024-03-18,S08,Confectionery,2856.8
2024-03-18,S08,Dairy,4546.22
2024-03-18,S08,Edible Oils,8902.43
2024-03-18,S08,Frozen & Ready to Eat,3524.83
2024-03-18,S08,Fruits & Vegetables,1476.29
2024-03-18,S08,Home Care,7402.15
2024-03-18,S08,Personal Care,2331.0099999999998
2024-03-18,S08,Spices & Masala,1500.8100000000002
2024-03-18,S08,Staples & Grains,17896.120000000003
2024-03-18,S08,Stationery & General,3835.0899999999997
2024-03-18,S09,Baby Care,866.09
2024-03-18,S09,Bakery,2434.9
2024-03-18,S09,Beverages,3533.79
2024-03-18,S09,Bill-level adjustments,0.0
2024-03-18,S09,Biscuits & Snacks,441.77
2024-03-18,S09,Confectionery,734.3199999999999
2024-03-18,S09,Dairy,4373.88
2024-03-18,S09,Edible Oils,8183.91
2024-03-18,S09,Frozen & Ready to Eat,297.0
2024-03-18,S09,Fruits & Vegetables,2709.6600000000003
2024-03-18,S09,Home Care,4876.0
2024-03-18,S09,Personal Care,3945.32
2024-03-18,S09,Spices & Masala,2196.6499999999996
2024-03-18,S09,Staples & Grains,20653.52
2024-03-18,S09,Stationery & General,2603.08
2024-03-18,S10,Baby Care,18263.200000000004
2024-03-18,S10,Bakery,4292.400000000001
2024-03-18,S10,Beverages,6056.150000000001
2024-03-18,S10,Bill-level adjustments,-1010.15
2024-03-18,S10,Biscuits & Snacks,1528.75
2024-03-18,S10,Confectionery,2184.7999999999997
2024-03-18,S10,Dairy,7941.6
2024-03-18,S10,Edible Oils,22636.300000000003
2024-03-18,S10,Frozen & Ready to Eat,13534.409999999996
2024-03-18,S10,Fruits & Vegetables,2528.48
2024-03-18,S10,Home Care,5513.889999999999
2024-03-18,S10,Personal Care,8893.820000000002
2024-03-18,S10,Spices & Masala,3583.8000000000006
2024-03-18,S10,Staples & Grains,28983.55
2024-03-18,S10,Stationery & General,6670.0199999999995
2024-03-18,S11,Baby Care,14835.82
2024-03-18,S11,Bakery,1094.2999999999997
2024-03-18,S11,Beverages,5901.599999999999
2024-03-18,S11,Bill-level adjustments,-272.38
2024-03-18,S11,Biscuits & Snacks,719.99
2024-03-18,S11,Confectionery,1254.3999999999999
2024-03-18,S11,Dairy,6453.09
2024-03-18,S11,Edible Oils,6034.400000000001
2024-03-18,S11,Frozen & Ready to Eat,4031.92
2024-03-18,S11,Fruits & Vegetables,1010.87
2024-03-18,S11,Home Care,551.05
2024-03-18,S11,Personal Care,9573.749999999998
2024-03-18,S11,Spices & Masala,976.9700000000001
2024-03-18,S11,Staples & Grains,15310.74
2024-03-18,S11,Stationery & General,2565.2200000000003
2024-03-18,S12,Baby Care,10449.5
2024-03-18,S12,Bakery,1704.3600000000001
2024-03-18,S12,Beverages,3383.99
2024-03-18,S12,Bill-level adjustments,-947.51
2024-03-18,S12,Biscuits & Snacks,705.09
2024-03-18,S12,Confectionery,3106.3500000000004
2024-03-18,S12,Dairy,6947.330000000001
2024-03-18,S12,Edible Oils,10020.619999999999
2024-03-18,S12,Frozen & Ready to Eat,3752.75
2024-03-18,S12,Fruits & Vegetables,2160.27
2024-03-18,S12,Home Care,1899.35
2024-03-18,S12,Personal Care,11602.040000000003
2024-03-18,S12,Spices & Masala,3129.99
2024-03-18,S12,Staples & Grains,23725.820000000007
2024-03-18,S12,Stationery & General,3639.2900000000004
2024-03-19,S01,Baby Care,8453.949999999999
2024-03-19,S01,Bakery,2789.92
2024-03-19,S01,Beverages,4605.97
2024-03-19,S01,Bill-level adjustments,-664.38
2024-03-19,S01,Biscuits & Snacks,1857.4900000000002
2024-03-19,S01,Confectionery,1654.58
2024-03-19,S01,Dairy,10368.340000000002
2024-03-19,S01,Edible Oils,9611.94
2024-03-19,S01,Frozen & Ready to Eat,5043.23
2024-03-19,S01,Fruits & Vegetables,2740.1499999999996
2024-03-19,S01,Home Care,2122.6499999999996
2024-03-19,S01,Personal Care,7506.459999999999
2024-03-19,S01,Spices & Masala,3693.73
2024-03-19,S01,Staples & Grains,9563.769999999999
2024-03-19,S01,Stationery & General,7005.11
2024-03-19,S02,Baby Care,11161.170000000002
2024-03-19,S02,Bakery,2687.2
2024-03-19,S02,Beverages,3001.45
2024-03-19,S02,Bill-level adjustments,-930.41
2024-03-19,S02,Biscuits & Snacks,1758.55
2024-03-19,S02,Confectionery,1386.42
2024-03-19,S02,Dairy,12010.35
2024-03-19,S02,Edible Oils,9947.51
2024-03-19,S02,Frozen & Ready to Eat,5563.57
2024-03-19,S02,Fruits & Vegetables,1853.56
2024-03-19,S02,Home Care,1527.2800000000002
2024-03-19,S02,Personal Care,5942.28
2024-03-19,S02,Spices & Masala,4961.16
2024-03-19,S02,Staples & Grains,8396.74
2024-03-19,S02,Stationery & General,5240.170000000001
2024-03-19,S03,Baby Care,28797.359999999997
2024-03-19,S03,Bakery,4182.02
2024-03-19,S03,Beverages,2997.1699999999996
2024-03-19,S03,Bill-level adjustments,-1294.35
2024-03-19,S03,Biscuits & Snacks,1095.65
2024-03-19,S03,Confectionery,2634.25
2024-03-19,S03,Dairy,5917.33
2024-03-19,S03,Edible Oils,16378.180000000004
2024-03-19,S03,Frozen & Ready to Eat,5104.3
2024-03-19,S03,Fruits & Vegetables,3085.5299999999997
2024-03-19,S03,Home Care,4686.99
2024-03-19,S03,Personal Care,8901.04
2024-03-19,S03,Spices & Masala,2107.6600000000003
2024-03-19,S03,Staples & Grains,8870.76
2024-03-19,S03,Stationery & General,3204.6000000000004
2024-03-19,S04,Baby Care,15734.39
2024-03-19,S04,Bakery,1072.8999999999999
2024-03-19,S04,Beverages,3653.94
2024-03-19,S04,Bill-level adjustments,-385.42
2024-03-19,S04,Biscuits & Snacks,1230.51
2024-03-19,S04,Confectionery,3003.94
2024-03-19,S04,Dairy,7155.349999999999
2024-03-19,S04,Edible Oils,3893.87
2024-03-19,S04,Frozen & Ready to Eat,3767.67
2024-03-19,S04,Fruits & Vegetables,3328.98
2024-03-19,S04,Home Care,2334.37
2024-03-19,S04,Personal Care,1641.24
2024-03-19,S04,Spices & Masala,1104.83
2024-03-19,S04,Staples & Grains,15796.789999999999
2024-03-19,S04,Stationery & General,1847.43
2024-03-19,S05,Baby Care,4950.700000000001
2024-03-19,S05,Bakery,1389.8199999999997
2024-03-19,S05,Beverages,6061.46
2024-03-19,S05,Bill-level adjustments,-348.04999999999995
2024-03-19,S05,Biscuits & Snacks,1713.21
2024-03-19,S05,Confectionery,3667.2
2024-03-19,S05,Dairy,3780.68
2024-03-19,S05,Edible Oils,29002.37
2024-03-19,S05,Frozen & Ready to Eat,2440.8
2024-03-19,S05,Fruits & Vegetables,4047.3399999999992
2024-03-19,S05,Home Care,7358.32
2024-03-19,S05,Personal Care,4302.5
2024-03-19,S05,Spices & Masala,2437.58
2024-03-19,S05,Staples & Grains,-131.0399999999995
2024-03-19,S05,Stationery & General,3030.89
2024-03-19,S06,Baby Care,19063.61
2024-03-19,S06,Bakery,681.05
2024-03-19,S06,Beverages,5190.32
2024-03-19,S06,Bill-level adjustments,-418.46999999999997
2024-03-19,S06,Biscuits & Snacks,1726.03
2024-03-19,S06,Confectionery,4215.17
2024-03-19,S06,Dairy,15660.57
2024-03-19,S06,Edible Oils,9150.42
2024-03-19,S06,Frozen & Ready to Eat,4010.4
2024-03-19,S06,Fruits & Vegetables,1689.44
2024-03-19,S06,Home Care,4153.009999999999
2024-03-19,S06,Personal Care,8439.849999999999
2024-03-19,S06,Spices & Masala,3548.9999999999995
2024-03-19,S06,Staples & Grains,14298.28
2024-03-19,S06,Stationery & General,3696.91
2024-03-19,S07,Baby Care,993.49
2024-03-19,S07,Bakery,605.9
2024-03-19,S07,Beverages,2019.4900000000002
2024-03-19,S07,Bill-level adjustments,-852.32
2024-03-19,S07,Biscuits & Snacks,-6.059999999999945
2024-03-19,S07,Confectionery,3355.5099999999998
2024-03-19,S07,Dairy,6167.18
2024-03-19,S07,Edible Oils,4456.91
2024-03-19,S07,Frozen & Ready to Eat,3063.84
2024-03-19,S07,Fruits & Vegetables,3404.37
2024-03-19,S07,Home Care,3731.5699999999997
2024-03-19,S07,Personal Care,5801.32
2024-03-19,S07,Spices & Masala,3674.48
2024-03-19,S07,Staples & Grains,5196.009999999999
2024-03-19,S07,Stationery & General,6141.99
2024-03-19,S08,Baby Care,-5163.04
2024-03-19,S08,Bakery,-147.70000000000005
2024-03-19,S08,Beverages,4397.650000000001
2024-03-19,S08,Bill-level adjustments,-50.6
2024-03-19,S08,Biscuits & Snacks,1015.3700000000001
2024-03-19,S08,Confectionery,1296.46
2024-03-19,S08,Dairy,2002.5
2024-03-19,S08,Edible Oils,7102.449999999999
2024-03-19,S08,Frozen & Ready to Eat,374.32
2024-03-19,S08,Fruits & Vegetables,645.41
2024-03-19,S08,Home Care,2087.8100000000004
2024-03-19,S08,Personal Care,5476.219999999999
2024-03-19,S08,Spices & Masala,2108.27
2024-03-19,S08,Staples & Grains,7309.789999999999
2024-03-19,S08,Stationery & General,4425.08
2024-03-19,S09,Baby Care,3562.16
2024-03-19,S09,Bakery,1013.6700000000001
2024-03-19,S09,Beverages,2196.92
2024-03-19,S09,Bill-level adjustments,-217.84
2024-03-19,S09,Biscuits & Snacks,663.8000000000001
2024-03-19,S09,Confectionery,607.24
2024-03-19,S09,Dairy,4410.66
2024-03-19,S09,Edible Oils,7120.02
2024-03-19,S09,Frozen & Ready to Eat,6297.759999999999
2024-03-19,S09,Fruits & Vegetables,668.39
2024-03-19,S09,Home Care,2178.0899999999997
2024-03-19,S09,Personal Care,5434.94
2024-03-19,S09,Spices & Masala,2789.99
2024-03-19,S09,Staples & Grains,15374.2
2024-03-19,S09,Stationery & General,1591.93
2024-03-19,S10,Baby Care,21725.4
2024-03-19,S10,Bakery,1215.8000000000002
2024-03-19,S10,Beverages,6118.64
2024-03-19,S10,Bill-level adjustments,-345.49
2024-03-19,S10,Biscuits & Snacks,1307.0899999999997
2024-03-19,S10,Confectionery,2482.5699999999997
2024-03-19,S10,Dairy,5743.049999999999
2024-03-19,S10,Edible Oils,2254.14
2024-03-19,S10,Frozen & Ready to Eat,8403.26
2024-03-19,S10,Fruits & Vegetables,2845.5900000000006
2024-03-19,S10,Home Care,5852.35
2024-03-19,S10,Personal Care,7714.59
2024-03-19,S10,Spices & Masala,5555.4
2024-03-19,S10,Staples & Grains,14559.53
2024-03-19,S10,Stationery & General,4112.29
2024-03-19,S11,Baby Care,3805.39
2024-03-19,S11,Bakery,1569.0499999999997
2024-03-19,S11,Beverages,1510.7199999999998
2024-03-19,S11,Bill-level adjustments,-8.49
2024-03-19,S11,Biscuits & Snacks,106.68
2024-03-19,S11,Confectionery,2977.98
2024-03-19,S11,Dairy,4494.2300000000005
2024-03-19,S11,Edible Oils,7495.49
2024-03-19,S11,Frozen & Ready to Eat,1186.21
2024-03-19,S11,Fruits & Vegetables,1703.1799999999998
2024-03-19,S11,Home Care,2759.8599999999997
2024-03-19,S11,Personal Care,2436.4900000000002
2024-03-19,S11,Spices & Masala,2166.26
2024-03-19,S11,Staples & Grains,15268.250000000002
2024-03-19,S11,Stationery & General,7088.28
2024-03-19,S12,Baby Care,7669.01
2024-03-19,S12,Bakery,1155.07
2024-03-19,S12,Beverages,4179.12
2024-03-19,S12,Bill-level adjustments,-706.27
2024-03-19,S12,Biscuits & Snacks,1294.75
2024-03-19,S12,Confectionery,1189.82
2024-03-19,S12,Dairy,4858.099999999999
2024-03-19,S12,Edible Oils,25265.260000000002
2024-03-19,S12,Frozen & Ready to Eat,6067.08
2024-03-19,S12,Fruits & Vegetables,3397.21
2024-03-19,S12,Home Care,4935.41
2024-03-19,S12,Personal Care,10406.780000000002
2024-03-19,S12,Spices & Masala,2918.75
2024-03-19,S12,Staples & Grains,10799.74
2024-03-19,S12,Stationery & General,3819.3999999999996
2024-03-20,S01,Baby Care,7601.17
2024-03-20,S01,Bakery,2084.2299999999996
2024-03-20,S01,Beverages,5285.009999999999
2024-03-20,S01,Bill-level adjustments,-36.56
2024-03-20,S01,Biscuits & Snacks,670.5699999999999
2024-03-20,S01,Confectionery,2570.9400000000005
2024-03-20,S01,Dairy,7809.700000000001
2024-03-20,S01,Edible Oils,12256.91
2024-03-20,S01,Frozen & Ready to Eat,5864.01
2024-03-20,S01,Fruits & Vegetables,2162.9100000000003
2024-03-20,S01,Home Care,3384.12
2024-03-20,S01,Personal Care,13322.15
2024-03-20,S01,Spices & Masala,3301.2299999999996
2024-03-20,S01,Staples & Grains,15144.59
2024-03-20,S01,Stationery & General,3087.0800000000004
2024-03-20,S02,Baby Care,24644.62
2024-03-20,S02,Bakery,2099.7200000000003
2024-03-20,S02,Beverages,6477.91
2024-03-20,S02,Bill-level adjustments,-1174.54
2024-03-20,S02,Biscuits & Snacks,1522.95
2024-03-20,S02,Confectionery,5206.950000000001
2024-03-20,S02,Dairy,9228.16
2024-03-20,S02,Edible Oils,18177.62
2024-03-20,S02,Frozen & Ready to Eat,9194.640000000001
2024-03-20,S02,Fruits & Vegetables,3562.3199999999997
2024-03-20,S02,Home Care,9475.24
2024-03-20,S02,Personal Care,9577.69
2024-03-20,S02,Spices & Masala,4294.52
2024-03-20,S02,Staples & Grains,23385.93
2024-03-20,S02,Stationery & General,4673.22
2024-03-20,S03,Baby Care,13962.62
2024-03-20,S03,Bakery,1174.5500000000002
2024-03-20,S03,Beverages,4660.2699999999995
2024-03-20,S03,Bill-level adjustments,-1568.4399999999998
2024-03-20,S03,Biscuits & Snacks,4167.43
2024-03-20,S03,Confectionery,4692.170000000001
2024-03-20,S03,Dairy,6894.219999999999
2024-03-20,S03,Edible Oils,28818.900000000005
2024-03-20,S03,Frozen & Ready to Eat,5819.5199999999995
2024-03-20,S03,Fruits & Vegetables,2603.0300000000007
2024-03-20,S03,Home Care,7693.28
2024-03-20,S03,Personal Care,7103.130000000001
2024-03-20,S03,Spices & Masala,6553.21
2024-03-20,S03,Staples & Grains,30577.280000000002
2024-03-20,S03,Stationery & General,4905.389999999999
2024-03-20,S04,Baby Care,11881.34
2024-03-20,S04,Bakery,1379.8600000000001
2024-03-20,S04,Beverages,8647.26
2024-03-20,S04,Bill-level adjustments,-428.6
2024-03-20,S04,Biscuits & Snacks,576.5699999999999
2024-03-20,S04,Confectionery,4060.0699999999997
2024-03-20,S04,Dairy,10151.91
2024-03-20,S04,Edible Oils,11877.16
2024-03-20,S04,Frozen & Ready to Eat,6805.4400000000005
2024-03-20,S04,Fruits & Vegetables,3208.69
2024-03-20,S04,Home Care,8364.07
2024-03-20,S04,Personal Care,3823.2200000000003
2024-03-20,S04,Spices & Masala,2143.65
2024-03-20,S04,Staples & Grains,28291.37
2024-03-20,S04,Stationery & General,2938.1400000000003
2024-03-20,S05,Baby Care,11654.82
2024-03-20,S05,Bakery,3141.2900000000004
2024-03-20,S05,Beverages,4094.44
2024-03-20,S05,Bill-level adjustments,-1611.32
2024-03-20,S05,Biscuits & Snacks,930.1899999999999
2024-03-20,S05,Confectionery,4921.84
2024-03-20,S05,Dairy,9204.159999999998
2024-03-20,S05,Edible Oils,16414.65
2024-03-20,S05,Frozen & Ready to Eat,7847.169999999999
2024-03-20,S05,Fruits & Vegetables,3120.1499999999996
2024-03-20,S05,Home Care,5893.21
2024-03-20,S05,Personal Care,10636.04
2024-03-20,S05,Spices & Masala,3167.7700000000004
2024-03-20,S05,Staples & Grains,12801.3
2024-03-20,S05,Stationery & General,771.65
2024-03-20,S06,Baby Care,28082.769999999997
2024-03-20,S06,Bakery,1470.6299999999999
2024-03-20,S06,Beverages,5677.819999999999
2024-03-20,S06,Bill-level adjustments,-733.91
2024-03-20,S06,Biscuits & Snacks,1873.04
2024-03-20,S06,Confectionery,5599.280000000001
2024-03-20,S06,Dairy,6934.789999999999
2024-03-20,S06,Edible Oils,18583.76
2024-03-20,S06,Frozen & Ready to Eat,9348.810000000001
2024-03-20,S06,Fruits & Vegetables,3778.8799999999997
2024-03-20,S06,Home Care,8552.18
2024-03-20,S06,Personal Care,4392.49
2024-03-20,S06,Spices & Masala,4167.48
2024-03-20,S06,Staples & Grains,8171.05
2024-03-20,S06,Stationery & General,7022.22
2024-03-20,S07,Baby Care,11004.920000000002
2024-03-20,S07,Bakery,1148.14
2024-03-20,S07,Beverages,2145.08
2024-03-20,S07,Bill-level adjustments,-328.58000000000004
2024-03-20,S07,Biscuits & Snacks,278.53
2024-03-20,S07,Confectionery,2166.5099999999998
2024-03-20,S07,Dairy,4118.08
2024-03-20,S07,Edible Oils,14557.71
2024-03-20,S07,Frozen & Ready to Eat,1323.68
2024-03-20,S07,Fruits & Vegetables,2645.49
2024-03-20,S07,Home Care,2625.67
2024-03-20,S07,Personal Care,7094.640000000001
2024-03-20,S07,Spices & Masala,1366.36
2024-03-20,S07,Staples & Grains,9958.439999999999
2024-03-20,S07,Stationery & General,2281.38
2024-03-20,S08,Baby Care,7107.400000000001
2024-03-20,S08,Bakery,1446.9599999999998
2024-03-20,S08,Beverages,7005.2699999999995
2024-03-20,S08,Bill-level adjustments,-153.10999999999999
2024-03-20,S08,Biscuits & Snacks,691.53
2024-03-20,S08,Confectionery,2437.56
2024-03-20,S08,Dairy,2936.59
2024-03-20,S08,Edible Oils,7426.99
2024-03-20,S08,Frozen & Ready to Eat,3753.62
2024-03-20,S08,Fruits & Vegetables,1944.52
2024-03-20,S08,Home Care,4285.9800000000005
2024-03-20,S08,Personal Care,7319.16
2024-03-20,S08,Spices & Masala,5665.4400000000005
2024-03-20,S08,Staples & Grains,17350.35
2024-03-20,S08,Stationery & General,3485.3700000000003
2024-03-20,S09,Baby Care,17773.6
2024-03-20,S09,Bakery,2176.22
2024-03-20,S09,Beverages,6197.199999999999
2024-03-20,S09,Bill-level adjustments,-1130.58
2024-03-20,S09,Biscuits & Snacks,1149.5400000000002
2024-03-20,S09,Confectionery,2438.63
2024-03-20,S09,Dairy,4189.24
2024-03-20,S09,Edible Oils,7675.73
2024-03-20,S09,Frozen & Ready to Eat,3320.5799999999995
2024-03-20,S09,Fruits & Vegetables,2498.59
2024-03-20,S09,Home Care,4069.54
2024-03-20,S09,Personal Care,5889.530000000001
2024-03-20,S09,Spices & Masala,2273.4900000000002
2024-03-20,S09,Staples & Grains,10237.83
2024-03-20,S09,Stationery & General,2304.03
2024-03-20,S10,Baby Care,15156.26
2024-03-20,S10,Bakery,3461.1200000000003
2024-03-20,S10,Beverages,6801.790000000001
2024-03-20,S10,Bill-level adjustments,-942.98
2024-03-20,S10,Biscuits & Snacks,781.53
2024-03-20,S10,Confectionery,3514.66
2024-03-20,S10,Dairy,4876.400000000001
2024-03-20,S10,Edible Oils,12626.5
2024-03-20,S10,Frozen & Ready to Eat,4717.3099999999995
2024-03-20,S10,Fruits & Vegetables,1915.32
2024-03-20,S10,Home Care,5434.259999999998
2024-03-20,S10,Personal Care,1338.0
2024-03-20,S10,Spices & Masala,2606.15
2024-03-20,S10,Staples & Grains,25696.299999999996
2024-03-20,S10,Stationery & General,7100.349999999999
2024-03-20,S11,Baby Care,17807.28
2024-03-20,S11,Bakery,614.6600000000001
2024-03-20,S11,Beverages,3117.44
2024-03-20,S11,Bill-level adjustments,-427.14
2024-03-20,S11,Biscuits & Snacks,824.3
2024-03-20,S11,Confectionery,923.53
2024-03-20,S11,Dairy,4600.110000000001
2024-03-20,S11,Edible Oils,2751.6000000000004
2024-03-20,S11,Frozen & Ready to Eat,3671.1699999999996
2024-03-20,S11,Fruits & Vegetables,1926.56
2024-03-20,S11,Home Care,4541.379999999999
2024-03-20,S11,Personal Care,2008.1
2024-03-20,S11,Spices & Masala,2548.33
2024-03-20,S11,Staples & Grains,3520.9100000000003
2024-03-20,S11,Stationery & General,1472.51
2024-03-20,S12,Baby Care,16384.489999999998
2024-03-20,S12,Bakery,1902.99
2024-03-20,S12,Beverages,3314.9199999999996
2024-03-20,S12,Bill-level adjustments,-192.02
2024-03-20,S12,Biscuits & Snacks,920.6899999999999
2024-03-20,S12,Confectionery,4066.5599999999995
2024-03-20,S12,Dairy,4445.759999999999
2024-03-20,S12,Edible Oils,15270.49
2024-03-20,S12,Frozen & Ready to Eat,1344.4299999999998
2024-03-20,S12,Fruits & Vegetables,2489.3099999999995
2024-03-20,S12,Home Care,5080.63
2024-03-20,S12,Personal Care,9651.72
2024-03-20,S12,Spices & Masala,4232.03
2024-03-20,S12,Staples & Grains,31124.250000000004
2024-03-20,S12,Stationery & General,3483.5199999999995
2024-03-21,S01,Baby Care,18095.27
2024-03-21,S01,Bakery,3895.3700000000003
2024-03-21,S01,Beverages,7940.550000000001
2024-03-21,S01,Bill-level adjustments,-2759.29
2024-03-21,S01,Biscuits & Snacks,665.1800000000001
2024-03-21,S01,Confectionery,3553.0699999999997
2024-03-21,S01,Dairy,10879.56
2024-03-21,S01,Edible Oils,15010.23
2024-03-21,S01,Frozen & Ready to Eat,2782.04
2024-03-21,S01,Fruits & Vegetables,3368.6699999999996
2024-03-21,S01,Home Care,3917.5199999999995
2024-03-21,S01,Personal Care,8526.219999999998
2024-03-21,S01,Spices & Masala,9097.849999999999
2024-03-21,S01,Staples & Grains,25122.060000000005
2024-03-21,S01,Stationery & General,7242.1900000000005
2024-03-21,S02,Baby Care,20436.95
2024-03-21,S02,Bakery,2730.8099999999995
2024-03-21,S02,Beverages,8651.9
2024-03-21,S02,Bill-level adjustments,-909.3499999999999
2024-03-21,S02,Biscuits & Snacks,2401.14
2024-03-21,S02,Confectionery,4269.99
2024-03-21,S02,Dairy,13347.439999999997
2024-03-21,S02,Edible Oils,41906.58999999999
2024-03-21,S02,Frozen & Ready to Eat,6102.85
2024-03-21,S02,Fruits & Vegetables,3436.879999999999
2024-03-21,S02,Home Care,3387.6999999999994
2024-03-21,S02,Personal Care,10384.619999999999
2024-03-21,S02,Spices & Masala,5720.3600000000015
2024-03-21,S02,Staples & Grains,20284.35
2024-03-21,S02,Stationery & General,8463.05
2024-03-21,S03,Baby Care,16296.43
2024-03-21,S03,Bakery,1763.46
2024-03-21,S03,Beverages,4017.3100000000004
2024-03-21,S03,Bill-level adjustments,-1004.25
2024-03-21,S03,Biscuits & Snacks,2453.6400000000003
2024-03-21,S03,Confectionery,3364.5299999999997
2024-03-21,S03,Dairy,4251.54
2024-03-21,S03,Edible Oils,10347.61
2024-03-21,S03,Frozen & Ready to Eat,6060.88
2024-03-21,S03,Fruits & Vegetables,2329.7499999999995
2024-03-21,S03,Home Care,7142.819999999999
2024-03-21,S03,Personal Care,7172.650000000001
2024-03-21,S03,Spices & Masala,2527.8900000000003
2024-03-21,S03,Staples & Grains,25251.1
2024-03-21,S03,Stationery & General,6931.9
2024-03-21,S04,Baby Care,9646.02
2024-03-21,S04,Bakery,2586.14
2024-03-21,S04,Beverages,6539.889999999999
2024-03-21,S04,Bill-level adjustments,-566.6
2024-03-21,S04,Biscuits & Snacks,1081.46
2024-03-21,S04,Confectionery,2762.24
2024-03-21,S04,Dairy,4978.88
2024-03-21,S04,Edible Oils,15887.380000000001
2024-03-21,S04,Frozen & Ready to Eat,6429.54
2024-03-21,S04,Fruits & Vegetables,2602.8300000000004
2024-03-21,S04,Home Care,4232.37
2024-03-21,S04,Personal Care,6034.09
2024-03-21,S04,Spices & Masala,3454.6899999999996
2024-03-21,S04,Staples & Grains,13453.859999999999
2024-03-21,S04,Stationery & General,4130.1
2024-03-21,S05,Baby Care,6879.68
2024-03-21,S05,Bakery,542.41
2024-03-21,S05,Beverages,-166.99
2024-03-21,S05,Bill-level adjustments,-1472.6799999999998
2024-03-21,S05,Biscuits & Snacks,328.32
2024-03-21,S05,Confectionery,2294.15
2024-03-21,S05,Dairy,2679.68
2024-03-21,S05,Edible Oils,13367.05
2024-03-21,S05,Frozen & Ready to Eat,4596.780000000001
2024-03-21,S05,Fruits & Vegetables,2419.9300000000003
2024-03-21,S05,Home Care,1192.56
2024-03-21,S05,Personal Care,2890.2
2024-03-21,S05,Spices & Masala,967.4799999999998
2024-03-21,S05,Staples & Grains,16659.53
2024-03-21,S05,Stationery & General,2723.5000000000005
2024-03-21,S06,Baby Care,9711.79
2024-03-21,S06,Bakery,3117.4500000000003
2024-03-21,S06,Beverages,7836.639999999999
2024-03-21,S06,Bill-level adjustments,-778.5699999999999
2024-03-21,S06,Biscuits & Snacks,1832.32
2024-03-21,S06,Confectionery,3435.3699999999994
2024-03-21,S06,Dairy,8460.66
2024-03-21,S06,Edible Oils,8558.1
2024-03-21,S06,Frozen & Ready to Eat,6101.339999999999
2024-03-21,S06,Fruits & Vegetables,2212.3700000000003
2024-03-21,S06,Home Care,5998.79
2024-03-21,S06,Personal Care,6482.380000000001
2024-03-21,S06,Spices & Masala,4263.01
2024-03-21,S06,Staples & Grains,12271.9
2024-03-21,S06,Stationery & General,4729.849999999999
2024-03-21,S07,Baby Care,11543.700000000003
2024-03-21,S07,Bakery,1252.37
2024-03-21,S07,Beverages,3470.27
2024-03-21,S07,Bill-level adjustments,-1469.24
2024-03-21,S07,Biscuits & Snacks,2250.77
2024-03-21,S07,Confectionery,2630.63
2024-03-21,S07,Dairy,5098.48
2024-03-21,S07,Edible Oils,9343.629999999997
2024-03-21,S07,Frozen & Ready to Eat,5900.83
2024-03-21,S07,Fruits & Vegetables,747.8499999999999
2024-03-21,S07,Home Care,3605.59
2024-03-21,S07,Personal Care,11620.900000000001
2024-03-21,S07,Spices & Masala,1579.7799999999997
2024-03-21,S07,Staples & Grains,13918.93
2024-03-21,S07,Stationery & General,2812.58
2024-03-21,S08,Baby Care,7819.23
2024-03-21,S08,Bakery,3424.2
2024-03-21,S08,Beverages,5342.16
2024-03-21,S08,Bill-level adjustments,-702.31
2024-03-21,S08,Biscuits & Snacks,1688.3600000000004
2024-03-21,S08,Confectionery,3539.94
2024-03-21,S08,Dairy,6610.6
2024-03-21,S08,Edible Oils,14267.43
2024-03-21,S08,Frozen & Ready to Eat,5969.739999999999
2024-03-21,S08,Fruits & Vegetables,1877.02
2024-03-21,S08,Home Care,5072.879999999999
2024-03-21,S08,Personal Care,12227.25
2024-03-21,S08,Spices & Masala,1973.99
2024-03-21,S08,Staples & Grains,18045.550000000003
2024-03-21,S08,Stationery & General,3282.24
2024-03-21,S09,Baby Care,24834.0
2024-03-21,S09,Bakery,1327.48
2024-03-21,S09,Beverages,2173.61
2024-03-21,S09,Bill-level adjustments,-811.52
2024-03-21,S09,Biscuits & Snacks,1354.53
2024-03-21,S09,Confectionery,1425.02
2024-03-21,S09,Dairy,3037.02
2024-03-21,S09,Edible Oils,5243.540000000001
2024-03-21,S09,Frozen & Ready to Eat,3123.83
2024-03-21,S09,Fruits & Vegetables,1639.6999999999998
2024-03-21,S09,Home Care,4975.87
2024-03-21,S09,Personal Care,6370.45
2024-03-21,S09,Spices & Masala,-518.53
2024-03-21,S09,Staples & Grains,11898.220000000001
2024-03-21,S09,Stationery & General,1359.78
2024-03-21,S10,Baby Care,17039.75
2024-03-21,S10,Bakery,4389.360000000001
2024-03-21,S10,Beverages,5667.150000000001
2024-03-21,S10,Bill-level adjustments,-1094.39
2024-03-21,S10,Biscuits & Snacks,2132.1600000000003
2024-03-21,S10,Confectionery,7072.059999999999
2024-03-21,S10,Dairy,13058.68
2024-03-21,S10,Edible Oils,22364.520000000004
2024-03-21,S10,Frozen & Ready to Eat,12141.560000000003
2024-03-21,S10,Fruits & Vegetables,2311.73
2024-03-21,S10,Home Care,12350.09
2024-03-21,S10,Personal Care,18146.190000000002
2024-03-21,S10,Spices & Masala,2519.56
2024-03-21,S10,Staples & Grains,36431.280000000006
2024-03-21,S10,Stationery & General,3690.37
2024-03-21,S11,Baby Care,7747.530000000001
2024-03-21,S11,Bakery,1184.35
2024-03-21,S11,Beverages,4318.289999999999
2024-03-21,S11,Bill-level adjustments,0.0
2024-03-21,S11,Biscuits & Snacks,3037.9300000000003
2024-03-21,S11,Confectionery,3674.3100000000004
2024-03-21,S11,Dairy,13409.789999999997
2024-03-21,S11,Edible Oils,20577.670000000002
2024-03-21,S11,Frozen & Ready to Eat,4301.17
2024-03-21,S11,Fruits & Vegetables,1086.5600000000002
2024-03-21,S11,Home Care,3014.93
2024-03-21,S11,Personal Care,12333.570000000002
2024-03-21,S11,Spices & Masala,2463.38
2024-03-21,S11,Staples & Grains,22860.550000000003
2024-03-21,S11,Stationery & General,-495.5900000000001
2024-03-21,S12,Baby Care,21138.31
2024-03-21,S12,Bakery,6568.180000000001
2024-03-21,S12,Beverages,3453.4100000000003
2024-03-21,S12,Bill-level adjustments,-153.48000000000002
2024-03-21,S12,Biscuits & Snacks,2102.5800000000004
2024-03-21,S12,Confectionery,4613.18
2024-03-21,S12,Dairy,7729.2
2024-03-21,S12,Edible Oils,13361.630000000001
2024-03-21,S12,Frozen & Ready to Eat,8915.680000000002
2024-03-21,S12,Fruits & Vegetables,3043.7400000000002
2024-03-21,S12,Home Care,9024.15
2024-03-21,S12,Personal Care,6694.419999999999
2024-03-21,S12,Spices & Masala,3264.19
2024-03-21,S12,Staples & Grains,25738.160000000003
2024-03-21,S12,Stationery & General,8407.3
2024-03-22,S01,Baby Care,34606.020000000004
2024-03-22,S01,Bakery,4346.870000000001
2024-03-22,S01,Beverages,10052.029999999999
2024-03-22,S01,Bill-level adjustments,-711.31
2024-03-22,S01,Biscuits & Snacks,2096.78
2024-03-22,S01,Confectionery,7362.950000000001
2024-03-22,S01,Dairy,6630.350000000001
2024-03-22,S01,Edible Oils,16802.08
2024-03-22,S01,Frozen & Ready to Eat,7196.74
2024-03-22,S01,Fruits & Vegetables,4378.859999999999
2024-03-22,S01,Home Care,8352.36
2024-03-22,S01,Personal Care,22026.949999999997
2024-03-22,S01,Spices & Masala,5913.06
2024-03-22,S01,Staples & Grains,39359.71
2024-03-22,S01,Stationery & General,6238.73
2024-03-22,S02,Baby Care,23679.98
2024-03-22,S02,Bakery,939.36
2024-03-22,S02,Beverages,6663.829999999999
2024-03-22,S02,Bill-level adjustments,-2132.34
2024-03-22,S02,Biscuits & Snacks,2209.3900000000003
2024-03-22,S02,Confectionery,3873.3900000000003
2024-03-22,S02,Dairy,5743.639999999999
2024-03-22,S02,Edible Oils,16476.16
2024-03-22,S02,Frozen & Ready to Eat,9430.96
2024-03-22,S02,Fruits & Vegetables,4232.93
2024-03-22,S02,Home Care,7519.200000000001
2024-03-22,S02,Personal Care,7335.719999999999
2024-03-22,S02,Spices & Masala,6531.090000000002
2024-03-22,S02,Staples & Grains,15129.510000000002
2024-03-22,S02,Stationery & General,5626.449999999999
2024-03-22,S03,Baby Care,46389.329999999994
2024-03-22,S03,Bakery,3263.460000000001
2024-03-22,S03,Beverages,10414.699999999999
2024-03-22,S03,Bill-level adjustments,-2492.0099999999998
2024-03-22,S03,Biscuits & Snacks,2684.25
2024-03-22,S03,Confectionery,7179.249999999999
2024-03-22,S03,Dairy,9534.66
2024-03-22,S03,Edible Oils,32123.159999999996
2024-03-22,S03,Frozen & Ready to Eat,11630.25
2024-03-22,S03,Fruits & Vegetables,5403.92
2024-03-22,S03,Home Care,9386.990000000002
2024-03-22,S03,Personal Care,18632.800000000003
2024-03-22,S03,Spices & Masala,7057.659999999999
2024-03-22,S03,Staples & Grains,29895.790000000008
2024-03-22,S03,Stationery & General,7208.160000000001
2024-03-22,S04,Baby Care,19326.84
2024-03-22,S04,Bakery,836.6800000000001
2024-03-22,S04,Beverages,3980.39
2024-03-22,S04,Bill-level adjustments,-1609.2
2024-03-22,S04,Biscuits & Snacks,1239.0300000000002
2024-03-22,S04,Confectionery,4317.19
2024-03-22,S04,Dairy,2151.52
2024-03-22,S04,Edible Oils,16686.65
2024-03-22,S04,Frozen & Ready to Eat,3514.61
2024-03-22,S04,Fruits & Vegetables,1765.2599999999998
2024-03-22,S04,Home Care,3074.15
2024-03-22,S04,Personal Care,10459.029999999999
2024-03-22,S04,Spices & Masala,4173.86
2024-03-22,S04,Staples & Grains,17748.33
2024-03-22,S04,Stationery & General,6290.179999999999
2024-03-22,S05,Baby Care,12874.22
2024-03-22,S05,Bakery,2741.5399999999995
2024-03-22,S05,Beverages,3717.580000000001
2024-03-22,S05,Bill-level adjustments,-608.4000000000001
2024-03-22,S05,Biscuits & Snacks,553.33
2024-03-22,S05,Confectionery,1448.03
2024-03-22,S05,Dairy,6201.269999999999
2024-03-22,S05,Edible Oils,5267.41
2024-03-22,S05,Frozen & Ready to Eat,2609.51
2024-03-22,S05,Fruits & Vegetables,2761.85
2024-03-22,S05,Home Care,6294.86
2024-03-22,S05,Personal Care,722.12
2024-03-22,S05,Spices & Masala,1646.94
2024-03-22,S05,Staples & Grains,21252.229999999996
2024-03-22,S05,Stationery & General,816.8
2024-03-22,S06,Baby Care,14207.140000000001
2024-03-22,S06,Bakery,1053.22
2024-03-22,S06,Beverages,3926.59
2024-03-22,S06,Bill-level adjustments,-902.1
2024-03-22,S06,Biscuits & Snacks,1924.6799999999998
2024-03-22,S06,Confectionery,1951.2399999999998
2024-03-22,S06,Dairy,6147.969999999999
2024-03-22,S06,Edible Oils,14235.77
2024-03-22,S06,Frozen & Ready to Eat,7048.89
2024-03-22,S06,Fruits & Vegetables,3072.3899999999994
2024-03-22,S06,Home Care,3966.9499999999994
2024-03-22,S06,Personal Care,9293.13
2024-03-22,S06,Spices & Masala,2672.61
2024-03-22,S06,Staples & Grains,20722.78
2024-03-22,S06,Stationery & General,1877.3
2024-03-22,S07,Baby Care,15881.539999999999
2024-03-22,S07,Bakery,2386.7800000000007
2024-03-22,S07,Beverages,5625.9
2024-03-22,S07,Bill-level adjustments,-1162.04
2024-03-22,S07,Biscuits & Snacks,1472.14
2024-03-22,S07,Confectionery,2697.64
2024-03-22,S07,Dairy,6077.34
2024-03-22,S07,Edible Oils,11045.21
2024-03-22,S07,Frozen & Ready to Eat,4090.2799999999997
2024-03-22,S07,Fruits & Vegetables,3588.05
2024-03-22,S07,Home Care,2777.64
2024-03-22,S07,Personal Care,9785.449999999999
2024-03-22,S07,Spices & Masala,3431.26
2024-03-22,S07,Staples & Grains,32131.05
2024-03-22,S07,Stationery & General,1903.5
2024-03-22,S08,Baby Care,21066.520000000004
2024-03-22,S08,Bakery,1765.7600000000002
2024-03-22,S08,Beverages,3929.7599999999993
2024-03-22,S08,Bill-level adjustments,-859.47
2024-03-22,S08,Biscuits & Snacks,1304.5
2024-03-22,S08,Confectionery,3492.7900000000004
2024-03-22,S08,Dairy,7340.080000000001
2024-03-22,S08,Edible Oils,34364.28999999999
2024-03-22,S08,Frozen & Ready to Eat,2830.0
2024-03-22,S08,Fruits & Vegetables,1524.6599999999999
2024-03-22,S08,Home Care,2365.77
2024-03-22,S08,Personal Care,11962.630000000001
2024-03-22,S08,Spices & Masala,3359.5299999999997
2024-03-22,S08,Staples & Grains,6064.95
2024-03-22,S08,Stationery & General,4141.68
2024-03-22,S09,Baby Care,18842.35
2024-03-22,S09,Bakery,1674.4500000000003
2024-03-22,S09,Beverages,3262.5800000000004
2024-03-22,S09,Bill-level adjustments,-582.37
2024-03-22,S09,Biscuits & Snacks,600.65
2024-03-22,S09,Confectionery,985.45
2024-03-22,S09,Dairy,969.1899999999999
2024-03-22,S09,Edible Oils,13242.820000000002
2024-03-22,S09,Frozen & Ready to Eat,4428.87
2024-03-22,S09,Fruits & Vegetables,3119.93
2024-03-22,S09,Home Care,1601.6999999999998
2024-03-22,S09,Personal Care,4001.5
2024-03-22,S09,Spices & Masala,2380.88
2024-03-22,S09,Staples & Grains,7572.45
2024-03-22,S09,Stationery & General,2358.81
2024-03-22,S10,Baby Care,37300.97000000001
2024-03-22,S10,Bakery,4063.02
2024-03-22,S10,Beverages,8806.1
2024-03-22,S10,Bill-level adjustments,-2561.84
2024-03-22,S10,Biscuits & Snacks,2246.25
2024-03-22,S10,Confectionery,7189.829999999998
2024-03-22,S10,Dairy,7394.94
2024-03-22,S10,Edible Oils,29125.550000000003
2024-03-22,S10,Frozen & Ready to Eat,7728.829999999999
2024-03-22,S10,Fruits & Vegetables,3834.2799999999997
2024-03-22,S10,Home Care,13928.689999999999
2024-03-22,S10,Personal Care,11001.46
2024-03-22,S10,Spices & Masala,4703.869999999999
2024-03-22,S10,Staples & Grains,36572.119999999995
2024-03-22,S10,Stationery & General,8447.22
2024-03-22,S11,Baby Care,30638.190000000002
2024-03-22,S11,Bakery,3397.69
2024-03-22,S11,Beverages,5302.329999999999
2024-03-22,S11,Bill-level adjustments,-991.67
2024-03-22,S11,Biscuits & Snacks,1114.66
2024-03-22,S11,Confectionery,4120.5
2024-03-22,S11,Dairy,11785.21
2024-03-22,S11,Edible Oils,9308.44
2024-03-22,S11,Frozen & Ready to Eat,8566.2
2024-03-22,S11,Fruits & Vegetables,1989.97
2024-03-22,S11,Home Care,8223.449999999999
2024-03-22,S11,Personal Care,6011.13
2024-03-22,S11,Spices & Masala,2737.26
2024-03-22,S11,Staples & Grains,24824.52
2024-03-22,S11,Stationery & General,7255.799999999999
2024-03-22,S12,Baby Care,23540.350000000002
2024-03-22,S12,Bakery,3405.1099999999997
2024-03-22,S12,Beverages,7387.239999999999
2024-03-22,S12,Bill-level adjustments,-976.4800000000001
2024-03-22,S12,Biscuits & Snacks,2150.52
2024-03-22,S12,Confectionery,3427.07
2024-03-22,S12,Dairy,8450.050000000001
2024-03-22,S12,Edible Oils,19938.27
2024-03-22,S12,Frozen & Ready to Eat,6047.459999999999
2024-03-22,S12,Fruits & Vegetables,1722.1800000000003
2024-03-22,S12,Home Care,9084.310000000001
2024-03-22,S12,Personal Care,6559.440000000001
2024-03-22,S12,Spices & Masala,4973.049999999999
2024-03-22,S12,Staples & Grains,12893.42
2024-03-22,S12,Stationery & General,7212.820000000001
2024-03-23,S01,Baby Care,36971.36
2024-03-23,S01,Bakery,6319.51
2024-03-23,S01,Beverages,9520.8
2024-03-23,S01,Bill-level adjustments,-1419.75
2024-03-23,S01,Biscuits & Snacks,1813.6799999999998
2024-03-23,S01,Confectionery,8283.730000000001
2024-03-23,S01,Dairy,16857.940000000002
2024-03-23,S01,Edible Oils,31100.199999999997
2024-03-23,S01,Frozen & Ready to Eat,6537.43
2024-03-23,S01,Fruits & Vegetables,4961.289999999999
2024-03-23,S01,Home Care,9283.189999999999
2024-03-23,S01,Personal Care,10479.1
2024-03-23,S01,Spices & Masala,7029.009999999998
2024-03-23,S01,Staples & Grains,49939.420000000006
2024-03-23,S01,Stationery & General,12410.68
2024-03-23,S02,Baby Care,25947.140000000007
2024-03-23,S02,Bakery,4281.16
2024-03-23,S02,Beverages,5739.139999999999
2024-03-23,S02,Bill-level adjustments,-1212.63
2024-03-23,S02,Biscuits & Snacks,2986.4899999999993
2024-03-23,S02,Confectionery,5960.709999999999
2024-03-23,S02,Dairy,19102.22
2024-03-23,S02,Edible Oils,28563.19
2024-03-23,S02,Frozen & Ready to Eat,10026.1
2024-03-23,S02,Fruits & Vegetables,2818.5299999999997
2024-03-23,S02,Home Care,7973.2699999999995
2024-03-23,S02,Personal Care,22684.75
2024-03-23,S02,Spices & Masala,7061.23
2024-03-23,S02,Staples & Grains,26576.69
2024-03-23,S02,Stationery & General,6740.49
2024-03-23,S03,Baby Care,30662.32
2024-03-23,S03,Bakery,5329.099999999999
2024-03-23,S03,Beverages,15151.680000000002
2024-03-23,S03,Bill-level adjustments,-1507.79
2024-03-23,S03,Biscuits & Snacks,1983.7500000000002
2024-03-23,S03,Confectionery,6364.77
2024-03-23,S03,Dairy,19161.920000000002
2024-03-23,S03,Edible Oils,23678.13
2024-03-23,S03,Frozen & Ready to Eat,10017.47
2024-03-23,S03,Fruits & Vegetables,5771.74
2024-03-23,S03,Home Care,16302.650000000001
2024-03-23,S03,Personal Care,21988.629999999997
2024-03-23,S03,Spices & Masala,7140.12
2024-03-23,S03,Staples & Grains,53718.43
2024-03-23,S03,Stationery & General,14622.060000000003
2024-03-23,S04,Baby Care,17549.160000000003
2024-03-23,S04,Bakery,4818.84
2024-03-23,S04,Beverages,9592.64
2024-03-23,S04,Bill-level adjustments,-556.61
2024-03-23,S04,Biscuits & Snacks,2128.51
2024-03-23,S04,Confectionery,4394.389999999999
2024-03-23,S04,Dairy,11355.08
2024-03-23,S04,Edible Oils,23674.309999999998
2024-03-23,S04,Frozen & Ready to Eat,8500.03
2024-03-23,S04,Fruits & Vegetables,2759.1099999999997
2024-03-23,S04,Home Care,8695.73
2024-03-23,S04,Personal Care,11664.03
2024-03-23,S04,Spices & Masala,3536.7799999999997
2024-03-23,S04,Staples & Grains,31445.93
2024-03-23,S04,Stationery & General,12177.500000000002
2024-03-23,S05,Baby Care,13278.640000000001
2024-03-23,S05,Bakery,4223.280000000001
2024-03-23,S05,Beverages,4352.7300000000005
2024-03-23,S05,Bill-level adjustments,-238.07
2024-03-23,S05,Biscuits & Snacks,1467.2100000000005
2024-03-23,S05,Confectionery,4387.25
2024-03-23,S05,Dairy,9574.140000000001
2024-03-23,S05,Edible Oils,22747.11
2024-03-23,S05,Frozen & Ready to Eat,10680.56
2024-03-23,S05,Fruits & Vegetables,3146.3400000000006
2024-03-23,S05,Home Care,7780.72
2024-03-23,S05,Personal Care,2458.89
2024-03-23,S05,Spices & Masala,1614.5200000000002
2024-03-23,S05,Staples & Grains,15984.92
2024-03-23,S05,Stationery & General,6446.740000000001
2024-03-23,S06,Baby Care,22833.34
2024-03-23,S06,Bakery,5938.380000000001
2024-03-23,S06,Beverages,7845.03
2024-03-23,S06,Bill-level adjustments,-1249.1
2024-03-23,S06,Biscuits & Snacks,2815.1600000000003
2024-03-23,S06,Confectionery,7445.8
2024-03-23,S06,Dairy,23025.659999999996
2024-03-23,S06,Edible Oils,28047.84
2024-03-23,S06,Frozen & Ready to Eat,11460.179999999997
2024-03-23,S06,Fruits & Vegetables,5690.269999999997
2024-03-23,S06,Home Care,9750.249999999998
2024-03-23,S06,Personal Care,12320.939999999999
2024-03-23,S06,Spices & Masala,7159.72
2024-03-23,S06,Staples & Grains,42850.41000000001
2024-03-23,S06,Stationery & General,11907.729999999996
2024-03-23,S07,Baby Care,18152.68
2024-03-23,S07,Bakery,3759.54
2024-03-23,S07,Beverages,3760.3100000000004
2024-03-23,S07,Bill-level adjustments,-1456.48
2024-03-23,S07,Biscuits & Snacks,1126.0300000000002
2024-03-23,S07,Confectionery,5529.8
2024-03-23,S07,Dairy,4318.82
2024-03-23,S07,Edible Oils,14925.519999999999
2024-03-23,S07,Frozen & Ready to Eat,2317.52
2024-03-23,S07,Fruits & Vegetables,2033.77
2024-03-23,S07,Home Care,1824.6499999999999
2024-03-23,S07,Personal Care,3855.07
2024-03-23,S07,Spices & Masala,2556.789999999999
2024-03-23,S07,Staples & Grains,10854.58
2024-03-23,S07,Stationery & General,5588.75
2024-03-23,S08,Baby Care,1879.889999999999
2024-03-23,S08,Bakery,3010.2200000000003
2024-03-23,S08,Beverages,3100.7699999999995
2024-03-23,S08,Bill-level adjustments,-1049.6
2024-03-23,S08,Biscuits & Snacks,697.17
2024-03-23,S08,Confectionery,3525.6399999999994
2024-03-23,S08,Dairy,8790.320000000002
2024-03-23,S08,Edible Oils,17842.46
2024-03-23,S08,Frozen & Ready to Eat,2911.4200000000005
2024-03-23,S08,Fruits & Vegetables,2829.2200000000003
2024-03-23,S08,Home Care,4548.65
2024-03-23,S08,Personal Care,18496.950000000004
2024-03-23,S08,Spices & Masala,3919.5799999999995
2024-03-23,S08,Staples & Grains,14510.48
2024-03-23,S08,Stationery & General,2099.52
2024-03-23,S09,Baby Care,12629.380000000001
2024-03-23,S09,Bakery,1229.7800000000002
2024-03-23,S09,Beverages,5574.43
2024-03-23,S09,Bill-level adjustments,-1132.2
2024-03-23,S09,Biscuits & Snacks,2098.4
2024-03-23,S09,Confectionery,4302.93
2024-03-23,S09,Dairy,10360.759999999997
2024-03-23,S09,Edible Oils,14407.01
2024-03-23,S09,Frozen & Ready to Eat,7424.0599999999995
2024-03-23,S09,Fruits & Vegetables,4516.01
2024-03-23,S09,Home Care,4079.22
2024-03-23,S09,Personal Care,11193.119999999999
2024-03-23,S09,Spices & Masala,2256.08
2024-03-23,S09,Staples & Grains,31365.860000000004
2024-03-23,S09,Stationery & General,8057.099999999999
2024-03-23,S10,Baby Care,61239.280000000006
2024-03-23,S10,Bakery,2971.51
2024-03-23,S10,Beverages,11680.869999999999
2024-03-23,S10,Bill-level adjustments,-1408.66
2024-03-23,S10,Biscuits & Snacks,2903.2199999999993
2024-03-23,S10,Confectionery,9652.29
2024-03-23,S10,Dairy,15746.010000000002
2024-03-23,S10,Edible Oils,38178.04
2024-03-23,S10,Frozen & Ready to Eat,8800.539999999997
2024-03-23,S10,Fruits & Vegetables,3818.2500000000005
2024-03-23,S10,Home Care,15738.039999999997
2024-03-23,S10,Personal Care,13926.340000000004
2024-03-23,S10,Spices & Masala,8813.479999999998
2024-03-23,S10,Staples & Grains,23546.789999999997
2024-03-23,S10,Stationery & General,12630.500000000002
2024-03-23,S11,Baby Care,40440.729999999996
2024-03-23,S11,Bakery,1808.07
2024-03-23,S11,Beverages,6818.97
2024-03-23,S11,Bill-level adjustments,-537.4
2024-03-23,S11,Biscuits & Snacks,3332.1499999999996
2024-03-23,S11,Confectionery,6300.62
2024-03-23,S11,Dairy,6556.5599999999995
2024-03-23,S11,Edible Oils,16383.420000000002
2024-03-23,S11,Frozen & Ready to Eat,3196.5499999999997
2024-03-23,S11,Fruits & Vegetables,3014.33
2024-03-23,S11,Home Care,4994.51
2024-03-23,S11,Personal Care,9297.35
2024-03-23,S11,Spices & Masala,3926.3399999999997
2024-03-23,S11,Staples & Grains,23368.55
2024-03-23,S11,Stationery & General,6264.679999999999
2024-03-23,S12,Baby Care,30225.300000000003
2024-03-23,S12,Bakery,2374.0099999999998
2024-03-23,S12,Beverages,4830.38
2024-03-23,S12,Bill-level adjustments,-1260.6599999999999
2024-03-23,S12,Biscuits & Snacks,2766.1699999999996
2024-03-23,S12,Confectionery,2320.37
2024-03-23,S12,Dairy,5929.439999999999
2024-03-23,S12,Edible Oils,20755.210000000003
2024-03-23,S12,Frozen & Ready to Eat,7551.69
2024-03-23,S12,Fruits & Vegetables,3852.1199999999994
2024-03-23,S12,Home Care,5617.21
2024-03-23,S12,Personal Care,7963.089999999998
2024-03-23,S12,Spices & Masala,8355.050000000001
2024-03-23,S12,Staples & Grains,9544.720000000001
2024-03-23,S12,Stationery & General,5839.229999999999
2024-03-24,S01,Baby Care,23159.890000000003
2024-03-24,S01,Bakery,4752.41
2024-03-24,S01,Beverages,9264.35
2024-03-24,S01,Bill-level adjustments,-599.32
2024-03-24,S01,Biscuits & Snacks,1390.7599999999998
2024-03-24,S01,Confectionery,6485.96
2024-03-24,S01,Dairy,12671.85
2024-03-24,S01,Edible Oils,54085.41999999999
2024-03-24,S01,Frozen & Ready to Eat,7412.51
2024-03-24,S01,Fruits & Vegetables,5301.56
2024-03-24,S01,Home Care,12413.39
2024-03-24,S01,Personal Care,19154.399999999998
2024-03-24,S01,Spices & Masala,6548.389999999999
2024-03-24,S01,Staples & Grains,32192.190000000002
2024-03-24,S01,Stationery & General,9452.059999999998
2024-03-24,S02,Baby Care,17919.4
2024-03-24,S02,Bakery,2632.7999999999997
2024-03-24,S02,Beverages,9060.570000000003
2024-03-24,S02,Bill-level adjustments,-851.43
2024-03-24,S02,Biscuits & Snacks,1208.1399999999999
2024-03-24,S02,Confectionery,2619.9599999999996
2024-03-24,S02,Dairy,13780.310000000001
2024-03-24,S02,Edible Oils,24703.110000000004
2024-03-24,S02,Frozen & Ready to Eat,8625.369999999999
2024-03-24,S02,Fruits & Vegetables,4957.36
2024-03-24,S02,Home Care,8053.02
2024-03-24,S02,Personal Care,5268.61
2024-03-24,S02,Spices & Masala,6234.5599999999995
2024-03-24,S02,Staples & Grains,16597.579999999998
2024-03-24,S02,Stationery & General,5138.83
2024-03-24,S03,Baby Care,26397.270000000008
2024-03-24,S03,Bakery,8246.04
2024-03-24,S03,Beverages,10587.74
2024-03-24,S03,Bill-level adjustments,-1981.42
2024-03-24,S03,Biscuits & Snacks,2548.44
2024-03-24,S03,Confectionery,9606.810000000001
2024-03-24,S03,Dairy,23043.180000000004
2024-03-24,S03,Edible Oils,53934.96
2024-03-24,S03,Frozen & Ready to Eat,16201.699999999997
2024-03-24,S03,Fruits & Vegetables,8312.96
2024-03-24,S03,Home Care,15017.750000000002
2024-03-24,S03,Personal Care,17420.370000000003
2024-03-24,S03,Spices & Masala,7822.009999999998
2024-03-24,S03,Staples & Grains,44774.43000000001
2024-03-24,S03,Stationery & General,8668.09
2024-03-24,S04,Baby Care,24579.460000000003
2024-03-24,S04,Bakery,4813.379999999999
2024-03-24,S04,Beverages,5661.4400000000005
2024-03-24,S04,Bill-level adjustments,-2271.17
2024-03-24,S04,Biscuits & Snacks,3350.639999999999
2024-03-24,S04,Confectionery,4473.729999999999
2024-03-24,S04,Dairy,11950.54
2024-03-24,S04,Edible Oils,20774.88
2024-03-24,S04,Frozen & Ready to Eat,8522.89
2024-03-24,S04,Fruits & Vegetables,2707.01
2024-03-24,S04,Home Care,12352.079999999998
2024-03-24,S04,Personal Care,15849.880000000001
2024-03-24,S04,Spices & Masala,8308.869999999999
2024-03-24,S04,Staples & Grains,45506.89000000001
2024-03-24,S04,Stationery & General,13030.959999999997
2024-03-24,S05,Baby Care,18344.58
2024-03-24,S05,Bakery,2523.47
2024-03-24,S05,Beverages,4798.41
2024-03-24,S05,Bill-level adjustments,-485.89
2024-03-24,S05,Biscuits & Snacks,1707.2
2024-03-24,S05,Confectionery,3445.85
2024-03-24,S05,Dairy,6218.629999999999
2024-03-24,S05,Edible Oils,6680.949999999999
2024-03-24,S05,Frozen & Ready to Eat,4344.079999999999
2024-03-24,S05,Fruits & Vegetables,2253.1200000000003
2024-03-24,S05,Home Care,7172.660000000001
2024-03-24,S05,Personal Care,17733.299999999996
2024-03-24,S05,Spices & Masala,2050.01
2024-03-24,S05,Staples & Grains,18914.600000000002
2024-03-24,S05,Stationery & General,7874.199999999999
2024-03-24,S06,Baby Care,20606.320000000003
2024-03-24,S06,Bakery,3484.0099999999998
2024-03-24,S06,Beverages,12832.68
2024-03-24,S06,Bill-level adjustments,-840.22
2024-03-24,S06,Biscuits & Snacks,2168.72
2024-03-24,S06,Confectionery,4632.95
2024-03-24,S06,Dairy,8408.66
2024-03-24,S06,Edible Oils,8197.759999999998
2024-03-24,S06,Frozen & Ready to Eat,8739.23
2024-03-24,S06,Fruits & Vegetables,4194.11
2024-03-24,S06,Home Care,6052.28
2024-03-24,S06,Personal Care,5971.859999999999
2024-03-24,S06,Spices & Masala,5147.219999999999
2024-03-24,S06,Staples & Grains,23303.69
2024-03-24,S06,Stationery & General,4225.1
2024-03-24,S07,Baby Care,21634.490000000005
2024-03-24,S07,Bakery,2147.92
2024-03-24,S07,Beverages,7425.92
2024-03-24,S07,Bill-level adjustments,-855.92
2024-03-24,S07,Biscuits & Snacks,2122.0
2024-03-24,S07,Confectionery,3707.25
2024-03-24,S07,Dairy,10399.5
2024-03-24,S07,Edible Oils,19976.989999999998
2024-03-24,S07,Frozen & Ready to Eat,11325.449999999997
2024-03-24,S07,Fruits & Vegetables,4563.349999999999
2024-03-24,S07,Home Care,3792.5699999999997
2024-03-24,S07,Personal Care,9430.77
2024-03-24,S07,Spices & Masala,2658.5499999999993
2024-03-24,S07,Staples & Grains,25715.55
2024-03-24,S07,Stationery & General,8215.84
2024-03-24,S08,Baby Care,31215.24
2024-03-24,S08,Bakery,3339.7
2024-03-24,S08,Beverages,9740.130000000001
2024-03-24,S08,Bill-level adjustments,-1336.2400000000002
2024-03-24,S08,Biscuits & Snacks,3083.62
2024-03-24,S08,Confectionery,3007.59
2024-03-24,S08,Dairy,10191.72
2024-03-24,S08,Edible Oils,22735.930000000004
2024-03-24,S08,Frozen & Ready to Eat,5215.19
2024-03-24,S08,Fruits & Vegetables,2678.55
2024-03-24,S08,Home Care,12017.01
2024-03-24,S08,Personal Care,10556.289999999999
2024-03-24,S08,Spices & Masala,4508.23
2024-03-24,S08,Staples & Grains,31148.610000000004
2024-03-24,S08,Stationery & General,9147.019999999999
2024-03-24,S09,Baby Care,8483.15
2024-03-24,S09,Bakery,953.27
2024-03-24,S09,Beverages,1470.3999999999999
2024-03-24,S09,Bill-level adjustments,-1346.6
2024-03-24,S09,Biscuits & Snacks,690.72
2024-03-24,S09,Confectionery,2207.64
2024-03-24,S09,Dairy,9524.94
2024-03-24,S09,Edible Oils,14982.419999999998
2024-03-24,S09,Frozen & Ready to Eat,4005.7899999999995
2024-03-24,S09,Fruits & Vegetables,1466.9900000000002
2024-03-24,S09,Home Care,3436.42
2024-03-24,S09,Personal Care,4887.94
2024-03-24,S09,Spices & Masala,3283.5600000000004
2024-03-24,S09,Staples & Grains,12376.910000000002
2024-03-24,S09,Stationery & General,5182.620000000001
2024-03-24,S10,Baby Care,36492.98000000001
2024-03-24,S10,Bakery,4541.440000000001
2024-03-24,S10,Beverages,8228.2
2024-03-24,S10,Bill-level adjustments,-3030.5699999999997
2024-03-24,S10,Biscuits & Snacks,2614.6999999999994
2024-03-24,S10,Confectionery,7779.74
2024-03-24,S10,Dairy,17538.54
2024-03-24,S10,Edible Oils,27752.66
2024-03-24,S10,Frozen & Ready to Eat,8402.8
2024-03-24,S10,Fruits & Vegetables,5847.72
2024-03-24,S10,Home Care,11301.49
2024-03-24,S10,Personal Care,11891.26
2024-03-24,S10,Spices & Masala,9020.699999999999
2024-03-24,S10,Staples & Grains,34333.740000000005
2024-03-24,S10,Stationery & General,7104.519999999999
2024-03-24,S11,Baby Care,19084.13
2024-03-24,S11,Bakery,3318.8599999999997
2024-03-24,S11,Beverages,7544.799999999999
2024-03-24,S11,Bill-level adjustments,-1670.99
2024-03-24,S11,Biscuits & Snacks,1316.5
2024-03-24,S11,Confectionery,2150.47
2024-03-24,S11,Dairy,13280.580000000004
2024-03-24,S11,Edible Oils,7777.9299999999985
2024-03-24,S11,Frozen & Ready to Eat,11571.070000000002
2024-03-24,S11,Fruits & Vegetables,4612.62
2024-03-24,S11,Home Care,7957.089999999999
2024-03-24,S11,Personal Care,5908.13
2024-03-24,S11,Spices & Masala,5519.09
2024-03-24,S11,Staples & Grains,36843.47
2024-03-24,S11,Stationery & General,6497.98
2024-03-24,S12,Baby Care,26149.820000000007
2024-03-24,S12,Bakery,2710.5
2024-03-24,S12,Beverages,12041.439999999999
2024-03-24,S12,Bill-level adjustments,-1542.3899999999999
2024-03-24,S12,Biscuits & Snacks,2008.2200000000005
2024-03-24,S12,Confectionery,3362.94
2024-03-24,S12,Dairy,14220.42
2024-03-24,S12,Edible Oils,43815.579999999994
2024-03-24,S12,Frozen & Ready to Eat,9246.69
2024-03-24,S12,Fruits & Vegetables,5387.030000000001
2024-03-24,S12,Home Care,9834.449999999999
2024-03-24,S12,Personal Care,15790.670000000002
2024-03-24,S12,Spices & Masala,6234.919999999999
2024-03-24,S12,Staples & Grains,42977.229999999996
2024-03-24,S12,Stationery & General,14131.800000000003
2024-03-25,S01,Baby Care,34255.57
2024-03-25,S01,Bakery,3107.0199999999995
2024-03-25,S01,Beverages,6366.620000000001
2024-03-25,S01,Bill-level adjustments,-545.9
2024-03-25,S01,Biscuits & Snacks,1636.1
2024-03-25,S01,Confectionery,4841.2699999999995
2024-03-25,S01,Dairy,6421.16
2024-03-25,S01,Edible Oils,18716.18
2024-03-25,S01,Frozen & Ready to Eat,9701.5
2024-03-25,S01,Fruits & Vegetables,3783.13
2024-03-25,S01,Home Care,4264.110000000001
2024-03-25,S01,Personal Care,8543.039999999999
2024-03-25,S01,Spices & Masala,5283.929999999999
2024-03-25,S01,Staples & Grains,35916.72
2024-03-25,S01,Stationery & General,5753.499999999998
2024-03-25,S02,Baby Care,15514.980000000001
2024-03-25,S02,Bakery,2861.8199999999997
2024-03-25,S02,Beverages,4666.07
2024-03-25,S02,Bill-level adjustments,-995.7
2024-03-25,S02,Biscuits & Snacks,1154.29
2024-03-25,S02,Confectionery,4319.13
2024-03-25,S02,Dairy,2377.7099999999996
2024-03-25,S02,Edible Oils,7365.9800000000005
2024-03-25,S02,Frozen & Ready to Eat,2764.33
2024-03-25,S02,Fruits & Vegetables,1451.8000000000002
2024-03-25,S02,Home Care,4354.04
2024-03-25,S02,Personal Care,4677.28
2024-03-25,S02,Spices & Masala,3123.0
2024-03-25,S02,Staples & Grains,13662.7
2024-03-25,S02,Stationery & General,3200.7699999999995
2024-03-25,S03,Baby Care,34040.76
2024-03-25,S03,Bakery,3693.9299999999994
2024-03-25,S03,Beverages,7799.460000000001
2024-03-25,S03,Bill-level adjustments,-1276.9499999999998
2024-03-25,S03,Biscuits & Snacks,576.49
2024-03-25,S03,Confectionery,3457.8199999999997
2024-03-25,S03,Dairy,6870.4
2024-03-25,S03,Edible Oils,8990.64
2024-03-25,S03,Frozen & Ready to Eat,5155.150000000001
2024-03-25,S03,Fruits & Vegetables,1436.2
2024-03-25,S03,Home Care,1962.49
2024-03-25,S03,Personal Care,9332.859999999999
2024-03-25,S03,Spices & Masala,4544.82
2024-03-25,S03,Staples & Grains,13412.869999999999
2024-03-25,S03,Stationery & General,3024.6899999999996
2024-03-25,S04,Baby Care,7696.6900000000005
2024-03-25,S04,Bakery,1717.87
2024-03-25,S04,Beverages,2557.1600000000003
2024-03-25,S04,Bill-level adjustments,-556.18
2024-03-25,S04,Biscuits & Snacks,1482.75
2024-03-25,S04,Confectionery,4050.42
2024-03-25,S04,Dairy,11211.5
2024-03-25,S04,Edible Oils,11704.17
2024-03-25,S04,Frozen & Ready to Eat,6551.7
2024-03-25,S04,Fruits & Vegetables,2261.2799999999997
2024-03-25,S04,Home Care,3056.1299999999997
2024-03-25,S04,Personal Care,2275.45
2024-03-25,S04,Spices & Masala,2212.24
2024-03-25,S04,Staples & Grains,19186.16
2024-03-25,S04,Stationery & General,288.81
2024-03-25,S05,Baby Care,7412.719999999999
2024-03-25,S05,Bakery,1255.73
2024-03-25,S05,Beverages,2767.6000000000004
2024-03-25,S05,Bill-level adjustments,-95.58
2024-03-25,S05,Biscuits & Snacks,917.9600000000002
2024-03-25,S05,Confectionery,2561.75
2024-03-25,S05,Dairy,3369.19
2024-03-25,S05,Edible Oils,4995.13
2024-03-25,S05,Frozen & Ready to Eat,1909.04
2024-03-25,S05,Fruits & Vegetables,1687.96
2024-03-25,S05,Home Care,4576.03
2024-03-25,S05,Personal Care,3894.19
2024-03-25,S05,Spices & Masala,2360.91
2024-03-25,S05,Staples & Grains,19937.149999999998
2024-03-25,S05,Stationery & General,2277.45
2024-03-25,S06,Baby Care,20063.93
2024-03-25,S06,Bakery,2209.81
2024-03-25,S06,Beverages,3394.8199999999997
2024-03-25,S06,Bill-level adjustments,-832.81
2024-03-25,S06,Biscuits & Snacks,1645.9500000000003
2024-03-25,S06,Confectionery,688.61
2024-03-25,S06,Dairy,7048.410000000001
2024-03-25,S06,Edible Oils,24392.359999999997
2024-03-25,S06,Frozen & Ready to Eat,5464.349999999999
2024-03-25,S06,Fruits & Vegetables,3994.13
2024-03-25,S06,Home Care,6117.71
2024-03-25,S06,Personal Care,7420.07
2024-03-25,S06,Spices & Masala,3827.48
2024-03-25,S06,Staples & Grains,14660.02
2024-03-25,S06,Stationery & General,5607.629999999999
2024-03-25,S07,Baby Care,16428.45
2024-03-25,S07,Bakery,1518.46
2024-03-25,S07,Beverages,-127.69999999999993
2024-03-25,S07,Bill-level adjustments,-350.58000000000004
2024-03-25,S07,Biscuits & Snacks,483.21000000000004
2024-03-25,S07,Confectionery,1075.26
2024-03-25,S07,Dairy,1586.94
2024-03-25,S07,Edible Oils,6034.33
2024-03-25,S07,Frozen & Ready to Eat,2877.29
2024-03-25,S07,Fruits & Vegetables,2364.5
2024-03-25,S07,Personal Care,2570.18
2024-03-25,S07,Spices & Masala,260.18
2024-03-25,S07,Staples & Grains,1896.9
2024-03-25,S07,Stationery & General,664.48
2024-03-25,S08,Baby Care,13686.249999999998
2024-03-25,S08,Bakery,2390.09
2024-03-25,S08,Beverages,5145.360000000001
2024-03-25,S08,Bill-level adjustments,-2125.28
2024-03-25,S08,Biscuits & Snacks,1604.1399999999999
2024-03-25,S08,Confectionery,2901.95
2024-03-25,S08,Dairy,3911.36
2024-03-25,S08,Edible Oils,13376.85
2024-03-25,S08,Frozen & Ready to Eat,4203.53
2024-03-25,S08,Fruits & Vegetables,4280.16
2024-03-25,S08,Home Care,2253.2499999999995
2024-03-25,S08,Personal Care,7844.700000000001
2024-03-25,S08,Spices & Masala,2618.32
2024-03-25,S08,Staples & Grains,27329.880000000005
2024-03-25,S08,Stationery & General,3482.879999999999
2024-03-25,S09,Baby Care,6812.92
2024-03-25,S09,Bakery,628.24
2024-03-25,S09,Beverages,2862.14
2024-03-25,S09,Bill-level adjustments,-527.02
2024-03-25,S09,Biscuits & Snacks,492.89
2024-03-25,S09,Confectionery,1833.35
2024-03-25,S09,Dairy,650.25
2024-03-25,S09,Edible Oils,7116.549999999998
2024-03-25,S09,Frozen & Ready to Eat,3973.61
2024-03-25,S09,Fruits & Vegetables,649.5699999999999
2024-03-25,S09,Home Care,3600.4599999999996
2024-03-25,S09,Personal Care,1970.55
2024-03-25,S09,Spices & Masala,2767.9
2024-03-25,S09,Staples & Grains,2997.3500000000004
2024-03-25,S09,Stationery & General,81.27
2024-03-25,S10,Baby Care,23714.54
2024-03-25,S10,Bakery,5371.89
2024-03-25,S10,Beverages,8262.84
2024-03-25,S10,Bill-level adjustments,-946.47
2024-03-25,S10,Biscuits & Snacks,2435.26
2024-03-25,S10,Confectionery,5809.429999999999
2024-03-25,S10,Dairy,13366.109999999999
2024-03-25,S10,Edible Oils,13603.460000000001
2024-03-25,S10,Frozen & Ready to Eat,8863.029999999999
2024-03-25,S10,Fruits & Vegetables,4635.449999999999
2024-03-25,S10,Home Care,10309.11
2024-03-25,S10,Personal Care,11532.679999999998
2024-03-25,S10,Spices & Masala,7617.499999999999
2024-03-25,S10,Staples & Grains,34575.22
2024-03-25,S10,Stationery & General,8604.96
2024-03-25,S11,Baby Care,17671.469999999998
2024-03-25,S11,Bakery,1572.83
2024-03-25,S11,Beverages,4173.719999999999
2024-03-25,S11,Bill-level adjustments,-411.32000000000005
2024-03-25,S11,Biscuits & Snacks,1723.73
2024-03-25,S11,Confectionery,2663.6000000000004
2024-03-25,S11,Dairy,6012.47
2024-03-25,S11,Edible Oils,18181.19
2024-03-25,S11,Frozen & Ready to Eat,5234.8099999999995
2024-03-25,S11,Fruits & Vegetables,3917.18
2024-03-25,S11,Home Care,5213.04
2024-03-25,S11,Personal Care,10427.61
2024-03-25,S11,Spices & Masala,4229.67
2024-03-25,S11,Staples & Grains,16807.070000000003
2024-03-25,S11,Stationery & General,3905.1099999999997
2024-03-25,S12,Baby Care,25876.24
2024-03-25,S12,Bakery,2205.2000000000003
2024-03-25,S12,Beverages,7667.419999999999
2024-03-25,S12,Bill-level adjustments,-2150.05
2024-03-25,S12,Biscuits & Snacks,1040.58
2024-03-25,S12,Confectionery,3762.57
2024-03-25,S12,Dairy,5870.32
2024-03-25,S12,Edible Oils,10120.01
2024-03-25,S12,Frozen & Ready to Eat,3099.25
2024-03-25,S12,Fruits & Vegetables,1556.7400000000002
2024-03-25,S12,Home Care,4812.76
2024-03-25,S12,Personal Care,7932.9
2024-03-25,S12,Spices & Masala,4277.46
2024-03-25,S12,Staples & Grains,16723.21
2024-03-25,S12,Stationery & General,4365.599999999999
2024-03-26,S01,Baby Care,24122.83
2024-03-26,S01,Bakery,2630.1400000000003
2024-03-26,S01,Beverages,4742.569999999999
2024-03-26,S01,Bill-level adjustments,-1449.8300000000002
2024-03-26,S01,Biscuits & Snacks,2595.3100000000004
2024-03-26,S01,Confectionery,4337.839999999999
2024-03-26,S01,Dairy,9614.099999999999
2024-03-26,S01,Edible Oils,22965.71
2024-03-26,S01,Frozen & Ready to Eat,6407.75
2024-03-26,S01,Fruits & Vegetables,4675.81
2024-03-26,S01,Home Care,2152.9500000000003
2024-03-26,S01,Personal Care,6228.429999999999
2024-03-26,S01,Spices & Masala,4607.31
2024-03-26,S01,Staples & Grains,17957.59
2024-03-26,S01,Stationery & General,3113.5499999999997
2024-03-26,S02,Baby Care,15811.050000000003
2024-03-26,S02,Bakery,2442.67
2024-03-26,S02,Beverages,4416.469999999999
2024-03-26,S02,Bill-level adjustments,-1424.7600000000002
2024-03-26,S02,Biscuits & Snacks,830.0600000000001
2024-03-26,S02,Confectionery,2590.77
2024-03-26,S02,Dairy,8314.82
2024-03-26,S02,Edible Oils,18283.75
2024-03-26,S02,Frozen & Ready to Eat,2297.8100000000004
2024-03-26,S02,Fruits & Vegetables,4783.139999999999
2024-03-26,S02,Home Care,7546.96
2024-03-26,S02,Personal Care,7948.030000000001
2024-03-26,S02,Spices & Masala,5389.33
2024-03-26,S02,Staples & Grains,26464.130000000005
2024-03-26,S02,Stationery & General,6612.05
2024-03-26,S03,Baby Care,12035.810000000001
2024-03-26,S03,Bakery,233.97000000000008
2024-03-26,S03,Beverages,2384.17
2024-03-26,S03,Bill-level adjustments,-1799.9
2024-03-26,S03,Biscuits & Snacks,630.0699999999999
2024-03-26,S03,Confectionery,2766.59
2024-03-26,S03,Dairy,3467.76
2024-03-26,S03,Edible Oils,9426.45
2024-03-26,S03,Frozen & Ready to Eat,4736.97
2024-03-26,S03,Fruits & Vegetables,1687.5200000000002
2024-03-26,S03,Home Care,6597.3
2024-03-26,S03,Personal Care,8724.84
2024-03-26,S03,Spices & Masala,3773.8600000000006
2024-03-26,S03,Staples & Grains,18332.010000000002
2024-03-26,S03,Stationery & General,735.3100000000002
2024-03-26,S04,Baby Care,35715.030000000006
2024-03-26,S04,Bakery,1431.2599999999998
2024-03-26,S04,Beverages,1882.7000000000003
2024-03-26,S04,Bill-level adjustments,-1308.97
2024-03-26,S04,Biscuits & Snacks,480.99
2024-03-26,S04,Confectionery,2217.04
2024-03-26,S04,Dairy,5926.360000000001
2024-03-26,S04,Edible Oils,9475.59
2024-03-26,S04,Frozen & Ready to Eat,3871.92
2024-03-26,S04,Fruits & Vegetables,1759.1100000000001
2024-03-26,S04,Home Care,3663.8300000000004
2024-03-26,S04,Personal Care,11791.670000000002
2024-03-26,S04,Spices & Masala,3343.5799999999995
2024-03-26,S04,Staples & Grains,15231.070000000002
2024-03-26,S04,Stationery & General,3961.92
2024-03-26,S05,Baby Care,9654.85
2024-03-26,S05,Bakery,2199.96
2024-03-26,S05,Beverages,2257.15
2024-03-26,S05,Bill-level adjustments,-889.79
2024-03-26,S05,Biscuits & Snacks,119.16999999999997
2024-03-26,S05,Confectionery,1686.8600000000001
2024-03-26,S05,Dairy,592.0
2024-03-26,S05,Edible Oils,11675.59
2024-03-26,S05,Frozen & Ready to Eat,2249.55
2024-03-26,S05,Fruits & Vegetables,2163.0099999999998
2024-03-26,S05,Home Care,565.16
2024-03-26,S05,Personal Care,1162.26
2024-03-26,S05,Spices & Masala,2067.48
2024-03-26,S05,Staples & Grains,9441.84
2024-03-26,S05,Stationery & General,949.3
2024-03-26,S06,Baby Care,11024.68
2024-03-26,S06,Bakery,3410.0099999999998
2024-03-26,S06,Beverages,4667.09
2024-03-26,S06,Bill-level adjustments,-1852.95
2024-03-26,S06,Biscuits & Snacks,1195.6100000000001
2024-03-26,S06,Confectionery,3571.2400000000002
2024-03-26,S06,Dairy,4817.389999999999
2024-03-26,S06,Edible Oils,9502.51
2024-03-26,S06,Frozen & Ready to Eat,6744.06
2024-03-26,S06,Fruits & Vegetables,1652.7500000000002
2024-03-26,S06,Home Care,668.5699999999999
2024-03-26,S06,Personal Care,2734.82
2024-03-26,S06,Spices & Masala,1512.58
2024-03-26,S06,Staples & Grains,37587.47
2024-03-26,S06,Stationery & General,3165.17
2024-03-26,S07,Baby Care,22350.24
2024-03-26,S07,Bakery,1933.31
2024-03-26,S07,Beverages,3374.2000000000003
2024-03-26,S07,Bill-level adjustments,-751.5899999999999
2024-03-26,S07,Biscuits & Snacks,1284.1999999999998
2024-03-26,S07,Confectionery,3033.9100000000003
2024-03-26,S07,Dairy,7385.720000000001
2024-03-26,S07,Edible Oils,7385.38
2024-03-26,S07,Frozen & Ready to Eat,9806.47
2024-03-26,S07,Fruits & Vegetables,2910.2400000000002
2024-03-26,S07,Home Care,4846.54
2024-03-26,S07,Personal Care,6162.9
2024-03-26,S07,Spices & Masala,934.22
2024-03-26,S07,Staples & Grains,11847.89
2024-03-26,S07,Stationery & General,2764.4499999999994
2024-03-26,S08,Baby Care,13915.17
2024-03-26,S08,Bakery,1845.09
2024-03-26,S08,Beverages,6410.5
2024-03-26,S08,Bill-level adjustments,-840.69
2024-03-26,S08,Biscuits & Snacks,1366.13
2024-03-26,S08,Confectionery,2317.39
2024-03-26,S08,Dairy,4294.57
2024-03-26,S08,Edible Oils,8438.000000000002
2024-03-26,S08,Frozen & Ready to Eat,3300.52
2024-03-26,S08,Fruits & Vegetables,2177.6400000000003
2024-03-26,S08,Home Care,4218.21
2024-03-26,S08,Personal Care,5555.110000000001
2024-03-26,S08,Spices & Masala,1710.6400000000003
2024-03-26,S08,Staples & Grains,20020.160000000003
2024-03-26,S08,Stationery & General,2004.33
2024-03-26,S09,Baby Care,2663.56
2024-03-26,S09,Bakery,541.6700000000001
2024-03-26,S09,Beverages,1928.54
2024-03-26,S09,Bill-level adjustments,-292.71
2024-03-26,S09,Biscuits & Snacks,710.46
2024-03-26,S09,Confectionery,597.22
2024-03-26,S09,Dairy,2621.31
2024-03-26,S09,Edible Oils,1694.91
2024-03-26,S09,Frozen & Ready to Eat,863.97
2024-03-26,S09,Fruits & Vegetables,1499.55
2024-03-26,S09,Home Care,183.8
2024-03-26,S09,Personal Care,6012.21
2024-03-26,S09,Spices & Masala,2045.98
2024-03-26,S09,Staples & Grains,6596.88
2024-03-26,S09,Stationery & General,642.03
2024-03-26,S10,Baby Care,35883.090000000004
2024-03-26,S10,Bakery,2803.8900000000003
2024-03-26,S10,Beverages,236.14000000000001
2024-03-26,S10,Bill-level adjustments,-154.82999999999998
2024-03-26,S10,Biscuits & Snacks,1099.0600000000002
2024-03-26,S10,Confectionery,4751.7
2024-03-26,S10,Dairy,4775.55
2024-03-26,S10,Edible Oils,23353.43
2024-03-26,S10,Frozen & Ready to Eat,5187.499999999999
2024-03-26,S10,Fruits & Vegetables,2940.66
2024-03-26,S10,Home Care,4792.720000000001
2024-03-26,S10,Personal Care,9620.64
2024-03-26,S10,Spices & Masala,4888.84
2024-03-26,S10,Staples & Grains,8366.69
2024-03-26,S10,Stationery & General,7756.41
2024-03-26,S11,Baby Care,12354.21
2024-03-26,S11,Bakery,1142.43
2024-03-26,S11,Beverages,4858.6900000000005
2024-03-26,S11,Bill-level adjustments,-309.08000000000004
2024-03-26,S11,Biscuits & Snacks,589.6300000000001
2024-03-26,S11,Confectionery,283.86
2024-03-26,S11,Dairy,2535.11
2024-03-26,S11,Edible Oils,5890.82
2024-03-26,S11,Frozen & Ready to Eat,1973.4
2024-03-26,S11,Fruits & Vegetables,543.09
2024-03-26,S11,Home Care,4876.0199999999995
2024-03-26,S11,Personal Care,9058.02
2024-03-26,S11,Spices & Masala,22.55000000000001
2024-03-26,S11,Staples & Grains,7006.18
2024-03-26,S11,Stationery & General,1673.2299999999998
2024-03-26,S12,Baby Care,5331.159999999999
2024-03-26,S12,Bakery,1965.97
2024-03-26,S12,Beverages,2887.92
2024-03-26,S12,Bill-level adjustments,-89.01
2024-03-26,S12,Biscuits & Snacks,535.55
2024-03-26,S12,Confectionery,1054.18
2024-03-26,S12,Dairy,6457.83
2024-03-26,S12,Edible Oils,8130.9
2024-03-26,S12,Frozen & Ready to Eat,2351.23
2024-03-26,S12,Fruits & Vegetables,1053.3700000000001
2024-03-26,S12,Home Care,6196.91
2024-03-26,S12,Personal Care,4638.25
2024-03-26,S12,Spices & Masala,3934.3100000000004
2024-03-26,S12,Staples & Grains,17423.38
2024-03-26,S12,Stationery & General,1251.94
2024-03-27,S01,Baby Care,26014.699999999997
2024-03-27,S01,Bakery,2833.0199999999995
2024-03-27,S01,Beverages,4386.199999999999
2024-03-27,S01,Bill-level adjustments,-3408.5399999999995
2024-03-27,S01,Biscuits & Snacks,2075.3100000000004
2024-03-27,S01,Confectionery,3311.7299999999996
2024-03-27,S01,Dairy,9815.06
2024-03-27,S01,Edible Oils,15557.94
2024-03-27,S01,Frozen & Ready to Eat,3016.08
2024-03-27,S01,Fruits & Vegetables,3360.35
2024-03-27,S01,Home Care,10000.689999999999
2024-03-27,S01,Personal Care,7536.589999999999
2024-03-27,S01,Spices & Masala,4450.709999999999
2024-03-27,S01,Staples & Grains,27862.299999999996
2024-03-27,S01,Stationery & General,9730.109999999999
2024-03-27,S02,Baby Care,9598.810000000001
2024-03-27,S02,Bakery,1869.3600000000001
2024-03-27,S02,Beverages,5995.45
2024-03-27,S02,Bill-level adjustments,-733.39
2024-03-27,S02,Biscuits & Snacks,804.61
2024-03-27,S02,Confectionery,3946.9499999999994
2024-03-27,S02,Dairy,5387.74
2024-03-27,S02,Edible Oils,12865.19
2024-03-27,S02,Frozen & Ready to Eat,5808.91
2024-03-27,S02,Fruits & Vegetables,591.69
2024-03-27,S02,Home Care,5913.079999999999
2024-03-27,S02,Personal Care,4017.5599999999995
2024-03-27,S02,Spices & Masala,1537.97
2024-03-27,S02,Staples & Grains,15950.769999999999
2024-03-27,S02,Stationery & General,1559.67
2024-03-27,S03,Baby Care,7593.84
2024-03-27,S03,Bakery,2454.2899999999995
2024-03-27,S03,Beverages,2942.9300000000003
2024-03-27,S03,Bill-level adjustments,-3028.46
2024-03-27,S03,Biscuits & Snacks,2299.8100000000004
2024-03-27,S03,Confectionery,3787.68
2024-03-27,S03,Dairy,6971.550000000001
2024-03-27,S03,Edible Oils,27950.94
2024-03-27,S03,Frozen & Ready to Eat,7087.59
2024-03-27,S03,Fruits & Vegetables,3895.8900000000003
2024-03-27,S03,Home Care,4689.63
2024-03-27,S03,Personal Care,10260.58
2024-03-27,S03,Spices & Masala,4147.95
2024-03-27,S03,Staples & Grains,35498.77
2024-03-27,S03,Stationery & General,5468.939999999999
2024-03-27,S04,Baby Care,5485.17
2024-03-27,S04,Bakery,1487.02
2024-03-27,S04,Beverages,4893.63
2024-03-27,S04,Bill-level adjustments,-304.64
2024-03-27,S04,Biscuits & Snacks,923.7900000000001
2024-03-27,S04,Confectionery,2468.82
2024-03-27,S04,Dairy,4409.77
2024-03-27,S04,Edible Oils,13989.699999999999
2024-03-27,S04,Fruits & Vegetables,1266.25
2024-03-27,S04,Home Care,2217.84
2024-03-27,S04,Personal Care,3995.4
2024-03-27,S04,Spices & Masala,3468.05
2024-03-27,S04,Staples & Grains,13557.899999999998
2024-03-27,S04,Stationery & General,4155.0199999999995
2024-03-27,S05,Baby Care,11207.910000000002
2024-03-27,S05,Bakery,1865.4400000000003
2024-03-27,S05,Beverages,5372.55
2024-03-27,S05,Bill-level adjustments,0.0
2024-03-27,S05,Biscuits & Snacks,285.6
2024-03-27,S05,Confectionery,2142.74
2024-03-27,S05,Dairy,269.6000000000001
2024-03-27,S05,Edible Oils,8243.65
2024-03-27,S05,Frozen & Ready to Eat,3105.1099999999997
2024-03-27,S05,Fruits & Vegetables,936.16
2024-03-27,S05,Home Care,1979.13
2024-03-27,S05,Personal Care,3326.9099999999994
2024-03-27,S05,Spices & Masala,762.16
2024-03-27,S05,Staples & Grains,11221.570000000002
2024-03-27,S05,Stationery & General,1118.1999999999998
2024-03-27,S06,Baby Care,18075.610000000004
2024-03-27,S06,Bakery,2572.59
2024-03-27,S06,Beverages,3631.08
2024-03-27,S06,Bill-level adjustments,-645.8299999999999
2024-03-27,S06,Biscuits & Snacks,3157.8800000000006
2024-03-27,S06,Confectionery,3670.4900000000002
2024-03-27,S06,Dairy,13993.570000000002
2024-03-27,S06,Edible Oils,18724.100000000002
2024-03-27,S06,Frozen & Ready to Eat,10366.94
2024-03-27,S06,Fruits & Vegetables,3919.3199999999997
2024-03-27,S06,Home Care,4779.919999999999
2024-03-27,S06,Personal Care,5516.41
2024-03-27,S06,Spices & Masala,3361.2699999999995
2024-03-27,S06,Staples & Grains,23419.659999999996
2024-03-27,S06,Stationery & General,4931.48
2024-03-27,S07,Baby Care,7741.620000000001
2024-03-27,S07,Bakery,2729.7699999999995
2024-03-27,S07,Beverages,1329.95
2024-03-27,S07,Bill-level adjustments,-406.89000000000004
2024-03-27,S07,Biscuits & Snacks,1112.78
2024-03-27,S07,Confectionery,4677.950000000001
2024-03-27,S07,Dairy,5894.830000000001
2024-03-27,S07,Edible Oils,3194.8599999999997
2024-03-27,S07,Frozen & Ready to Eat,5636.51
2024-03-27,S07,Fruits & Vegetables,1836.6499999999999
2024-03-27,S07,Home Care,2760.36
2024-03-27,S07,Personal Care,4325.26
2024-03-27,S07,Spices & Masala,4714.37
2024-03-27,S07,Staples & Grains,13393.850000000002
2024-03-27,S07,Stationery & General,4741.64
2024-03-27,S08,Baby Care,5591.87
2024-03-27,S08,Bakery,1748.32
2024-03-27,S08,Beverages,2124.9500000000003
2024-03-27,S08,Bill-level adjustments,-1129.96
2024-03-27,S08,Biscuits & Snacks,972.4499999999999
2024-03-27,S08,Confectionery,2472.34
2024-03-27,S08,Dairy,9990.22
2024-03-27,S08,Edible Oils,6951.45
2024-03-27,S08,Frozen & Ready to Eat,3298.0599999999995
2024-03-27,S08,Fruits & Vegetables,1348.3700000000001
2024-03-27,S08,Home Care,2245.8
2024-03-27,S08,Personal Care,8984.77
2024-03-27,S08,Spices & Masala,3385.32
2024-03-27,S08,Staples & Grains,2638.0
2024-03-27,S08,Stationery & General,2939.3699999999994
2024-03-27,S09,Baby Care,9069.51
2024-03-27,S09,Bakery,1365.89
2024-03-27,S09,Beverages,2979.82
2024-03-27,S09,Bill-level adjustments,0.0
2024-03-27,S09,Biscuits & Snacks,444.63
2024-03-27,S09,Confectionery,1302.08
2024-03-27,S09,Dairy,3464.83
2024-03-27,S09,Edible Oils,3723.5800000000004
2024-03-27,S09,Frozen & Ready to Eat,3578.92
2024-03-27,S09,Fruits & Vegetables,1498.1999999999998
2024-03-27,S09,Home Care,774.94
2024-03-27,S09,Personal Care,2095.65
2024-03-27,S09,Spices & Masala,2444.98
2024-03-27,S09,Staples & Grains,9925.53
2024-03-27,S09,Stationery & General,2347.7799999999997
2024-03-27,S10,Baby Care,15688.580000000002
2024-03-27,S10,Bakery,2616.7400000000002
2024-03-27,S10,Beverages,4516.15
2024-03-27,S10,Bill-level adjustments,-1940.9
2024-03-27,S10,Biscuits & Snacks,2818.7599999999993
2024-03-27,S10,Confectionery,2669.7099999999996
2024-03-27,S10,Dairy,12469.98
2024-03-27,S10,Edible Oils,25109.71
2024-03-27,S10,Frozen & Ready to Eat,11557.470000000001
2024-03-27,S10,Fruits & Vegetables,3946.1099999999997
2024-03-27,S10,Home Care,6760.599999999999
2024-03-27,S10,Personal Care,2662.0099999999998
2024-03-27,S10,Spices & Masala,5296.34
2024-03-27,S10,Staples & Grains,22610.769999999997
2024-03-27,S10,Stationery & General,6000.259999999999
2024-03-27,S11,Baby Care,8716.17
2024-03-27,S11,Bakery,1991.38
2024-03-27,S11,Beverages,3608.32
2024-03-27,S11,Bill-level adjustments,-417.29
2024-03-27,S11,Biscuits & Snacks,675.43
2024-03-27,S11,Confectionery,2498.26
2024-03-27,S11,Dairy,5502.210000000001
2024-03-27,S11,Edible Oils,6041.889999999999
2024-03-27,S11,Frozen & Ready to Eat,4019.039999999999
2024-03-27,S11,Fruits & Vegetables,2060.5800000000004
2024-03-27,S11,Home Care,4120.57
2024-03-27,S11,Personal Care,4161.4
2024-03-27,S11,Spices & Masala,2284.2599999999998
2024-03-27,S11,Staples & Grains,13443.159999999998
2024-03-27,S11,Stationery & General,2821.98
2024-03-27,S12,Baby Care,20830.019999999997
2024-03-27,S12,Bakery,2766.0
2024-03-27,S12,Beverages,2981.53
2024-03-27,S12,Bill-level adjustments,-1231.84
2024-03-27,S12,Biscuits & Snacks,937.54
2024-03-27,S12,Confectionery,1418.02
2024-03-27,S12,Dairy,6550.4800000000005
2024-03-27,S12,Edible Oils,19204.420000000002
2024-03-27,S12,Frozen & Ready to Eat,7518.199999999998
2024-03-27,S12,Fruits & Vegetables,2686.24
2024-03-27,S12,Home Care,3382.4
2024-03-27,S12,Personal Care,4518.24
2024-03-27,S12,Spices & Masala,4661.09
2024-03-27,S12,Staples & Grains,8693.25
2024-03-27,S12,Stationery & General,5430.89
2024-03-28,S01,Baby Care,25637.300000000003
2024-03-28,S01,Bakery,1906.0700000000002
2024-03-28,S01,Beverages,4329.06
2024-03-28,S01,Bill-level adjustments,-963.46
2024-03-28,S01,Biscuits & Snacks,2558.5099999999998
2024-03-28,S01,Confectionery,2776.25
2024-03-28,S01,Dairy,9701.720000000001
2024-03-28,S01,Edible Oils,28766.11
2024-03-28,S01,Frozen & Ready to Eat,5476.7300000000005
2024-03-28,S01,Fruits & Vegetables,7362.670000000002
2024-03-28,S01,Home Care,3227.85
2024-03-28,S01,Personal Care,16113.750000000004
2024-03-28,S01,Spices & Masala,3135.8300000000004
2024-03-28,S01,Staples & Grains,14126.340000000002
2024-03-28,S01,Stationery & General,7422.089999999999
2024-03-28,S02,Baby Care,33644.520000000004
2024-03-28,S02,Bakery,4481.36
2024-03-28,S02,Beverages,9422.710000000001
2024-03-28,S02,Bill-level adjustments,-3854.0800000000004
2024-03-28,S02,Biscuits & Snacks,1521.8
2024-03-28,S02,Confectionery,4335.02
2024-03-28,S02,Dairy,11216.300000000001
2024-03-28,S02,Edible Oils,20854.289999999997
2024-03-28,S02,Frozen & Ready to Eat,5314.4299999999985
2024-03-28,S02,Fruits & Vegetables,5227.720000000001
2024-03-28,S02,Home Care,7218.389999999999
2024-03-28,S02,Personal Care,8992.439999999999
2024-03-28,S02,Spices & Masala,2164.06
2024-03-28,S02,Staples & Grains,29961.160000000007
2024-03-28,S02,Stationery & General,8433.289999999999
2024-03-28,S03,Baby Care,20553.01
2024-03-28,S03,Bakery,3164.7599999999998
2024-03-28,S03,Beverages,5494.25
2024-03-28,S03,Bill-level adjustments,-942.8399999999999
2024-03-28,S03,Biscuits & Snacks,1789.7400000000002
2024-03-28,S03,Confectionery,5632.49
2024-03-28,S03,Dairy,17412.95
2024-03-28,S03,Edible Oils,29769.149999999998
2024-03-28,S03,Frozen & Ready to Eat,10462.130000000001
2024-03-28,S03,Fruits & Vegetables,4846.749999999999
2024-03-28,S03,Home Care,4596.03
2024-03-28,S03,Personal Care,8856.89
2024-03-28,S03,Spices & Masala,6413.8099999999995
2024-03-28,S03,Staples & Grains,14971.32
2024-03-28,S03,Stationery & General,5113.96
2024-03-28,S04,Baby Care,5494.49
2024-03-28,S04,Bakery,3099.77
2024-03-28,S04,Beverages,4136.27
2024-03-28,S04,Bill-level adjustments,-1400.72
2024-03-28,S04,Biscuits & Snacks,2149.1400000000003
2024-03-28,S04,Confectionery,2837.69
2024-03-28,S04,Dairy,4775.540000000001
2024-03-28,S04,Edible Oils,15075.52
2024-03-28,S04,Frozen & Ready to Eat,9300.78
2024-03-28,S04,Fruits & Vegetables,4084.1999999999994
2024-03-28,S04,Home Care,4886.72
2024-03-28,S04,Personal Care,6815.289999999999
2024-03-28,S04,Spices & Masala,3883.79
2024-03-28,S04,Staples & Grains,12375.91
2024-03-28,S04,Stationery & General,3710.29
2024-03-28,S05,Baby Care,12928.66
2024-03-28,S05,Bakery,642.37
2024-03-28,S05,Beverages,1176.45
2024-03-28,S05,Bill-level adjustments,-258.38
2024-03-28,S05,Biscuits & Snacks,726.68
2024-03-28,S05,Confectionery,1202.6299999999999
2024-03-28,S05,Dairy,3622.32
2024-03-28,S05,Edible Oils,6213.66
2024-03-28,S05,Frozen & Ready to Eat,3286.7000000000003
2024-03-28,S05,Fruits & Vegetables,2567.1099999999997
2024-03-28,S05,Home Care,1011.9
2024-03-28,S05,Personal Care,1489.8
2024-03-28,S05,Spices & Masala,1899.5900000000001
2024-03-28,S05,Staples & Grains,7745.889999999999
2024-03-28,S05,Stationery & General,2469.1400000000003
2024-03-28,S06,Baby Care,22095.850000000002
2024-03-28,S06,Bakery,2379.73
2024-03-28,S06,Beverages,7776.9
2024-03-28,S06,Bill-level adjustments,-2096.3100000000004
2024-03-28,S06,Biscuits & Snacks,1806.87
2024-03-28,S06,Confectionery,5963.829999999999
2024-03-28,S06,Dairy,10484.260000000002
2024-03-28,S06,Edible Oils,19916.350000000006
2024-03-28,S06,Frozen & Ready to Eat,9932.58
2024-03-28,S06,Fruits & Vegetables,4789.670000000001
2024-03-28,S06,Home Care,6333.509999999999
2024-03-28,S06,Personal Care,12384.809999999998
2024-03-28,S06,Spices & Masala,1768.09
2024-03-28,S06,Staples & Grains,20929.730000000003
2024-03-28,S06,Stationery & General,8784.390000000001
2024-03-28,S07,Baby Care,17825.33
2024-03-28,S07,Bakery,2324.46
2024-03-28,S07,Beverages,163.89999999999998
2024-03-28,S07,Bill-level adjustments,-1124.05
2024-03-28,S07,Biscuits & Snacks,617.26
2024-03-28,S07,Confectionery,1601.06
2024-03-28,S07,Dairy,5244.49
2024-03-28,S07,Edible Oils,7785.68
2024-03-28,S07,Frozen & Ready to Eat,5054.430000000001
2024-03-28,S07,Fruits & Vegetables,1507.9099999999999
2024-03-28,S07,Home Care,7223.409999999999
2024-03-28,S07,Personal Care,8963.78
2024-03-28,S07,Spices & Masala,1738.1799999999998
2024-03-28,S07,Staples & Grains,32607.350000000002
2024-03-28,S07,Stationery & General,1134.1599999999999
2024-03-28,S08,Baby Care,1665.52
2024-03-28,S08,Bakery,986.84
2024-03-28,S08,Beverages,2083.49
2024-03-28,S08,Bill-level adjustments,-196.91
2024-03-28,S08,Biscuits & Snacks,301.89
2024-03-28,S08,Confectionery,2981.83
2024-03-28,S08,Dairy,6448.949999999999
2024-03-28,S08,Edible Oils,9529.76
2024-03-28,S08,Frozen & Ready to Eat,4832.6
2024-03-28,S08,Fruits & Vegetables,2073.46
2024-03-28,S08,Home Care,1416.9
2024-03-28,S08,Personal Care,7362.91
2024-03-28,S08,Spices & Masala,2507.7899999999995
2024-03-28,S08,Staples & Grains,3414.09
2024-03-28,S08,Stationery & General,2893.3999999999996
2024-03-28,S09,Baby Care,8283.44
2024-03-28,S09,Bakery,1160.54
2024-03-28,S09,Beverages,587.88
2024-03-28,S09,Bill-level adjustments,-682.21
2024-03-28,S09,Biscuits & Snacks,1415.79
2024-03-28,S09,Confectionery,6274.67
2024-03-28,S09,Dairy,4442.63
2024-03-28,S09,Edible Oils,19933.110000000004
2024-03-28,S09,Frozen & Ready to Eat,3265.51
2024-03-28,S09,Fruits & Vegetables,4595.14
2024-03-28,S09,Home Care,6439.139999999999
2024-03-28,S09,Personal Care,8630.82
2024-03-28,S09,Spices & Masala,4158.68
2024-03-28,S09,Staples & Grains,8441.07
2024-03-28,S09,Stationery & General,3743.1400000000003
2024-03-28,S10,Baby Care,19758.45
2024-03-28,S10,Bakery,3218.76
2024-03-28,S10,Beverages,9688.4
2024-03-28,S10,Bill-level adjustments,-1809.7400000000002
2024-03-28,S10,Biscuits & Snacks,1558.0499999999997
2024-03-28,S10,Confectionery,4660.729999999999
2024-03-28,S10,Dairy,9886.06
2024-03-28,S10,Edible Oils,17138.31
2024-03-28,S10,Frozen & Ready to Eat,7699.699999999999
2024-03-28,S10,Fruits & Vegetables,2990.4300000000003
2024-03-28,S10,Home Care,7434.2
2024-03-28,S10,Personal Care,8713.58
2024-03-28,S10,Spices & Masala,5580.35
2024-03-28,S10,Staples & Grains,7519.279999999999
2024-03-28,S10,Stationery & General,3138.13
2024-03-28,S11,Baby Care,12409.55
2024-03-28,S11,Bakery,1200.86
2024-03-28,S11,Beverages,4456.630000000001
2024-03-28,S11,Bill-level adjustments,-426.83
2024-03-28,S11,Biscuits & Snacks,516.32
2024-03-28,S11,Confectionery,3926.2099999999996
2024-03-28,S11,Dairy,5287.07
2024-03-28,S11,Edible Oils,3024.55
2024-03-28,S11,Frozen & Ready to Eat,5618.4
2024-03-28,S11,Fruits & Vegetables,1520.9299999999998
2024-03-28,S11,Home Care,231.95
2024-03-28,S11,Personal Care,3689.07
2024-03-28,S11,Spices & Masala,2291.85
2024-03-28,S11,Staples & Grains,14800.61
2024-03-28,S11,Stationery & General,4331.09
2024-03-28,S12,Baby Care,32532.83
2024-03-28,S12,Bakery,2238.27
2024-03-28,S12,Beverages,2399.5299999999997
2024-03-28,S12,Bill-level adjustments,-2333.9700000000003
2024-03-28,S12,Biscuits & Snacks,1022.3000000000002
2024-03-28,S12,Confectionery,3148.5600000000004
2024-03-28,S12,Dairy,5672.3099999999995
2024-03-28,S12,Edible Oils,18415.660000000003
2024-03-28,S12,Frozen & Ready to Eat,6767.87
2024-03-28,S12,Fruits & Vegetables,2683.31
2024-03-28,S12,Home Care,8129.379999999998
2024-03-28,S12,Personal Care,5463.69
2024-03-28,S12,Spices & Masala,2210.8900000000003
2024-03-28,S12,Staples & Grains,18867.75
2024-03-28,S12,Stationery & General,3840.24
2024-03-29,S01,Baby Care,20868.590000000004
2024-03-29,S01,Bakery,3308.4799999999996
2024-03-29,S01,Beverages,4389.06
2024-03-29,S01,Bill-level adjustments,-584.15
2024-03-29,S01,Biscuits & Snacks,1053.1399999999999
2024-03-29,S01,Confectionery,3612.3899999999994
2024-03-29,S01,Dairy,6034.75
2024-03-29,S01,Edible Oils,23118.179999999997
2024-03-29,S01,Frozen & Ready to Eat,7305.999999999999
2024-03-29,S01,Fruits & Vegetables,4723.69
2024-03-29,S01,Home Care,7713.63
2024-03-29,S01,Personal Care,11241.400000000003
2024-03-29,S01,Spices & Masala,2724.2299999999996
2024-03-29,S01,Staples & Grains,8995.07
2024-03-29,S01,Stationery & General,4977.4400000000005
2024-03-29,S02,Baby Care,28967.01
2024-03-29,S02,Bakery,4407.54
2024-03-29,S02,Beverages,5792.58
2024-03-29,S02,Bill-level adjustments,-2554.66
2024-03-29,S02,Biscuits & Snacks,2382.9
2024-03-29,S02,Confectionery,11411.840000000002
2024-03-29,S02,Dairy,20415.029999999995
2024-03-29,S02,Edible Oils,34771.59
2024-03-29,S02,Frozen & Ready to Eat,7386.77
2024-03-29,S02,Fruits & Vegetables,4318.34
2024-03-29,S02,Home Care,6879.089999999999
2024-03-29,S02,Personal Care,11726.87
2024-03-29,S02,Spices & Masala,4946.409999999999
2024-03-29,S02,Staples & Grains,24513.410000000003
2024-03-29,S02,Stationery & General,5361.929999999999
2024-03-29,S03,Baby Care,40718.16999999999
2024-03-29,S03,Bakery,10517.870000000003
2024-03-29,S03,Beverages,7400.48
2024-03-29,S03,Bill-level adjustments,-1492.52
2024-03-29,S03,Biscuits & Snacks,1519.2800000000004
2024-03-29,S03,Confectionery,10212.4
2024-03-29,S03,Dairy,15437.279999999999
2024-03-29,S03,Edible Oils,31748.129999999997
2024-03-29,S03,Frozen & Ready to Eat,14006.499999999998
2024-03-29,S03,Fruits & Vegetables,5049.259999999999
2024-03-29,S03,Home Care,13008.359999999999
2024-03-29,S03,Personal Care,20549.99
2024-03-29,S03,Spices & Masala,6757.59
2024-03-29,S03,Staples & Grains,28893.530000000006
2024-03-29,S03,Stationery & General,11916.08
2024-03-29,S04,Baby Care,21743.68
2024-03-29,S04,Bakery,3486.9100000000003
2024-03-29,S04,Beverages,5181.48
2024-03-29,S04,Bill-level adjustments,-686.25
2024-03-29,S04,Biscuits & Snacks,1282.6599999999999
2024-03-29,S04,Confectionery,4073.78
2024-03-29,S04,Dairy,6423.3099999999995
2024-03-29,S04,Edible Oils,10913.820000000002
2024-03-29,S04,Frozen & Ready to Eat,7890.6900000000005
2024-03-29,S04,Fruits & Vegetables,3956.4100000000003
2024-03-29,S04,Home Care,3155.65
2024-03-29,S04,Personal Care,10636.300000000001
2024-03-29,S04,Spices & Masala,4590.89
2024-03-29,S04,Staples & Grains,18694.700000000004
2024-03-29,S04,Stationery & General,4321.410000000001
2024-03-29,S05,Baby Care,15328.94
2024-03-29,S05,Bakery,1550.67
2024-03-29,S05,Beverages,3307.16
2024-03-29,S05,Bill-level adjustments,-423.84000000000003
2024-03-29,S05,Biscuits & Snacks,1204.39
2024-03-29,S05,Confectionery,5200.79
2024-03-29,S05,Dairy,6067.72
2024-03-29,S05,Edible Oils,5624.5199999999995
2024-03-29,S05,Frozen & Ready to Eat,5772.5199999999995
2024-03-29,S05,Fruits & Vegetables,3513.9299999999994
2024-03-29,S05,Home Care,1122.0900000000001
2024-03-29,S05,Personal Care,6560.860000000001
2024-03-29,S05,Spices & Masala,1928.19
2024-03-29,S05,Staples & Grains,9606.119999999999
2024-03-29,S05,Stationery & General,4250.500000000001
2024-03-29,S06,Baby Care,23995.400000000005
2024-03-29,S06,Bakery,2911.9700000000003
2024-03-29,S06,Beverages,9613.35
2024-03-29,S06,Bill-level adjustments,-2307.05
2024-03-29,S06,Biscuits & Snacks,1458.26
2024-03-29,S06,Confectionery,6676.389999999999
2024-03-29,S06,Dairy,10313.8
2024-03-29,S06,Edible Oils,28851.27
2024-03-29,S06,Frozen & Ready to Eat,6962.1
2024-03-29,S06,Fruits & Vegetables,5776.28
2024-03-29,S06,Home Care,4585.87
2024-03-29,S06,Personal Care,12717.0
2024-03-29,S06,Spices & Masala,5051.179999999999
2024-03-29,S06,Staples & Grains,32242.68000000001
2024-03-29,S06,Stationery & General,13096.25
2024-03-29,S07,Baby Care,21963.82
2024-03-29,S07,Bakery,2801.97
2024-03-29,S07,Beverages,4025.0499999999997
2024-03-29,S07,Bill-level adjustments,-952.9
2024-03-29,S07,Biscuits & Snacks,1136.3000000000002
2024-03-29,S07,Confectionery,2614.68
2024-03-29,S07,Dairy,11238.800000000003
2024-03-29,S07,Edible Oils,17312.23
2024-03-29,S07,Frozen & Ready to Eat,5944.489999999999
2024-03-29,S07,Fruits & Vegetables,2340.8900000000003
2024-03-29,S07,Home Care,3272.12
2024-03-29,S07,Personal Care,3818.139999999999
2024-03-29,S07,Spices & Masala,3474.13
2024-03-29,S07,Staples & Grains,18509.98
2024-03-29,S07,Stationery & General,4405.889999999999
2024-03-29,S08,Baby Care,9968.04
2024-03-29,S08,Bakery,1359.95
2024-03-29,S08,Beverages,3111.1099999999997
2024-03-29,S08,Bill-level adjustments,-845.8499999999999
2024-03-29,S08,Biscuits & Snacks,562.27
2024-03-29,S08,Confectionery,848.9500000000002
2024-03-29,S08,Dairy,3249.14
2024-03-29,S08,Edible Oils,14205.140000000001
2024-03-29,S08,Frozen & Ready to Eat,6050.189999999999
2024-03-29,S08,Fruits & Vegetables,2105.9200000000005
2024-03-29,S08,Home Care,4474.37
2024-03-29,S08,Personal Care,7592.33
2024-03-29,S08,Spices & Masala,2451.1800000000003
2024-03-29,S08,Staples & Grains,27361.949999999997
2024-03-29,S08,Stationery & General,2790.6499999999996
2024-03-29,S09,Baby Care,9339.9
2024-03-29,S09,Bakery,120.19999999999999
2024-03-29,S09,Beverages,3538.42
2024-03-29,S09,Bill-level adjustments,-586.53
2024-03-29,S09,Biscuits & Snacks,1149.3
2024-03-29,S09,Confectionery,1219.87
2024-03-29,S09,Dairy,5476.9400000000005
2024-03-29,S09,Edible Oils,4561.46
2024-03-29,S09,Frozen & Ready to Eat,3061.72
2024-03-29,S09,Fruits & Vegetables,1068.28
2024-03-29,S09,Home Care,2574.19
2024-03-29,S09,Personal Care,4053.06
2024-03-29,S09,Spices & Masala,4147.73
2024-03-29,S09,Staples & Grains,7479.22
2024-03-29,S09,Stationery & General,1385.02
2024-03-29,S10,Baby Care,39298.11000000001
2024-03-29,S10,Bakery,2665.97
2024-03-29,S10,Beverages,8937.48
2024-03-29,S10,Bill-level adjustments,-1958.71
2024-03-29,S10,Biscuits & Snacks,1676.21
2024-03-29,S10,Confectionery,3896.64
2024-03-29,S10,Dairy,13312.95
2024-03-29,S10,Edible Oils,27099.530000000006
2024-03-29,S10,Frozen & Ready to Eat,14089.230000000003
2024-03-29,S10,Fruits & Vegetables,2958.4
2024-03-29,S10,Home Care,9773.900000000001
2024-03-29,S10,Personal Care,7257.92
2024-03-29,S10,Spices & Masala,6498.13
2024-03-29,S10,Staples & Grains,33593.520000000004
2024-03-29,S10,Stationery & General,6738.610000000001
2024-03-29,S11,Baby Care,18323.39
2024-03-29,S11,Bakery,2736.5
2024-03-29,S11,Beverages,1966.65
2024-03-29,S11,Bill-level adjustments,-1793.77
2024-03-29,S11,Biscuits & Snacks,1693.9099999999999
2024-03-29,S11,Confectionery,1959.67
2024-03-29,S11,Dairy,11633.79
2024-03-29,S11,Edible Oils,14927.079999999998
2024-03-29,S11,Frozen & Ready to Eat,4774.629999999999
2024-03-29,S11,Fruits & Vegetables,3037.87
2024-03-29,S11,Home Care,4443.780000000001
2024-03-29,S11,Personal Care,7454.759999999999
2024-03-29,S11,Spices & Masala,2185.2099999999996
2024-03-29,S11,Staples & Grains,33329.99
2024-03-29,S11,Stationery & General,3773.87
2024-03-29,S12,Baby Care,15263.67
2024-03-29,S12,Bakery,2319.16
2024-03-29,S12,Beverages,3249.21
2024-03-29,S12,Bill-level adjustments,-2110.56
2024-03-29,S12,Biscuits & Snacks,1419.32
2024-03-29,S12,Confectionery,4352.76
2024-03-29,S12,Dairy,5335.82
2024-03-29,S12,Edible Oils,17057.899999999998
2024-03-29,S12,Frozen & Ready to Eat,5094.1799999999985
2024-03-29,S12,Fruits & Vegetables,2244.3199999999997
2024-03-29,S12,Home Care,5454.389999999999
2024-03-29,S12,Personal Care,8859.789999999999
2024-03-29,S12,Spices & Masala,3263.7000000000003
2024-03-29,S12,Staples & Grains,44114.31
2024-03-29,S12,Stationery & General,7927.929999999999
2024-03-30,S01,Baby Care,25445.600000000006
2024-03-30,S01,Bakery,3482.3700000000003
2024-03-30,S01,Beverages,10877.640000000001
2024-03-30,S01,Bill-level adjustments,-925.4800000000001
2024-03-30,S01,Biscuits & Snacks,1964.0800000000004
2024-03-30,S01,Confectionery,4996.43
2024-03-30,S01,Dairy,15209.630000000001
2024-03-30,S01,Edible Oils,21785.57
2024-03-30,S01,Frozen & Ready to Eat,8514.359999999997
2024-03-30,S01,Fruits & Vegetables,3740.0499999999997
2024-03-30,S01,Home Care,5071.65
2024-03-30,S01,Personal Care,12315.14
2024-03-30,S01,Spices & Masala,5680.429999999999
2024-03-30,S01,Staples & Grains,40587.3
2024-03-30,S01,Stationery & General,7030.029999999999
2024-03-30,S02,Baby Care,25905.440000000002
2024-03-30,S02,Bakery,2488.0599999999995
2024-03-30,S02,Beverages,10539.999999999998
2024-03-30,S02,Bill-level adjustments,-2878.3
2024-03-30,S02,Biscuits & Snacks,2268.73
2024-03-30,S02,Confectionery,4045.9
2024-03-30,S02,Dairy,17355.94
2024-03-30,S02,Edible Oils,15315.759999999998
2024-03-30,S02,Frozen & Ready to Eat,8838.499999999998
2024-03-30,S02,Fruits & Vegetables,3353.2599999999998
2024-03-30,S02,Home Care,9436.089999999998
2024-03-30,S02,Personal Care,8409.909999999998
2024-03-30,S02,Spices & Masala,9129.329999999998
2024-03-30,S02,Staples & Grains,28215.65
2024-03-30,S02,Stationery & General,4882.329999999999
2024-03-30,S03,Baby Care,24596.38
2024-03-30,S03,Bakery,6379.819999999999
2024-03-30,S03,Beverages,5950.379999999999
2024-03-30,S03,Bill-level adjustments,-1136.3400000000001
2024-03-30,S03,Biscuits & Snacks,3614.26
2024-03-30,S03,Confectionery,10185.399999999998
2024-03-30,S03,Dairy,16744.750000000004
2024-03-30,S03,Edible Oils,32312.660000000003
2024-03-30,S03,Frozen & Ready to Eat,9566.8
2024-03-30,S03,Fruits & Vegetables,5776.729999999999
2024-03-30,S03,Home Care,6108.529999999999
2024-03-30,S03,Personal Care,18728.499999999996
2024-03-30,S03,Spices & Masala,7090.589999999998
2024-03-30,S03,Staples & Grains,47597.560000000005
2024-03-30,S03,Stationery & General,6547.949999999999
2024-03-30,S04,Baby Care,16876.25
2024-03-30,S04,Bakery,2821.980000000001
2024-03-30,S04,Beverages,3772.3099999999995
2024-03-30,S04,Bill-level adjustments,-1505.19
2024-03-30,S04,Biscuits & Snacks,1163.71
2024-03-30,S04,Confectionery,5590.239999999999
2024-03-30,S04,Dairy,9088.980000000001
2024-03-30,S04,Edible Oils,11919.27
2024-03-30,S04,Frozen & Ready to Eat,7868.490000000001
2024-03-30,S04,Fruits & Vegetables,3993.72
2024-03-30,S04,Home Care,4190.99
2024-03-30,S04,Personal Care,16333.980000000001
2024-03-30,S04,Spices & Masala,2523.2900000000004
2024-03-30,S04,Staples & Grains,23696.95
2024-03-30,S04,Stationery & General,9003.14
2024-03-30,S05,Baby Care,12648.770000000002
2024-03-30,S05,Bakery,2024.77
2024-03-30,S05,Beverages,3697.55
2024-03-30,S05,Bill-level adjustments,-1141.43
2024-03-30,S05,Biscuits & Snacks,1754.11
2024-03-30,S05,Confectionery,4858.8099999999995
2024-03-30,S05,Dairy,6207.350000000001
2024-03-30,S05,Edible Oils,19679.790000000005
2024-03-30,S05,Frozen & Ready to Eat,8248.72
2024-03-30,S05,Fruits & Vegetables,4310.29
2024-03-30,S05,Home Care,9217.96
2024-03-30,S05,Personal Care,5695.2
2024-03-30,S05,Spices & Masala,3340.2099999999996
2024-03-30,S05,Staples & Grains,24870.739999999998
2024-03-30,S05,Stationery & General,5773.0199999999995
2024-03-30,S06,Baby Care,44249.060000000005
2024-03-30,S06,Bakery,3619.160000000001
2024-03-30,S06,Beverages,11742.339999999998
2024-03-30,S06,Bill-level adjustments,-3602.1299999999997
2024-03-30,S06,Biscuits & Snacks,1394.55
2024-03-30,S06,Confectionery,9439.59
2024-03-30,S06,Dairy,13183.290000000005
2024-03-30,S06,Edible Oils,31424.61
2024-03-30,S06,Frozen & Ready to Eat,13111.790000000003
2024-03-30,S06,Fruits & Vegetables,6688.719999999999
2024-03-30,S06,Home Care,12182.37
2024-03-30,S06,Personal Care,11655.02
2024-03-30,S06,Spices & Masala,9556.810000000001
2024-03-30,S06,Staples & Grains,60327.73000000001
2024-03-30,S06,Stationery & General,9743.79
2024-03-30,S07,Baby Care,19382.12
2024-03-30,S07,Bakery,2997.11
2024-03-30,S07,Beverages,2850.1899999999996
2024-03-30,S07,Bill-level adjustments,-1710.31
2024-03-30,S07,Biscuits & Snacks,908.01
2024-03-30,S07,Confectionery,4002.1199999999994
2024-03-30,S07,Dairy,5054.180000000001
2024-03-30,S07,Edible Oils,21871.120000000003
2024-03-30,S07,Frozen & Ready to Eat,7515.009999999998
2024-03-30,S07,Fruits & Vegetables,2981.0499999999997
2024-03-30,S07,Home Care,905.8
2024-03-30,S07,Personal Care,7556.4400000000005
2024-03-30,S07,Spices & Masala,3647.14
2024-03-30,S07,Staples & Grains,10941.8
2024-03-30,S07,Stationery & General,5593.22
2024-03-30,S08,Baby Care,6332.23
2024-03-30,S08,Bakery,1536.98
2024-03-30,S08,Beverages,7373.7
2024-03-30,S08,Bill-level adjustments,-1477.88
2024-03-30,S08,Biscuits & Snacks,2061.7200000000003
2024-03-30,S08,Confectionery,3823.8799999999997
2024-03-30,S08,Dairy,8269.53
2024-03-30,S08,Edible Oils,16104.65
2024-03-30,S08,Frozen & Ready to Eat,355.0300000000004
2024-03-30,S08,Fruits & Vegetables,1482.52
2024-03-30,S08,Home Care,5280.52
2024-03-30,S08,Personal Care,2191.01
2024-03-30,S08,Spices & Masala,2968.63
2024-03-30,S08,Staples & Grains,32454.210000000003
2024-03-30,S08,Stationery & General,2589.0299999999997
2024-03-30,S09,Baby Care,17230.47
2024-03-30,S09,Bakery,3176.2599999999998
2024-03-30,S09,Beverages,1593.75
2024-03-30,S09,Bill-level adjustments,-1508.3300000000002
2024-03-30,S09,Biscuits & Snacks,918.01
2024-03-30,S09,Confectionery,3557.46
2024-03-30,S09,Dairy,4225.970000000001
2024-03-30,S09,Edible Oils,27199.7
2024-03-30,S09,Frozen & Ready to Eat,7350.369999999999
2024-03-30,S09,Fruits & Vegetables,4780.89
2024-03-30,S09,Home Care,4703.49
2024-03-30,S09,Personal Care,7691.22
2024-03-30,S09,Spices & Masala,2925.9399999999996
2024-03-30,S09,Staples & Grains,21650.36
2024-03-30,S09,Stationery & General,3133.4199999999996
2024-03-30,S10,Baby Care,24322.200000000004
2024-03-30,S10,Bakery,3201.8499999999995
2024-03-30,S10,Beverages,6164.799999999999
2024-03-30,S10,Bill-level adjustments,-642.34
2024-03-30,S10,Biscuits & Snacks,4809.69
2024-03-30,S10,Confectionery,4619.159999999999
2024-03-30,S10,Dairy,17047.05
2024-03-30,S10,Edible Oils,29363.679999999993
2024-03-30,S10,Frozen & Ready to Eat,5782.12
2024-03-30,S10,Fruits & Vegetables,5516.129999999999
2024-03-30,S10,Home Care,11983.800000000003
2024-03-30,S10,Personal Care,10464.18
2024-03-30,S10,Spices & Masala,8040.06
2024-03-30,S10,Staples & Grains,29781.480000000007
2024-03-30,S10,Stationery & General,11266.43
2024-03-30,S11,Baby Care,24314.4
2024-03-30,S11,Bakery,3205.3599999999997
2024-03-30,S11,Beverages,6405.400000000001
2024-03-30,S11,Bill-level adjustments,-1573.7799999999997
2024-03-30,S11,Biscuits & Snacks,2506.8799999999997
2024-03-30,S11,Confectionery,4193.820000000001
2024-03-30,S11,Dairy,9187.399999999998
2024-03-30,S11,Edible Oils,26934.440000000002
2024-03-30,S11,Frozen & Ready to Eat,3980.37
2024-03-30,S11,Fruits & Vegetables,3090.13
2024-03-30,S11,Home Care,5586.27
2024-03-30,S11,Personal Care,10971.620000000003
2024-03-30,S11,Spices & Masala,2457.22
2024-03-30,S11,Staples & Grains,31561.650000000005
2024-03-30,S11,Stationery & General,9595.559999999998
2024-03-30,S12,Baby Care,19228.06
2024-03-30,S12,Bakery,1774.75
2024-03-30,S12,Beverages,6346.98
2024-03-30,S12,Bill-level adjustments,-893.6899999999999
2024-03-30,S12,Biscuits & Snacks,1522.96
2024-03-30,S12,Confectionery,1694.8600000000001
2024-03-30,S12,Dairy,3981.6599999999994
2024-03-30,S12,Edible Oils,14277.599999999999
2024-03-30,S12,Frozen & Ready to Eat,13134.86
2024-03-30,S12,Fruits & Vegetables,2658.4800000000005
2024-03-30,S12,Home Care,7557.6799999999985
2024-03-30,S12,Personal Care,5301.299999999999
2024-03-30,S12,Spices & Masala,5453.610000000001
2024-03-30,S12,Staples & Grains,16660.289999999997
2024-03-30,S12,Stationery & General,6306.45
2024-03-31,S01,Baby Care,20636.47
2024-03-31,S01,Bakery,6181.11
2024-03-31,S01,Beverages,4109.6
2024-03-31,S01,Bill-level adjustments,-2522.55
2024-03-31,S01,Biscuits & Snacks,1679.4999999999998
2024-03-31,S01,Confectionery,9107.410000000002
2024-03-31,S01,Dairy,12361.589999999998
2024-03-31,S01,Edible Oils,38461.159999999996
2024-03-31,S01,Frozen & Ready to Eat,3675.7999999999997
2024-03-31,S01,Fruits & Vegetables,6366.060000000001
2024-03-31,S01,Home Care,18981.050000000003
2024-03-31,S01,Personal Care,10285.51
2024-03-31,S01,Spices & Masala,7026.09
2024-03-31,S01,Staples & Grains,16424.53
2024-03-31,S01,Stationery & General,12471.489999999996
2024-03-31,S02,Baby Care,27114.260000000006
2024-03-31,S02,Bakery,3208.46
2024-03-31,S02,Beverages,10580.289999999999
2024-03-31,S02,Bill-level adjustments,-1581.0499999999997
2024-03-31,S02,Biscuits & Snacks,1597.25
2024-03-31,S02,Confectionery,7387.19
2024-03-31,S02,Dairy,10713.130000000001
2024-03-31,S02,Edible Oils,33474.36
2024-03-31,S02,Frozen & Ready to Eat,7153.8099999999995
2024-03-31,S02,Fruits & Vegetables,3696.4300000000003
2024-03-31,S02,Home Care,4410.97
2024-03-31,S02,Personal Care,14323.69
2024-03-31,S02,Spices & Masala,4163.320000000001
2024-03-31,S02,Staples & Grains,18052.890000000003
2024-03-31,S02,Stationery & General,6056.88
2024-03-31,S03,Baby Care,33649.56
2024-03-31,S03,Bakery,4071.79
2024-03-31,S03,Beverages,9017.44
2024-03-31,S03,Bill-level adjustments,-2365.6800000000003
2024-03-31,S03,Biscuits & Snacks,4371.379999999999
2024-03-31,S03,Confectionery,5783.0599999999995
2024-03-31,S03,Dairy,17660.420000000002
2024-03-31,S03,Edible Oils,16900.7
2024-03-31,S03,Frozen & Ready to Eat,10105.269999999999
2024-03-31,S03,Fruits & Vegetables,5776.11
2024-03-31,S03,Home Care,12090.25
2024-03-31,S03,Personal Care,13932.739999999998
2024-03-31,S03,Spices & Masala,6678.6
2024-03-31,S03,Staples & Grains,36431.649999999994
2024-03-31,S03,Stationery & General,4969.610000000001
2024-03-31,S04,Baby Care,18249.18
2024-03-31,S04,Bakery,2514.69
2024-03-31,S04,Beverages,5364.160000000001
2024-03-31,S04,Bill-level adjustments,-424.39000000000004
2024-03-31,S04,Biscuits & Snacks,2297.82
2024-03-31,S04,Confectionery,8444.56
2024-03-31,S04,Dairy,10106.11
2024-03-31,S04,Edible Oils,18219.890000000003
2024-03-31,S04,Frozen & Ready to Eat,9448.24
2024-03-31,S04,Fruits & Vegetables,5549.78
2024-03-31,S04,Home Care,7485.629999999999
2024-03-31,S04,Personal Care,8748.35
2024-03-31,S04,Spices & Masala,2775.0700000000006
2024-03-31,S04,Staples & Grains,23113.360000000004
2024-03-31,S04,Stationery & General,7508.529999999999
2024-03-31,S05,Baby Care,17099.72
2024-03-31,S05,Bakery,2337.6200000000003
2024-03-31,S05,Beverages,3370.4999999999995
2024-03-31,S05,Bill-level adjustments,-1062.91
2024-03-31,S05,Biscuits & Snacks,1563.28
2024-03-31,S05,Confectionery,2474.3500000000004
2024-03-31,S05,Dairy,6296.999999999999
2024-03-31,S05,Edible Oils,15499.62
2024-03-31,S05,Frozen & Ready to Eat,7126.470000000001
2024-03-31,S05,Fruits & Vegetables,1843.07
2024-03-31,S05,Home Care,2651.0
2024-03-31,S05,Personal Care,7094.889999999999
2024-03-31,S05,Spices & Masala,3049.18
2024-03-31,S05,Staples & Grains,21497.17
2024-03-31,S05,Stationery & General,7543.869999999999
2024-03-31,S06,Baby Care,35852.19
2024-03-31,S06,Bakery,2814.6
2024-03-31,S06,Beverages,6178.139999999999
2024-03-31,S06,Bill-level adjustments,-1402.1899999999998
2024-03-31,S06,Biscuits & Snacks,1825.28
2024-03-31,S06,Confectionery,4771.12
2024-03-31,S06,Dairy,11861.339999999998
2024-03-31,S06,Edible Oils,19767.03
2024-03-31,S06,Frozen & Ready to Eat,7296.61
2024-03-31,S06,Fruits & Vegetables,4331.989999999999
2024-03-31,S06,Home Care,6909.78
2024-03-31,S06,Personal Care,11502.2
2024-03-31,S06,Spices & Masala,5060.780000000001
2024-03-31,S06,Staples & Grains,31870.009999999995
2024-03-31,S06,Stationery & General,9699.619999999997
2024-03-31,S07,Baby Care,15269.03
2024-03-31,S07,Bakery,1274.84
2024-03-31,S07,Beverages,7323.330000000001
2024-03-31,S07,Bill-level adjustments,-1558.9899999999998
2024-03-31,S07,Biscuits & Snacks,937.87
2024-03-31,S07,Confectionery,3642.92
2024-03-31,S07,Dairy,9167.220000000001
2024-03-31,S07,Edible Oils,26911.25
2024-03-31,S07,Frozen & Ready to Eat,4273.33
2024-03-31,S07,Fruits & Vegetables,2708.0000000000005
2024-03-31,S07,Home Care,5513.21
2024-03-31,S07,Personal Care,7680.27
2024-03-31,S07,Spices & Masala,2344.05
2024-03-31,S07,Staples & Grains,32059.74
2024-03-31,S07,Stationery & General,7889.63
2024-03-31,S08,Baby Care,21655.870000000003
2024-03-31,S08,Bakery,2419.11
2024-03-31,S08,Beverages,4448.639999999999
2024-03-31,S08,Bill-level adjustments,-933.0699999999999
2024-03-31,S08,Biscuits & Snacks,2230.22
2024-03-31,S08,Confectionery,3904.86
2024-03-31,S08,Dairy,8018.650000000001
2024-03-31,S08,Edible Oils,24326.319999999996
2024-03-31,S08,Frozen & Ready to Eat,8000.69
2024-03-31,S08,Fruits & Vegetables,2856.2000000000007
2024-03-31,S08,Home Care,5273.750000000001
2024-03-31,S08,Personal Care,12529.62
2024-03-31,S08,Spices & Masala,2803.6499999999996
2024-03-31,S08,Staples & Grains,11496.55
2024-03-31,S08,Stationery & General,5612.319999999999
2024-03-31,S09,Baby Care,11712.009999999998
2024-03-31,S09,Bakery,2931.94
2024-03-31,S09,Beverages,5952.000000000001
2024-03-31,S09,Bill-level adjustments,-453.74
2024-03-31,S09,Biscuits & Snacks,535.63
2024-03-31,S09,Confectionery,2361.13
2024-03-31,S09,Dairy,8374.599999999999
2024-03-31,S09,Edible Oils,7782.27
2024-03-31,S09,Frozen & Ready to Eat,6206.33
2024-03-31,S09,Fruits & Vegetables,1207.18
2024-03-31,S09,Home Care,1821.92
2024-03-31,S09,Personal Care,2834.88
2024-03-31,S09,Spices & Masala,1604.2800000000002
2024-03-31,S09,Staples & Grains,20784.84
2024-03-31,S09,Stationery & General,5227.1900000000005
2024-03-31,S10,Baby Care,44543.12000000001
2024-03-31,S10,Bakery,6418.2699999999995
2024-03-31,S10,Beverages,9935.619999999997
2024-03-31,S10,Bill-level adjustments,-2123.95
2024-03-31,S10,Biscuits & Snacks,3202.4700000000003
2024-03-31,S10,Confectionery,5098.669999999999
2024-03-31,S10,Dairy,12387.690000000002
2024-03-31,S10,Edible Oils,19919.11
2024-03-31,S10,Frozen & Ready to Eat,11934.279999999999
2024-03-31,S10,Fruits & Vegetables,4025.41
2024-03-31,S10,Home Care,11584.390000000001
2024-03-31,S10,Personal Care,12181.640000000001
2024-03-31,S10,Spices & Masala,7311.659999999998
2024-03-31,S10,Staples & Grains,33515.11000000001
2024-03-31,S10,Stationery & General,12447.650000000001
2024-03-31,S11,Baby Care,37643.37
2024-03-31,S11,Bakery,3307.8199999999997
2024-03-31,S11,Beverages,5960.570000000001
2024-03-31,S11,Bill-level adjustments,-929.34
2024-03-31,S11,Biscuits & Snacks,2168.3799999999997
2024-03-31,S11,Confectionery,6331.089999999999
2024-03-31,S11,Dairy,9357.340000000002
2024-03-31,S11,Edible Oils,18278.77
2024-03-31,S11,Frozen & Ready to Eat,9240.78
2024-03-31,S11,Fruits & Vegetables,2715.8
2024-03-31,S11,Home Care,9705.47
2024-03-31,S11,Personal Care,12830.75
2024-03-31,S11,Spices & Masala,3824.8099999999995
2024-03-31,S11,Staples & Grains,27483.43
2024-03-31,S11,Stationery & General,2895.09
2024-03-31,S12,Baby Care,22091.55
2024-03-31,S12,Bakery,2240.14
2024-03-31,S12,Beverages,6075.99
2024-03-31,S12,Bill-level adjustments,-1791.3600000000001
2024-03-31,S12,Biscuits & Snacks,494.03999999999996
2024-03-31,S12,Confectionery,4797.849999999999
2024-03-31,S12,Dairy,9304.75
2024-03-31,S12,Edible Oils,29969.530000000006
2024-03-31,S12,Frozen & Ready to Eat,4996.849999999999
2024-03-31,S12,Fruits & Vegetables,2632.03
2024-03-31,S12,Home Care,8030.869999999997
2024-03-31,S12,Personal Care,2576.97
2024-03-31,S12,Spices & Masala,5375.450000000001
2024-03-31,S12,Staples & Grains,21954.42
2024-03-31,S12,Stationery & General,3483.0799999999995
